"ID","Area","Feature","User Story","Expected Behavior","Entry Point","Key Files","Priority","Status","Test Method","Test Result","Errors/Bugs Found","Severity","Fix Status","Notes"
"API-01","API client, caching, error handling, retry, key resolution","Authenticated API request pipeline","As a signed-in user, I want every data screen to make authenticated calls to YouTube Music's internal API so that I see my personal content (home, library, search, etc.).","request(endpoint:body:ttl:) injects a context payload (clientName WEB_REMIX, clientVersion 1.20231204.01.00, hl from SettingsManager.contentLanguage.apiLanguageCode, gl US, Safari/macOS UA, utcOffsetMinutes from local TimeZone) plus the user dict. performRequest resolves the API key, builds the URL https://music.youtube.com/youtubei/v1/{endpoint}?key={apiKey}&prettyPrint=false, POSTs JSON, and attaches auth headers built in buildAuthHeaders: Cookie header for youtube.com, an Authorization SAPISIDHASH computed as '{unixTimestamp}_{SHA1(timestamp+space+SAPISID+space+origin)}', Origin/Referer/X-Origin set to WebKitManager.origin, Content-Type application/json, X-Goog-AuthUser 0. Network I/O runs off the main actor via nonisolated performNetworkRequest; the parsed JSON object is returned on the main actor. URLSession uses 15s request timeout, 30s resource timeout, gzip/deflate/br Accept-Encoding, max 6 connections per host, shared URLCache with useProtocolCachePolicy.","Any data-loading screen (Home, Library, Search, Artist, Playlist, etc.) triggers requests via the client","/Users/melboonchan/Master/Projects/YTM/kaset/Sources/Kaset/Services/API/YTMusicClient.swift","P0","Tested — Pass","Static audit + unit/VM tests; live-app smoke; UI tests in CI","Pass","","","N/A","buildAuthHeaders also logs total/youtube.com cookie counts for debugging. Origin/Referer come from WebKitManager.origin."
"API-02","API client, caching, error handling, retry, key resolution","API key resolution from bootstrap","As a user, I want the app to discover the current YouTube Music internal API key automatically so that API calls keep working without me configuring anything.","YTMusicAPIKeyProvider.apiKey() returns a cached key if present; otherwise it coalesces concurrent callers onto a single in-flight Task (apiKeyTask) so only one bootstrap fetch runs. fetchAPIKey GETs https://music.youtube.com/ with reloadIgnoringLocalCacheData, a 15s timeout, and the WebKitManager userAgent. Non-2xx responses throw YTMusicError.apiError(code:); network failures are wrapped as YTMusicError.networkError; undecodable bodies throw parseError. extractAPIKey scans the HTML with two regex patterns ( ""INNERTUBE_API_KEY"":""..."" and INNERTUBE_API_KEY=""..."" ), returning the first non-empty match; if none match it throws parseError('Bootstrap response did not contain an API key'). On success the key is cached for the process lifetime; on failure the in-flight task is cleared so the next call retries.","First API request after launch (performRequest calls apiKeyProvider.apiKey())","/Users/melboonchan/Master/Projects/YTM/kaset/Sources/Kaset/Services/API/YTMusicAPIKeyProvider.swift","P0","Fixed & retested","Static audit + unit/VM tests; live-app smoke; UI tests in CI","Pass (post-fix; 926 unit tests green; UI tests in CI)","F016(low): InnerTube API key is cached permanently with no invalidation on auth/API failure","low","Fixed (merged)","Cache is in-memory only (cachedAPIKey); no persistence across launches. Single-flight prevents duplicate bootstrap fetches."
"API-03","API client, caching, error handling, retry, key resolution","Response caching with TTL","As a user, I want recently fetched screens to load instantly from cache so that revisiting Home/Library/Artist/etc. feels fast and avoids redundant network calls.","When a request specifies a non-nil ttl, request() builds a stable cache key (APICache.stableCacheKey: SHA256 over sorted-keys JSON of the full body incl. context, prefixed by endpoint, plus the brandId mixed in via a NUL separator) and returns the cached JSON on a hit (logged as 'Cache hit'). On a miss, it executes the network call and stores the result with the given TTL. Per-endpoint TTLs: home 5 min, library 5 min, search 2 min, playlist 30 min, songMetadata 30 min, artist 1 hour, lyrics 24 hours. APICache.get removes and ignores expired entries. Requests with ttl == nil (history, get_queue all-tracks, search suggestions, mutations, next-endpoint lyrics/radio/song-metadata-step) always hit the network and are never cached.","Automatic on every cached API call","/Users/melboonchan/Master/Projects/YTM/kaset/Sources/Kaset/Services/API/APICache.swift; /Users/melboonchan/Master/Projects/YTM/kaset/Sources/Kaset/Services/API/YTMusicClient.swift","P0","Tested — Pass","Static audit + unit/VM tests; live-app smoke; UI tests in CI","Pass","","","N/A","If body JSON serialization fails, the key falls back to '{endpoint}:serialization_error_{count}' and an error is logged."
"API-04","API client, caching, error handling, retry, key resolution","Cache LRU eviction and capacity bounds","As a user, I want the in-memory cache to stay bounded so that browsing many screens does not grow memory without limit.","APICache holds at most 50 entries. On set(): at most every 30 seconds it sweeps all expired entries first; then while at/over capacity it evicts the least-recently-used entry (lowest lastAccessed). get() refreshes lastAccessed on a hit for LRU tracking. The cache is pre-allocated to capacity 50 to reduce rehashing. A stats property reports (count, expired) for debugging.","Automatic during cache writes/reads","/Users/melboonchan/Master/Projects/YTM/kaset/Sources/Kaset/Services/API/APICache.swift","P2","Tested — Pass","Static audit + unit/VM tests; live-app smoke; UI tests in CI","Pass","","","N/A","Eviction loop is unconditional once count >= maxEntries, independent of the 30s expired-sweep throttle."
"API-05","API client, caching, error handling, retry, key resolution","Account-isolated cache keys","As a user with multiple (primary + brand) accounts, I want cached data to be scoped per account so that I never see another account's home/library/search results.","Each request derives brandId from brandIdProvider() (empty string for primary, brand ID string otherwise) and folds it into both the cache key (appended after a NUL byte before SHA256) and the request context (user.onBehalfOfUser). This guarantees a brand account and the primary account hash to different cache keys for identical bodies, so a cache hit can never leak cross-account data. The active brandId is logged per request ('primary' vs the id).","Automatic; brandId supplied by AccountService.currentBrandId via AppServices wiring","/Users/melboonchan/Master/Projects/YTM/kaset/Sources/Kaset/Services/API/YTMusicClient.swift; /Users/melboonchan/Master/Projects/YTM/kaset/Sources/Kaset/Services/API/APICache.swift; /Users/melboonchan/Master/Projects/YTM/kaset/Sources/Kaset/AppServices.swift","P0","Tested — Pass","Static audit + unit/VM tests; live-app smoke; UI tests in CI","Pass","","","N/A","brandIdProvider is a weak closure to accountService set in AppServices.make()."
"API-06","API client, caching, error handling, retry, key resolution","Retry with exponential backoff","As a user on a flaky connection, I want transient failures to be retried automatically so that brief network hiccups don't break loading.","request() wraps performRequest in RetryPolicy.default (maxAttempts 3, baseDelay 1s, maxDelay 8s). On a thrown error it retries only if the error is retryable; between attempts it sleeps delay = min(1*2^attempt, 8) seconds (1s then 2s). Non-retryable YTMusicErrors are rethrown immediately without delay. After exhausting attempts the last error is thrown. YTMusicError.isRetryable: networkError true; apiError retryable only when code >= 500 (4xx not retried, nil code retried); playbackError and unknown true; authExpired/notAuthenticated/parseError/invalidInput false.","Automatic, wraps every networked API request","/Users/melboonchan/Master/Projects/YTM/kaset/Sources/Kaset/Utilities/RetryPolicy.swift; /Users/melboonchan/Master/Projects/YTM/kaset/Sources/Kaset/Models/YTMusicError.swift; /Users/melboonchan/Master/Projects/YTM/kaset/Sources/Kaset/Services/API/YTMusicClient.swift","P0","Fixed & retested","Static audit + unit/VM tests; live-app smoke; UI tests in CI","Pass (post-fix; 926 unit tests green; UI tests in CI)","F010(low): Cancelled requests are treated as retryable and mis-surfaced as network errors","low","Fixed (merged)","Cache check happens before the retry-wrapped network call, so cached hits never retry."
"API-07","API client, caching, error handling, retry, key resolution","Auth-expiry detection and re-auth trigger","As a user whose session has expired, I want the app to detect 401/403 and prompt me to sign in again so that I can restore access without a confusing failure.","performNetworkRequest maps HTTP 401/403 to .authError. performRequest then calls authService.sessionExpired() (sets state .loggedOut and needsReauth = true) and throws YTMusicError.authExpired. authExpired is non-retryable, so the retry loop stops immediately. MainWindow observes needsReauth and presents the login sheet; on account/state change it also calls APICache.shared.invalidateAll() and URLCache.shared.removeAllCachedResponses(). buildAuthHeaders also throws notAuthenticated when no youtube.com cookies exist and authExpired when the SAPISID cookie is missing/expired, before any network call.","Automatic on any API 401/403, or pre-flight cookie/SAPISID checks","/Users/melboonchan/Master/Projects/YTM/kaset/Sources/Kaset/Services/API/YTMusicClient.swift; /Users/melboonchan/Master/Projects/YTM/kaset/Sources/Kaset/Services/Auth/AuthService.swift; /Users/melboonchan/Master/Projects/YTM/kaset/Sources/Kaset/Views/MainWindow.swift","P0","Tested — Pass","Static audit + unit/VM tests; live-app smoke; UI tests in CI","Pass","","","N/A","notAuthenticated and authExpired both require re-auth (requiresReauth true) and are non-retryable."
"API-08","API client, caching, error handling, retry, key resolution","User-facing error presentation and retry UI","As a user, I want failed screens to show a clear error with a Try Again button (when retryable) so that I understand what happened and can recover.","ViewModels map thrown errors into LoadingState.error(LoadingError). LoadingError.init(from:) derives title/message/isRetryable from YTMusicError.userFriendlyTitle/userFriendlyMessage/isRetryable; NSURLErrorDomain errors become a generic 'Connection Error / Unable to connect...' retryable message; other errors become 'Error' with the localized description (retryable). ErrorView renders via ContentUnavailableView with an exclamationmark.triangle label, the message text, and a 'Try Again' glassProminent button shown only when isRetryable and a retryAction is provided. User-friendly titles: Authentication Required, Connection Error, Server Error (apiError), Data Error (parseError), Playback Error, Invalid Input, Error.","Error state on any data screen (Home, Explore, Library, Search, Artist, Playlist, Liked, History, New Releases, Top Songs, All Albums, Mood Category)","/Users/melboonchan/Master/Projects/YTM/kaset/Sources/Kaset/Models/LoadingState.swift; /Users/melboonchan/Master/Projects/YTM/kaset/Sources/Kaset/Views/SharedViews/ErrorView.swift; /Users/melboonchan/Master/Projects/YTM/kaset/Sources/Kaset/Models/YTMusicError.swift","P0","Tested — Pass","Static audit + unit/VM tests; live-app smoke; UI tests in CI","Pass","","","N/A","ErrorPresenter.swift is now an empty stub; views use ErrorView directly."
"API-09","API client, caching, error handling, retry, key resolution","Loading and cancellation states","As a user, I want screens to show loading indicators while fetching and to recover cleanly if I navigate away mid-load so that the UI never gets stuck.","ViewModels expose a LoadingState (idle/loading/loaded/loadingMore/error). On initial fetch they set .loading, then .loaded with results or .error on failure. CancellationError is handled distinctly: e.g. HomeViewModel resets to .idle on a cancelled initial load (so a later .task can retry) and leaves state unchanged on a cancelled continuation. In YTMusicClient.getArtist, a CancellationError during the best-effort duration enrichment is rethrown; other enrichment errors are swallowed. LoadingState Equatable compares error cases by message only.",".task / refresh on each data screen","/Users/melboonchan/Master/Projects/YTM/kaset/Sources/Kaset/Models/LoadingState.swift; /Users/melboonchan/Master/Projects/YTM/kaset/Sources/Kaset/ViewModels/HomeViewModel.swift; /Users/melboonchan/Master/Projects/YTM/kaset/Sources/Kaset/Services/API/YTMusicClient.swift","P1","Tested — Pass","Static audit + unit/VM tests; live-app smoke; UI tests in CI","Pass","","","N/A","loadingMore is a separate state used to show inline 'load more' spinners without replacing loaded content."
"API-10","API client, caching, error handling, retry, key resolution","Progressive pagination via continuation tokens","As a user scrolling Home/Explore/Charts/Moods/New Releases/History/Podcasts, I want more sections to load automatically as I reach the end so that I can keep browsing seamlessly.","fetchPaginatedContent stores a per-PaginatedContentType continuation token in continuationTokens after the initial browse. hasMore{X}Sections reflects whether a token exists. fetchContinuation issues a browse continuation request, appends parsed sections, and replaces the token with the next one (or nil when exhausted, ending pagination). If a continuation request throws, the token for that type is cleared (stopping further attempts) and the error is rethrown. getHistory uses ttl nil (never cached) since history changes after every play; podcasts has its own parallel getPodcasts/getPodcastsContinuation path using PodcastParser.","Scroll-to-end / load-more on Home, Explore, Charts, Moods & Genres, New Releases, History, Podcasts","/Users/melboonchan/Master/Projects/YTM/kaset/Sources/Kaset/Services/API/YTMusicClient.swift; /Users/melboonchan/Master/Projects/YTM/kaset/Sources/Kaset/Services/Protocols.swift","P0","Fixed & retested","Static audit + unit/VM tests; live-app smoke; UI tests in CI","Pass (post-fix; 926 unit tests green; UI tests in CI)","F013(low): History continuation pages are cached for 5 minutes despite history being intentionally uncached","low","Fixed (merged)","Generic continuationTokens dictionary keyed by PaginatedContentType; podcasts shares the same dictionary slot."
"API-11","API client, caching, error handling, retry, key resolution","Search (combined and filtered) with pagination","As a user, I want to search across songs, albums, artists, playlists, and podcasts and load more results so that I can find any content.","search(query:) returns a combined SearchResponse (songs/albums/artists/playlists) cached 2 min. Filtered variants pass hardcoded YouTube Music filter params: searchSongs/searchSongsWithPagination, searchAlbums, searchArtists, searchPlaylists, searchFeaturedPlaylists, searchCommunityPlaylists, searchPodcasts - each parses its single type and stores searchContinuationToken; hasMoreSearchResults reflects it. getSearchContinuation fetches the next page (cached 2 min) and updates the token; on error the token is cleared and the error rethrown. clearSearchContinuation() resets the token (e.g. starting a new query). Empty results return empty arrays rather than errors.","Search bar / category filter chips / scroll-to-end in Search","/Users/melboonchan/Master/Projects/YTM/kaset/Sources/Kaset/Services/API/YTMusicClient.swift; /Users/melboonchan/Master/Projects/YTM/kaset/Sources/Kaset/Models/SearchResponse.swift","P0","Fixed & retested","Static audit + unit/VM tests; live-app smoke; UI tests in CI","Pass (post-fix; 926 unit tests green; UI tests in CI)","F007(medium): Single shared continuation tokens for playlist / liked songs / filtered search cause cross-context pagination contamination","medium","Fixed (merged)","Filter params are documented base+filter+no-spelling-correction encodings; podcasts param is URL-percent-encoded."
"API-12","API client, caching, error handling, retry, key resolution","Search autocomplete suggestions","As a user typing in the search field, I want live autocomplete suggestions so that I can complete queries quickly.","getSearchSuggestions(query:) returns [] immediately for an empty query (no request). Otherwise it POSTs to music/get_search_suggestions with input=query and no caching (suggestions are ephemeral), parsing results via SearchSuggestionsParser. Logs at debug level.","Typing in the search field","/Users/melboonchan/Master/Projects/YTM/kaset/Sources/Kaset/Services/API/YTMusicClient.swift; /Users/melboonchan/Master/Projects/YTM/kaset/Sources/Kaset/Services/API/Parsers/SearchSuggestionsParser.swift","P1","Tested — Pass","Static audit + unit/VM tests; live-app smoke; UI tests in CI","Pass","","","N/A","No TTL means each keystroke-driven call hits the network."
"API-13","API client, caching, error handling, retry, key resolution","Library content with graceful endpoint fallbacks","As a user, I want my full library (saved playlists, followed artists, podcast shows) to load reliably even when an endpoint is sparse so that I see everything I've saved.","getLibraryContent first parses FEmusic_library_landing (a curated preview), then fetches the dedicated FEmusic_liked_playlists and FEmusic_library_corpus_artists endpoints concurrently (async let). For playlists: if the dedicated call returns a non-empty list it's used; if it returns nothing or throws, it falls back to the landing preview (logged warning). For artists: dedicated success yields source .dedicated; empty/failed dedicated falls back to landing preview with source .landingFallback. Podcast shows come from the landing parse. All three browse calls are cached 5 min (library TTL). getLibraryPlaylists is a simpler dedicated-only variant.","Library tab load/refresh","/Users/melboonchan/Master/Projects/YTM/kaset/Sources/Kaset/Services/API/YTMusicClient.swift; /Users/melboonchan/Master/Projects/YTM/kaset/Sources/Kaset/Services/API/Parsers/PlaylistParser.swift","P0","Tested — Pass","Static audit + unit/VM tests; live-app smoke; UI tests in CI","Pass","","","N/A","LibraryArtistsSource (.dedicated vs .landingFallback) lets the UI/VM know whether the artist list is complete."
"API-14","API client, caching, error handling, retry, key resolution","Liked songs via VLLM playlist with pagination","As a user, I want to see all my liked songs (not just a truncated set) and page through them so that my full Liked Music is browsable.","getLikedSongs browses VLLM (Liked Music playlist) and parses it via PlaylistParser as playlist 'LM', returning LikedSongsResponse (tracks + continuationToken) cached 5 min; hasMoreLikedSongs reflects the token. getLikedSongsContinuation pages further via playlist continuation and updates the token; on error it clears the token and rethrows. A code comment notes VLLM is used specifically because FEmusic_liked_videos is limited to ~13 songs.","Liked Music screen load / scroll-to-end","/Users/melboonchan/Master/Projects/YTM/kaset/Sources/Kaset/Services/API/YTMusicClient.swift; /Users/melboonchan/Master/Projects/YTM/kaset/Sources/Kaset/ViewModels/LikedMusicViewModel.swift","P0","Tested — Pass","Static audit + unit/VM tests; live-app smoke; UI tests in CI","Pass","","","N/A","likedSongsContinuationToken is reset on account switch via resetSessionStateForAccountSwitch."
"API-15","API client, caching, error handling, retry, key resolution","Playlist details, full-tracks queue, and pagination","As a user opening a playlist or album, I want its tracks to load (and page in) reliably so that I can browse and play the whole thing.","getPlaylist(id:) normalizes the browseId by prefix: VL/RD/OLAK/MPRE/UC used as-is, PL/other prefixed with 'VL', then browses (cached 30 min) and stores playlistContinuationToken; hasMorePlaylistTracks reflects it. getPlaylistContinuation pages further and updates the token; on error clears the token and rethrows. getPlaylistAllTracks(playlistId:) strips a leading 'VL' and uses the music/get_queue endpoint (ttl nil, never cached) to fetch all tracks in one call - noted as more reliable for radio (RDCLAK) playlists where continuation misbehaves.","Opening a playlist/album, scroll-to-end, or 'play all' actions","/Users/melboonchan/Master/Projects/YTM/kaset/Sources/Kaset/Services/API/YTMusicClient.swift; /Users/melboonchan/Master/Projects/YTM/kaset/Sources/Kaset/Services/API/Parsers/PlaylistParser.swift","P0","Fixed & retested","Static audit + unit/VM tests; live-app smoke; UI tests in CI","Pass (post-fix; 926 unit tests green; UI tests in CI)","F007(medium): Single shared continuation tokens for playlist / liked songs / filtered search cause cross-context pagination contamination; F014(low): Queue-endpoint track parsing keeps only the first artist and uses empty-string artist IDs","medium","Fixed (merged)","playlistId parsing handles album-as-playlist (OLAK/MPRE) and radio (RD) IDs distinctly."
"API-16","API client, caching, error handling, retry, key resolution","Artist detail with best-effort duration enrichment","As a user viewing an artist, I want their top songs (with durations) and albums to load, and to page through all songs/albums, so that the artist page is complete.","getArtist(id:) browses the artist (cached 1 hour) and parses detail. Because artist-page top songs lack durations, it collects songs with nil duration and calls fetchSongDurations via music/get_queue (videoIds batch) to fill them in, rebuilding affected Song objects with the resolved duration while preserving all other fields. fetchSongDurations parses both direct and wrapped playlistPanelVideoRenderer structures and uses ParsingHelpers.parseDuration on lengthText. If enrichment is cancelled it rethrows CancellationError; any other enrichment failure is swallowed (debug-logged) so the page still renders. getArtistSongs and getArtistAlbums page the full lists via browseId/params (cached 1 hour).","Opening an artist page; 'see all songs/albums'","/Users/melboonchan/Master/Projects/YTM/kaset/Sources/Kaset/Services/API/YTMusicClient.swift; /Users/melboonchan/Master/Projects/YTM/kaset/Sources/Kaset/Services/API/Parsers/ArtistParser.swift","P1","Tested — Pass","Static audit + unit/VM tests; live-app smoke; UI tests in CI","Pass","","","N/A","Enrichment only runs when at least one top song is missing a duration."
"API-17","API client, caching, error handling, retry, key resolution","Song metadata, like status, and feedback tokens","As a user, I want a song's like status, in-library state, and library add/remove tokens to be fetched so that the like and add-to-library controls reflect reality and work.","getSong(videoId:) POSTs the next endpoint (isAudioOnly, persistent playlist panel, AUTOMIX_SETTING_NORMAL) cached 30 min and parses via SongMetadataParser. The parser navigates the deeply nested singleColumnMusicWatchNextResultsRenderer path to the playlistPanelVideoRenderer (handling both direct and wrapped forms; throws parseError if absent), then extracts title (default 'Unknown'), artists (filtering separator runs ' bullet ', ' & ', ', ', ' middot '; using browseId when present else a stable hashed id), last thumbnail (normalizing '//' to https), duration, and menu data. Menu parsing reads menuServiceItemRenderer and toggleMenuServiceItemRenderer icons: LIBRARY_ADD/BOOKMARK_BORDER yields an add feedback token; LIBRARY_REMOVE/BOOKMARK marks isInLibrary true and yields a remove token; toggle items capture both add/remove tokens. likeStatus is read from topLevelButtons likeButtonRenderer (LIKE->like, DISLIKE->dislike, else indifferent).","Now-playing / track selection; powers like and add-to-library controls","/Users/melboonchan/Master/Projects/YTM/kaset/Sources/Kaset/Services/API/Parsers/SongMetadataParser.swift; /Users/melboonchan/Master/Projects/YTM/kaset/Sources/Kaset/Services/API/YTMusicClient.swift; /Users/melboonchan/Master/Projects/YTM/kaset/Sources/Kaset/Models/Song.swift","P0","Tested — Pass","Static audit + unit/VM tests; live-app smoke; UI tests in CI","Pass","","","N/A","feedbackTokens drive editSongLibraryStatus; missing tokens are tolerated (logged) and the action no-ops."
"API-18","API client, caching, error handling, retry, key resolution","Rate song (like/dislike/remove) with optimistic UI and cache invalidation","As a user, I want to like, dislike, or clear my rating on a song with instant feedback so that ratings feel responsive and survive errors gracefully.","rateSong(videoId:rating:) maps rating to endpoint (like/like, like/dislike, like/removelike) with target.videoId, then on success calls APICache.invalidateMutationCaches() (drops cached browse:/next:/like: entries so library/now-playing reflect the change). SongLikeStatusManager.rate applies the new status optimistically per active account, then calls client.rateSong; on CancellationError or any other error it rolls back to the previous status and emits a like event for reactive UI. Context menus show Like/Unlike and Dislike/Remove-Dislike conditionally based on current cached status.","Like/dislike buttons, song context menu (LikeDislikeContextMenu), now-playing controls","/Users/melboonchan/Master/Projects/YTM/kaset/Sources/Kaset/Services/API/YTMusicClient.swift; /Users/melboonchan/Master/Projects/YTM/kaset/Sources/Kaset/Services/SongLikeStatusManager.swift; /Users/melboonchan/Master/Projects/YTM/kaset/Sources/Kaset/Views/SharedViews/SongActionsHelper.swift","P0","Tested — Pass","Static audit + unit/VM tests; live-app smoke; UI tests in CI","Pass","","","N/A","Like status cache is keyed per account; setActiveAccountID switches scope on account change."
"API-19","API client, caching, error handling, retry, key resolution","Add/remove song from library via feedback tokens","As a user, I want to add or remove the current song from my library so that my saved songs stay in sync.","editSongLibraryStatus(feedbackTokens:) no-ops (with a warning log) when the token array is empty; otherwise POSTs to feedback with feedbackTokens and on success calls APICache.invalidateMutationCaches() so library views refresh. The add vs remove behavior is determined by which token (from song metadata) is passed.","Add-to-library / remove-from-library button on a song","/Users/melboonchan/Master/Projects/YTM/kaset/Sources/Kaset/Services/API/YTMusicClient.swift","P1","Tested — Pass","Static audit + unit/VM tests; live-app smoke; UI tests in CI","Pass","","","N/A","Tokens come from API-17 (SongMetadataParser menu parsing)."
"API-20","API client, caching, error handling, retry, key resolution","Subscribe/unsubscribe playlists, podcasts, and artists","As a user, I want to add or remove playlists, podcast shows, and artists from my library so that my library reflects my choices, with the UI updating optimistically.","subscribe/unsubscribeToPlaylist strips a leading 'VL' and calls like/like or like/removelike with target.playlistId, then invalidates 'browse:' caches. Podcast subscribe/unsubscribe converts the MPSPP show id to a PL playlist id (strip 'MPSPP', require remaining suffix to start with 'L', prepend 'P'; throws YTMusicError.invalidInput on malformed ids; passes non-MPSPP ids through with a warning) and calls the same endpoints. Artist subscribe/unsubscribe posts channelIds to subscription/subscribe or subscription/unsubscribe and invalidates 'browse:'. SongActionsHelper layers optimistic library updates, post-mutation refresh after ~500ms, and (for artists) a scheduled reconciliation retry loop (delays 2s then 3s) that reapplies optimistic state until the backend converges or rolls back on failure.","Add/Remove-from-library buttons and context menus on playlists, podcasts, artists","/Users/melboonchan/Master/Projects/YTM/kaset/Sources/Kaset/Services/API/YTMusicClient.swift; /Users/melboonchan/Master/Projects/YTM/kaset/Sources/Kaset/Views/SharedViews/SongActionsHelper.swift","P0","Tested — Pass","Static audit + unit/VM tests; live-app smoke; UI tests in CI","Pass","","","N/A","convertPodcastShowIdToPlaylistId is the only client method that throws invalidInput; reconciliation also clears URLCache responses."
"API-21","API client, caching, error handling, retry, key resolution","Lyrics (plain and timed/synced) with fallback","As a user, I want to view lyrics - synced when available, plain otherwise - for the playing song so that I can follow along.","getLyrics(videoId:) first calls next (no cache) to get the lyrics browseId via LyricsParser.extractLyricsBrowseId; if none, returns Lyrics.unavailable; otherwise browses the lyrics page (cached 24 hours) and parses. getTimedLyrics(videoId:) calls next, returns .synced if extractTimedLyrics finds timed data; else falls back to the browse lyrics page (cached 24h) and returns .plain when available; otherwise .unavailable.","Lyrics view / lyrics toggle in now-playing","/Users/melboonchan/Master/Projects/YTM/kaset/Sources/Kaset/Services/API/YTMusicClient.swift; /Users/melboonchan/Master/Projects/YTM/kaset/Sources/Kaset/Services/API/Parsers/LyricsParser.swift; /Users/melboonchan/Master/Projects/YTM/kaset/Sources/Kaset/Models/Lyrics.swift","P1","Tested — Pass","Static audit + unit/VM tests; live-app smoke; UI tests in CI","Pass","","","N/A","Long 24h TTL is justified because lyrics rarely change."
"API-22","API client, caching, error handling, retry, key resolution","Radio and infinite mix queues","As a user, I want radio based on a song and infinitely extending artist/mix queues so that playback can continue with similar music indefinitely.","getRadioQueue(videoId:) calls next with playlistId RDAMVM{videoId} (no cache) and returns parsed songs. getMixQueue(playlistId:startVideoId:) calls next with the given playlist id (optionally seeding videoId) and returns a RadioQueueResult with songs + continuation token. getMixQueueContinuation(continuationToken:) uses the next continuation request to fetch more songs and the next token, enabling an endless mix. All use isAudioOnly + persistent playlist panel + AUTOMIX_SETTING_NORMAL.","Play-radio / play-artist-mix actions; queue auto-extension as the mix nears its end","/Users/melboonchan/Master/Projects/YTM/kaset/Sources/Kaset/Services/API/YTMusicClient.swift; /Users/melboonchan/Master/Projects/YTM/kaset/Sources/Kaset/Services/API/Parsers/RadioQueueParser.swift","P1","Tested — Pass","Static audit + unit/VM tests; live-app smoke; UI tests in CI","Pass","","","N/A","Radio/mix calls are never cached so the queue stays fresh."
"API-23","API client, caching, error handling, retry, key resolution","Podcast discovery, show detail, and episode pagination","As a user, I want to browse podcasts, open a show with its episodes, and load more episodes so that I can explore and listen to podcasts.","getPodcasts browses FEmusic_podcasts (cached 5 min), parses discovery sections via PodcastParser, and stores a podcasts continuation token; getPodcastsContinuation pages further (clearing the token and rethrowing on error). getPodcastShow(browseId:) browses a show (cached 30 min) and parses show + episodes. getPodcastEpisodesContinuation(token:) browses more episodes via continuation (cached 30 min).","Podcasts tab, opening a show, scroll-to-end in show","/Users/melboonchan/Master/Projects/YTM/kaset/Sources/Kaset/Services/API/YTMusicClient.swift; /Users/melboonchan/Master/Projects/YTM/kaset/Sources/Kaset/Services/API/Parsers/PodcastParser.swift","P1","Tested — Pass","Static audit + unit/VM tests; live-app smoke; UI tests in CI","Pass","","","N/A","Podcast discovery returns [PodcastSection] rather than HomeResponse."
"API-24","API client, caching, error handling, retry, key resolution","Mood/genre category browse","As a user, I want to open a mood/genre category and see its curated sections so that I can discover music by mood or genre.","getMoodCategory(browseId:params:) browses the category (optionally including params extracted from the navigation button) cached 5 min and returns a HomeResponse of sections via HomeResponseParser.","Tapping a mood/genre tile from Moods & Genres","/Users/melboonchan/Master/Projects/YTM/kaset/Sources/Kaset/Services/API/YTMusicClient.swift; /Users/melboonchan/Master/Projects/YTM/kaset/Sources/Kaset/ViewModels/MoodCategoryViewModel.swift","P2","Tested — Pass","Static audit + unit/VM tests; live-app smoke; UI tests in CI","Pass","","","N/A","Reuses the generic home-section parsing/rendering path."
"API-25","API client, caching, error handling, retry, key resolution","Account list and account-switch session reset","As a user with brand accounts, I want to list and switch accounts and have the app fully reset cached/session state so that I never see stale or cross-account data after switching.","fetchAccountsList() POSTs account/accounts_list (no cache) and parses primary + brand accounts; AccountService.fetchAccounts restores a previously saved brand selection from UserDefaults (or the API-selected/first account), updates SongLikeStatusManager active account, and records lastError/errorSequence for toast display on failure. switchAccount updates local state, calls client.resetSessionStateForAccountSwitch() (clearing all continuation tokens: paginated, search, liked songs, playlist), repoints the like-status cache scope, persists the selection, and rolls back on failure. On currentAccount change MainWindow also calls APICache.invalidateAll() and URLCache.removeAllCachedResponses() and refreshes content + current-track metadata.","Account switcher menu","/Users/melboonchan/Master/Projects/YTM/kaset/Sources/Kaset/Services/API/YTMusicClient.swift; /Users/melboonchan/Master/Projects/YTM/kaset/Sources/Kaset/Services/Auth/AccountService.swift; /Users/melboonchan/Master/Projects/YTM/kaset/Sources/Kaset/Views/MainWindow.swift","P0","Fixed & retested","Static audit + unit/VM tests; live-app smoke; UI tests in CI","Pass (post-fix; 926 unit tests green; UI tests in CI)","F020(medium): Switching sidebar tabs destroys each tab's NavigationStack, losing the user's drill-down position","medium","Fixed (merged)","Server-side identity switch is not implemented; switching is local state + onBehalfOfUser context + cache isolation. A UITest hook can force a mock switch failure."
"API-26","API client, caching, error handling, retry, key resolution","Robust response parsing helpers (artwork, durations, IDs, dedup-safe identity)","As a user, I want titles, artists, artwork, durations, and album info to render correctly even when YouTube Music's response shapes vary so that lists look clean and complete.","ParsingHelpers extracts thumbnails from many shapes (musicThumbnailRenderer, croppedSquareThumbnailRenderer, foregroundThumbnail, direct arrays) and normalizes protocol-relative '//' URLs to https. Durations parse from fixed/flex columns, overlay play-button accessibility labels ('X minutes, Y seconds' or 'm:ss'), or 'm:ss'/'h:mm:ss' strings. Artist extraction from flex columns prefers navigable (UC/MPLAUC) browseIds, falls back to text-only names (filtering separators, content-type keywords like Song/Album, and non-artist metadata such as durations, 4-digit years, and 'views/plays/streams' stat strings) so album rows still show the artist instead of 'Unknown Artist'. stableId() generates deterministic SHA256-derived IDs to avoid SwiftUI identity churn on refresh. Song also exposes a fallback YouTube thumbnail (i.ytimg.com hqdefault) when the API provides none, and a durationDisplay of '--:--' when duration is unknown.","Indirect: every list/grid/now-playing surface that renders parsed songs/albums/artists","/Users/melboonchan/Master/Projects/YTM/kaset/Sources/Kaset/Services/API/Parsers/ParsingHelpers.swift; /Users/melboonchan/Master/Projects/YTM/kaset/Sources/Kaset/Models/Song.swift; /Users/melboonchan/Master/Projects/YTM/kaset/Sources/Kaset/Services/API/Parsers/SongMetadataParser.swift","P1","Fixed & retested","Static audit + unit/VM tests; live-app smoke; UI tests in CI","Pass (post-fix; 926 unit tests green; UI tests in CI)","F012(low): ParsingHelpers.extractArtists lacks the non-artist filtering used elsewhere; stray subtitle tokens become fake artists","low","Fixed (merged)","Song equality/hash is by videoId, which supports dedup and stable list identity across refreshes."
"API-27","API client, caching, error handling, retry, key resolution","Continuation request endpoint routing","As a user paging through different content types, I want the app to call the correct continuation endpoint so that more results actually load for browse, search, and queue/mix surfaces.","Two private continuation helpers route correctly: requestContinuation(token:ttl:) posts to the browse endpoint with continuation=token (used by home/explore/charts/moods/new-releases/history/podcasts/liked/playlist, default home TTL or caller-supplied), while requestContinuation(token:body:) posts to the next endpoint merging continuation into the supplied body (used by mix-queue continuation). Search continuation uses the browse helper with search TTL. This routing prevents calling the wrong endpoint for queue vs browse continuations.","Indirect: any load-more across browse/search/queue surfaces","/Users/melboonchan/Master/Projects/YTM/kaset/Sources/Kaset/Services/API/YTMusicClient.swift","P2","Tested — Pass","Static audit + unit/VM tests; live-app smoke; UI tests in CI","Pass","","","N/A","Overloaded requestContinuation distinguishes browse vs next endpoints by signature."
"AUTH-01","Auth, accounts, account switching, login","Onboarding sign-in entry","As a signed-out user, I want a welcome screen with a clear sign-in call to action so that I can start using my YouTube Music account.","When AuthService.state is .loggedOut, MainWindow renders OnboardingView instead of authenticated content. OnboardingView shows the cassette icon, 'Welcome to Boombox' title, a feature list (Background Playback, Native Interface, Media Keys, Your Library), and a glass-prominent 'Sign in with Google' button with caption 'Sign in to access your YouTube Music library'. Tapping the button sets showLoginSheet=true, presenting LoginSheet as a sheet (520x700). The window enforces minWidth 500 / minHeight 500.","'Sign in with Google' button on the OnboardingView welcome screen","/Users/melboonchan/Master/Projects/YTM/kaset/Sources/Kaset/Views/OnboardingView.swift; /Users/melboonchan/Master/Projects/YTM/kaset/Sources/Kaset/Views/MainWindow.swift","P0","Tested — Pass","Static audit + unit/VM tests; live-app smoke; UI tests in CI","Pass","","","N/A","OnboardingView itself handles its own login sheet (separate from MainWindow.showLoginSheet)."
"AUTH-02","Auth, accounts, account switching, login","App launch login-status restoration","As a returning user, I want the app to remember I'm signed in so that I land in my library without re-authenticating.","On launch MainWindow shows the initializingView (cassette icon + ProgressView) while AuthService.state == .initializing. The root .task calls authService.checkLoginStatus(), which awaits webKitManager.waitForInitialCookieRestore() (one-time Keychain->WebKit restore), logs auth cookies in DEBUG, then calls getSAPISID(). If a valid (non-expired) __Secure-3PAPISID or SAPISID cookie for youtube.com is found, state becomes .loggedIn(sapisid:) and needsReauth=false; otherwise state becomes .loggedOut. After the check, accountService.fetchAccounts() runs. The initializing view prevents an onboarding flash.","Automatic on app launch (KasetApp root .task / AuthService.checkLoginStatus)","/Users/melboonchan/Master/Projects/YTM/kaset/Sources/Kaset/Services/Auth/AuthService.swift; /Users/melboonchan/Master/Projects/YTM/kaset/Sources/Kaset/KasetApp.swift; /Users/melboonchan/Master/Projects/YTM/kaset/Sources/Kaset/Views/MainWindow.swift; /Users/melboonchan/Master/Projects/YTM/kaset/Sources/Kaset/Services/WebKit/WebKitManager.swift","P0","Tested — Pass","Static audit + unit/VM tests; live-app smoke; UI tests in CI","Pass","","","N/A","getSAPISID treats an expired auth cookie as not-found (returns nil), forcing logged-out state."
"AUTH-03","Auth, accounts, account switching, login","Embedded WebView Google sign-in","As a user signing in, I want to log into Google/YouTube Music inside an embedded web view so that I can authenticate without leaving the app.","LoginSheet defaults to .embedded mode, showing a header ('Sign in to YouTube Music' + help text about passkeys needing Safari) and LoginWebView. LoginWebView loads https://music.youtube.com with the desktop Safari user agent and lets Google drive any sign-in redirect. When navigation finishes on a music.youtube.com host, the coordinator fires onNavigationToYouTubeMusic, triggering checkForSuccessfulLogin. A footer shows 'Passkey prompt missing or blocked?' with a 'Use Safari sign-in' button that switches loginMode to .safariFallback.","LoginSheet embedded web view (default after tapping Sign in)","/Users/melboonchan/Master/Projects/YTM/kaset/Sources/Kaset/Views/LoginSheet.swift; /Users/melboonchan/Master/Projects/YTM/kaset/Sources/Kaset/Views/LoginWebView.swift; /Users/melboonchan/Master/Projects/YTM/kaset/Sources/Kaset/Services/WebKit/WebKitManager.swift","P0","Tested — Pass","Static audit + unit/VM tests; live-app smoke; UI tests in CI","Pass","","","N/A","createLoginWebViewConfiguration uses a fresh WKUserContentController but shares the same persistent dataStore so cookies carry over."
"AUTH-04","Auth, accounts, account switching, login","Automatic login completion detection","As a user who just authenticated in the web view, I want the app to detect my login automatically so that the sheet dismisses and my content loads.","LoginSheet polls every 2s (pollTask) and also reacts to webKitManager.cookiesDidChange and to embedded navigation callbacks. checkForSuccessfulLoginAsync is guarded by isCheckingLogin (shows a small ProgressView in the header while checking), waits 300ms for cookies to settle, then calls getSAPISID(). On success it calls forceBackupCookies() (persist auth cookies to Keychain), waits another 200ms, calls authService.completeLogin(sapisid:) (state=.loggedIn, needsReauth=false), cancels the poll task, and dismisses the sheet. The poll task is cancelled on disappear.","Automatic (polling + cookie-change + navigation observers in LoginSheet)","/Users/melboonchan/Master/Projects/YTM/kaset/Sources/Kaset/Views/LoginSheet.swift; /Users/melboonchan/Master/Projects/YTM/kaset/Sources/Kaset/Services/Auth/AuthService.swift; /Users/melboonchan/Master/Projects/YTM/kaset/Sources/Kaset/Services/WebKit/WebKitManager.swift","P0","Tested — Pass","Static audit + unit/VM tests; live-app smoke; UI tests in CI","Pass","","","N/A","Concurrent triggers are de-duplicated by the isCheckingLogin guard."
"AUTH-05","Auth, accounts, account switching, login","Post-login data refresh","As a user who just signed in, I want my home, library, and account content to populate immediately so that the app is usable right after login.","MainWindow.handleAuthStateChange reacts to state changes. On .loggedIn it sets showLoginSheet=false and runs accountService.fetchAccounts(). If the transition came from .loggingIn (a fresh login), it waits 500ms for cookies to fully propagate then runs a parallel task group refreshing home, explore, and library view models for faster perceived launch.","Automatic on AuthService.state transition to .loggedIn","/Users/melboonchan/Master/Projects/YTM/kaset/Sources/Kaset/Views/MainWindow.swift; /Users/melboonchan/Master/Projects/YTM/kaset/Sources/Kaset/Services/Auth/AccountService.swift","P0","Tested — Pass","Static audit + unit/VM tests; live-app smoke; UI tests in CI","Pass","","","N/A",""
"AUTH-06","Auth, accounts, account switching, login","Safari passkey sign-in fallback","As a user whose Google passkey won't work in the embedded web view, I want to sign in via Safari and import my cookies so that I can still authenticate.","Selecting 'Use Safari sign-in' switches LoginSheet to .safariFallback, showing SafariSignInFallbackView with explanatory copy. 'Open YouTube Music in Safari' opens https://music.youtube.com specifically in Safari (com.apple.Safari); if Safari is unavailable it falls back to the default browser. A monospaced TextEditor (min height 160) accepts pasted cookie rows or a Cookie header. 'Use embedded sign-in' returns to embedded mode. The paste box is cleared on disappear.","'Use Safari sign-in' button in LoginSheet footer; 'Open YouTube Music in Safari' button","/Users/melboonchan/Master/Projects/YTM/kaset/Sources/Kaset/Views/SafariSignInFallbackView.swift; /Users/melboonchan/Master/Projects/YTM/kaset/Sources/Kaset/Views/LoginSheet.swift","P1","Tested — Pass","Static audit + unit/VM tests; live-app smoke; UI tests in CI","Pass","","","N/A",""
"AUTH-07","Auth, accounts, account switching, login","Manual auth cookie import","As a user using the Safari fallback, I want to paste my auth cookies and import them so that the app becomes signed in locally.","The 'Import Cookies' button is enabled only when the text field is non-empty and not already importing (canImportCookies). Tapping it sets isImporting (shows a ProgressView in place of the label), clears prior status/error, and calls webKitManager.importAuthCookies(from:). importAuthCookies parses pasted Netscape rows, 'Cookie:' headers, or name=value pairs, keeps only allowlisted youtube.com/google.com auth cookies (SAPISID, __Secure-3PAPISID, SID, etc.), de-duplicates by domain|path|name, requires a primary auth cookie (SAPISID or __Secure-3PAPISID), writes them into WebKit, backs them up to Keychain, and bumps cookiesDidChange. On success the paste box is cleared and a green status 'Imported N auth cookies locally. Checking login...' shows, then onImportCompleted triggers login detection (AUTH-04).","'Import Cookies' button in SafariSignInFallbackView","/Users/melboonchan/Master/Projects/YTM/kaset/Sources/Kaset/Views/SafariSignInFallbackView.swift; /Users/melboonchan/Master/Projects/YTM/kaset/Sources/Kaset/Services/WebKit/WebKitManager.swift; /Users/melboonchan/Master/Projects/YTM/kaset/Sources/Kaset/Services/WebKit/WebKitManager+Cookies.swift","P1","Tested — Pass","Static audit + unit/VM tests; live-app smoke; UI tests in CI","Pass","","","N/A",""
"AUTH-08","Auth, accounts, account switching, login","Cookie import validation errors","As a user importing cookies, I want clear error messages when the paste is invalid so that I know what to fix.","importAuthCookies throws localized AuthCookieImportError values surfaced in a red Label under the editor: emptyInput ('Paste one or more YouTube or Google auth cookies first.'), noSupportedCookies ('No supported YouTube Music auth cookies were found. Include SAPISID or __Secure-3PAPISID from Safari.'), and missingPrimaryAuthCookie ('The import needs SAPISID or __Secure-3PAPISID so YouTube Music API requests can be signed.'). On any error the paste box is NOT cleared, isImporting resets to false, and onImportCompleted is not called. Cookies with expired expiresDate or non-allowlisted domains are silently dropped during parsing.","'Import Cookies' button when input is empty/invalid","/Users/melboonchan/Master/Projects/YTM/kaset/Sources/Kaset/Services/WebKit/WebKitManager+Cookies.swift; /Users/melboonchan/Master/Projects/YTM/kaset/Sources/Kaset/Views/SafariSignInFallbackView.swift","P1","Tested — Pass","Static audit + unit/VM tests; live-app smoke; UI tests in CI","Pass","","","N/A",""
"AUTH-09","Auth, accounts, account switching, login","Sign out","As a signed-in user, I want to sign out so that my account and cached data are removed from the app.","In Settings > General, the Account row shows status text ('Signed in to YouTube Music' vs 'Not signed in') and, only when logged in, a 'Sign Out' button. Tapping it calls authService.signOut(): clears all WebKit website data (cookies, cache) and deletes Keychain cookies via clearAllData(), sets state=.loggedOut and needsReauth=false. The state change drives MainWindow.handleAuthStateChange's .loggedOut case which calls accountService.clearAccounts() (empties accounts, nils currentAccount, removes the saved brand id from UserDefaults, clears the song-like cache, and clears the active account id), so the UI returns to OnboardingView.","'Sign Out' button in GeneralSettingsView (Settings > General > Account)","/Users/melboonchan/Master/Projects/YTM/kaset/Sources/Kaset/Views/GeneralSettingsView.swift; /Users/melboonchan/Master/Projects/YTM/kaset/Sources/Kaset/Services/Auth/AuthService.swift; /Users/melboonchan/Master/Projects/YTM/kaset/Sources/Kaset/Services/Auth/AccountService.swift; /Users/melboonchan/Master/Projects/YTM/kaset/Sources/Kaset/Services/WebKit/WebKitManager.swift","P0","Fixed & retested","Static audit + unit/VM tests; live-app smoke; UI tests in CI","Pass (post-fix; 926 unit tests green; UI tests in CI)","F008(low): Sign-out does not clear APICache/URLCache; cross-account stale data leak when account identity can't be resolved","low","Fixed (merged)",""
"AUTH-10","Auth, accounts, account switching, login","Session-expiry re-authentication prompt","As a user whose session expired mid-use, I want the app to detect the expiry and prompt me to sign in again so that I can recover without restarting.","When an API request returns HTTP 401/403, YTMusicClient calls authService.sessionExpired() and throws YTMusicError.authExpired. sessionExpired sets state=.loggedOut and needsReauth=true. MainWindow observes needsReauth and, when true, sets showLoginSheet=true to present LoginSheet. The .loggedOut transition also clears accounts. Completing login resets needsReauth to false.","Automatic on API 401/403 (YTMusicClient -> AuthService.sessionExpired -> MainWindow needsReauth observer)","/Users/melboonchan/Master/Projects/YTM/kaset/Sources/Kaset/Services/API/YTMusicClient.swift; /Users/melboonchan/Master/Projects/YTM/kaset/Sources/Kaset/Services/Auth/AuthService.swift; /Users/melboonchan/Master/Projects/YTM/kaset/Sources/Kaset/Views/MainWindow.swift; /Users/melboonchan/Master/Projects/YTM/kaset/Sources/Kaset/Models/YTMusicError.swift","P0","Tested — Pass","Static audit + unit/VM tests; live-app smoke; UI tests in CI","Pass","","","N/A",""
"AUTH-11","Auth, accounts, account switching, login","Sidebar profile display (logged-in)","As a signed-in user, I want to see my account name, handle, and avatar in the sidebar so that I know which account is active.","When logged in and accountService.currentAccount is set, SidebarProfileView shows a profile button with the avatar (cached thumbnail or person.fill placeholder), the account name, and the handle if present. A chevron.up.chevron.down indicator appears only when hasBrandAccounts (more than one account). Tapping the button opens the AccountSwitcherPopover only if hasBrandAccounts; with a single account the button is effectively inert.","Profile button at the bottom of the sidebar","/Users/melboonchan/Master/Projects/YTM/kaset/Sources/Kaset/Views/SidebarProfileView.swift; /Users/melboonchan/Master/Projects/YTM/kaset/Sources/Kaset/Models/UserAccount.swift","P0","Tested — Pass","Static audit + unit/VM tests; live-app smoke; UI tests in CI","Pass","","","N/A",""
"AUTH-12","Auth, accounts, account switching, login","Sidebar profile loading / error / logged-out states","As a user, I want the sidebar profile to reflect loading, error, and signed-out states so that I understand what the app is doing.","Logged-out: SidebarProfileView shows a person.crop.circle icon with 'Not signed in'. Logged-in but currentAccount not yet fetched and no error: shows a skeleton/placeholder loading row (gray circle + two bars). Logged-in with accountService.lastError set and not loading: shows an error row (orange exclamationmark.triangle.fill, 'Failed to load', 'Tap to retry'); tapping it calls accountService.clearError() then fetchAccounts() again.","Sidebar profile area (state-driven); tap-to-retry on the error row","/Users/melboonchan/Master/Projects/YTM/kaset/Sources/Kaset/Views/SidebarProfileView.swift; /Users/melboonchan/Master/Projects/YTM/kaset/Sources/Kaset/Services/Auth/AccountService.swift","P1","Tested — Pass","Static audit + unit/VM tests; live-app smoke; UI tests in CI","Pass","","","N/A",""
"AUTH-13","Auth, accounts, account switching, login","Account switcher popover","As a user with brand accounts, I want a popover listing all my accounts so that I can pick which one to use.","AccountSwitcherPopover (Liquid Glass, minWidth 280) shows a 'Switch Account' header with a ProgressView while accountService.isLoading, then a scrollable list (max height 300) of AccountRowView rows for every account, separated by indented dividers. Each row shows avatar, name, optional handle, a 'Personal'/'Brand' type badge (blue for primary, orange for brand), and a blue checkmark on the currently selected account. The popover is presented from the sidebar profile button with arrowEdge .top.","Account switcher popover (opened from sidebar profile when multiple accounts exist)","/Users/melboonchan/Master/Projects/YTM/kaset/Sources/Kaset/Views/AccountSwitcherPopover.swift; /Users/melboonchan/Master/Projects/YTM/kaset/Sources/Kaset/Views/AccountRowView.swift; /Users/melboonchan/Master/Projects/YTM/kaset/Sources/Kaset/Views/SidebarProfileView.swift","P0","Tested — Pass","Static audit + unit/VM tests; live-app smoke; UI tests in CI","Pass","","","N/A",""
"AUTH-14","Auth, accounts, account switching, login","Switch active account","As a user, I want to tap an account in the switcher to switch to it so that the app shows that account's content.","Tapping an AccountRowView calls accountService.switchAccount(to:). If the tapped account equals currentAccount it is a no-op. Otherwise isLoading=true, currentAccount is updated locally, ytMusicClient.resetSessionStateForAccountSwitch() clears continuation/pagination tokens, SongLikeStatusManager active account id is updated, and the selected account id is persisted to UserDefaults under 'selectedBrandId'. On success the popover dismisses. Note: server-side identity switching is NOT yet implemented (local state + brandId provider only).","Tapping an account row in AccountSwitcherPopover","/Users/melboonchan/Master/Projects/YTM/kaset/Sources/Kaset/Services/Auth/AccountService.swift; /Users/melboonchan/Master/Projects/YTM/kaset/Sources/Kaset/Views/AccountSwitcherPopover.swift; /Users/melboonchan/Master/Projects/YTM/kaset/Sources/Kaset/AppServices.swift","P0","Tested — Pass","Static audit + unit/VM tests; live-app smoke; UI tests in CI","Pass","","","N/A","AppServices wires realClient.brandIdProvider to accountService.currentBrandId so subsequent API calls carry the active brand id."
"AUTH-15","Auth, accounts, account switching, login","Content refresh after account switch","As a user who switched accounts, I want all content and the now-playing track to refresh for the new account so that I don't see stale data.","MainWindow observes accountService.currentAccount?.id. On change it calls playerService.resetTrackStatus(), invalidates APICache.shared.invalidateAll() and URLCache.shared.removeAllCachedResponses(). If the new account id is non-nil it resets history, then runs a parallel task group: refreshAllContent() (home, explore, new releases, liked music, history, library) plus, if a track is playing, re-fetches the current song's metadata for the new account.","Automatic on accountService.currentAccount?.id change","/Users/melboonchan/Master/Projects/YTM/kaset/Sources/Kaset/Views/MainWindow.swift","P0","Tested — Pass","Static audit + unit/VM tests; live-app smoke; UI tests in CI","Pass","","","N/A",""
"AUTH-16","Auth, accounts, account switching, login","Account switch failure toast","As a user whose account switch failed, I want an error toast and the popover to stay open so that I can retry.","If switchAccount throws, AccountService rolls currentAccount back to the previous account, restores the previous active account id in SongLikeStatusManager, records lastError with lastErrorWasFetch=false, and increments errorSequence. AccountSwitcherPopover catches the error and keeps the popover open. AccountErrorToast (overlaid at the top of MainWindow) observes errorSequence and shows a red glass ToastView reading 'Failed to switch account. Please try again.' (or the YTMusicError description); it auto-dismisses after 4s or via the dismiss button, calling clearError().","Automatic on switchAccount failure (AccountErrorToast overlay)","/Users/melboonchan/Master/Projects/YTM/kaset/Sources/Kaset/Services/Auth/AccountService.swift; /Users/melboonchan/Master/Projects/YTM/kaset/Sources/Kaset/Views/ToastView.swift; /Users/melboonchan/Master/Projects/YTM/kaset/Sources/Kaset/Views/AccountSwitcherPopover.swift","P1","Tested — Pass","Static audit + unit/VM tests; live-app smoke; UI tests in CI","Pass","","","N/A",""
"AUTH-17","Auth, accounts, account switching, login","Persisted account selection across launches","As a multi-account user, I want the app to remember my last selected account so that it reopens on the right identity.","After fetchAccounts loads the list, AccountService reads 'selectedBrandId' from UserDefaults. If a matching account exists it becomes currentAccount; if the saved id is no longer present it falls back to the API's selected account (first isSelected) or the first account. With no saved id it uses the API-selected account or the first. SongLikeStatusManager active account id is set accordingly. Sign-out / clearAccounts removes the saved id.","Automatic during AccountService.fetchAccounts on launch/login","/Users/melboonchan/Master/Projects/YTM/kaset/Sources/Kaset/Services/Auth/AccountService.swift; /Users/melboonchan/Master/Projects/YTM/kaset/Sources/Kaset/Models/AccountsListResponse.swift","P1","Tested — Pass","Static audit + unit/VM tests; live-app smoke; UI tests in CI","Pass","","","N/A",""
"AUTH-18","Auth, accounts, account switching, login","Accounts list fetch and parsing","As a signed-in user, I want my primary and brand accounts loaded from YouTube Music so that the switcher reflects my real accounts.","fetchAccounts is skipped unless authService.state.isLoggedIn. It calls ytMusicClient.fetchAccountsList() which POSTs to 'account/accounts_list' and parses via AccountsListParser. The parser walks actions->getMultiPageMenuAction->menu->multiPageMenuRenderer->sections->accountSectionListRenderer, extracts the Google email from the header, and builds a UserAccount per accountItem: name (required, from accountName.runs[0]), optional handle, last-thumbnail URL (normalized), isSelected (default false), and brandId from selectActiveIdentityEndpoint.supportedTokens[].pageIdToken.pageId. Primary accounts (no brandId) get id 'primary'; brand accounts use the brandId. Malformed responses yield an empty accounts list rather than crashing.","Automatic (AccountService.fetchAccounts -> YTMusicClient.fetchAccountsList)","/Users/melboonchan/Master/Projects/YTM/kaset/Sources/Kaset/Services/Auth/AccountService.swift; /Users/melboonchan/Master/Projects/YTM/kaset/Sources/Kaset/Services/API/Parsers/AccountsListParser.swift; /Users/melboonchan/Master/Projects/YTM/kaset/Sources/Kaset/Models/UserAccount.swift; /Users/melboonchan/Master/Projects/YTM/kaset/Sources/Kaset/Services/API/YTMusicClient.swift","P1","Tested — Pass","Static audit + unit/VM tests; live-app smoke; UI tests in CI","Pass","","","N/A",""
"AUTH-19","Auth, accounts, account switching, login","Accounts fetch failure handling","As a user, I want a graceful error path when account loading fails so that the app stays usable and I can retry.","If fetchAccountsList throws, AccountService records lastError, sets lastErrorWasFetch=true, and increments errorSequence (isLoading is reset via defer). The sidebar profile shows its error/retry row (AUTH-12) and AccountErrorToast shows 'Failed to load accounts. Please try again.' (or the YTMusicError description). Retry is available via the sidebar error row's tap gesture (clearError + fetchAccounts).","Automatic on fetchAccounts failure (sidebar error row + AccountErrorToast)","/Users/melboonchan/Master/Projects/YTM/kaset/Sources/Kaset/Services/Auth/AccountService.swift; /Users/melboonchan/Master/Projects/YTM/kaset/Sources/Kaset/Views/SidebarProfileView.swift; /Users/melboonchan/Master/Projects/YTM/kaset/Sources/Kaset/Views/ToastView.swift","P1","Tested — Pass","Static audit + unit/VM tests; live-app smoke; UI tests in CI","Pass","","","N/A",""
"AUTH-20","Auth, accounts, account switching, login","Account row accessibility & visual states","As an assistive-technology or hover user, I want clear account-row affordances and labels so that I can identify and select accounts.","AccountRowView highlights on hover (lighter fill/border) and when selected (stronger fill/border + semibold name + blue checkmark). It exposes a combined accessibility element with a label of name + handle + type ('Personal'/'Brand') + 'currently selected' when applicable, the .isButton (and .isSelected when selected) traits, and a hint 'Double-tap to switch to this account'. Missing thumbnails fall back to a circular person.fill placeholder. SidebarProfileView and AccountSwitcherPopover carry accessibility identifiers for UI testing.","Account rows in the switcher and the sidebar profile button (hover / VoiceOver)","/Users/melboonchan/Master/Projects/YTM/kaset/Sources/Kaset/Views/AccountRowView.swift; /Users/melboonchan/Master/Projects/YTM/kaset/Sources/Kaset/Views/SidebarProfileView.swift; /Users/melboonchan/Master/Projects/YTM/kaset/Sources/Kaset/Views/AccountSwitcherPopover.swift","P2","Tested — Pass","Static audit + unit/VM tests; live-app smoke; UI tests in CI","Pass","","","N/A",""
"AUTH-21","Auth, accounts, account switching, login","Login auto-trigger via state","As a developer/user, I want the login sheet to appear whenever auth state requests it so that login is presented consistently from any flow.","AuthService.startLogin() sets state=.loggingIn. MainWindow.handleAuthStateChange shows showLoginSheet=true on the .loggingIn case. The same LoginSheet is presented for both this path and the needsReauth path (AUTH-10), unifying the login UI. Note OnboardingView presents its own LoginSheet directly via its button rather than through startLogin.","AuthService.startLogin() -> AuthService.state == .loggingIn observed by MainWindow","/Users/melboonchan/Master/Projects/YTM/kaset/Sources/Kaset/Services/Auth/AuthService.swift; /Users/melboonchan/Master/Projects/YTM/kaset/Sources/Kaset/Views/MainWindow.swift","P2","Tested — Pass","Static audit + unit/VM tests; live-app smoke; UI tests in CI","Pass","","","N/A",""
"AUTH-22","Auth, accounts, account switching, login","UI-test auth overrides","As a QA engineer, I want deterministic auth state in UI tests so that flows can be tested without real credentials.","In UI test mode, AuthService bypasses real cookie checks: the mockLoggedOut env flag forces .loggedOut; shouldSkipAuth forces .loggedIn with a mock SAPISID ('mock-sapisid-for-ui-tests') immediately at init and in checkLoginStatus. AccountService.switchAccount honors mockAccountSwitchFail to throw a mock YTMusicError. AppServices substitutes MockUITestYTMusicClient for the real client under UI test mode (DEBUG only).","UITestConfig environment flags at launch (no user-facing control)","/Users/melboonchan/Master/Projects/YTM/kaset/Sources/Kaset/Services/Auth/AuthService.swift; /Users/melboonchan/Master/Projects/YTM/kaset/Sources/Kaset/Services/Auth/AccountService.swift; /Users/melboonchan/Master/Projects/YTM/kaset/Sources/Kaset/AppServices.swift; /Users/melboonchan/Master/Projects/YTM/kaset/Sources/Kaset/Services/API/MockUITestYTMusicClient.swift","P2","Tested — Pass","Static audit + unit/VM tests; live-app smoke; UI tests in CI","Pass","","","N/A",""
"DET-01","Artist / Playlist / Album / Podcast detail pages","Artist detail loading and display","As a listener, I want to open an artist page and see their photo, name, subscriber count, description, top songs, and albums so that I can explore everything about the artist in one place.","On appear, if loadingState is .idle the view calls viewModel.load(), which sets state to .loading and shows LoadingView(""Loading artist...""). load() calls client.getArtist(id:). On success it stores ArtistDetail and sets .loaded, rendering a header (180x180 circular thumbnail from thumbnailURL.highQualityThumbnailURL, or a quaternary rectangle with a person.fill icon placeholder), an uppercase ""ARTIST"" label, bold title, optional subscriberCount line, and a 3-line-clamped description (only if non-empty). A Divider separates header from a ""Top songs"" section (shown only if songs non-empty) and an ""Albums"" carousel (shown only if albums non-empty). The whole view gets an accentBackground gradient derived from the high-quality thumbnail. If load() returns a detail whose name is ""Unknown Artist"" but the passed-in artist.name is not, the VM merges the original name/thumbnail back in before display.","NavigationLink to an Artist value (resolved via NavigationDestinationsModifier) from search, library, song context-menu ""Go to Artist"", or album header subtitle","/Users/melboonchan/Master/Projects/YTM/kaset/Sources/Kaset/Views/ArtistDetailView.swift; /Users/melboonchan/Master/Projects/YTM/kaset/Sources/Kaset/ViewModels/ArtistDetailViewModel.swift; /Users/melboonchan/Master/Projects/YTM/kaset/Sources/Kaset/Models/ArtistDetail.swift; /Users/melboonchan/Master/Projects/YTM/kaset/Sources/Kaset/Views/SharedViews/NavigationDestinationsModifier.swift; /Users/melboonchan/Master/Projects/YTM/kaset/Sources/Kaset/Views/AccentBackground.swift","P0","Tested — Pass","Static audit + unit/VM tests; live-app smoke; UI tests in CI","Pass","","","N/A","Concurrency guard: load() returns early if already .loading. CancellationError resets state to .idle so navigating away and back retries cleanly."
"DET-02","Artist / Playlist / Album / Podcast detail pages","Artist detail error and retry","As a listener, I want a clear error with a retry option when an artist page fails to load so that transient failures do not strand me.","If getArtist throws a non-cancellation error, loadingState becomes .error(LoadingError(from:)) and an ErrorView(error:) is shown with a retry action that calls viewModel.load() again. While in .error state the bottom PlayerBar is suppressed (the safeAreaInset omits PlayerBar when state is .error). If state is .loaded/.loadingMore but artistDetail is nil, an ""Unable to load artist"" / ""Artist not found"" ErrorView is shown with the same retry. Auth-expired (HTTP 401/403) surfaces through LoadingError as an auth-related error from the client layer.","Automatic when load fails; Retry button in ErrorView","/Users/melboonchan/Master/Projects/YTM/kaset/Sources/Kaset/Views/ArtistDetailView.swift; /Users/melboonchan/Master/Projects/YTM/kaset/Sources/Kaset/ViewModels/ArtistDetailViewModel.swift","P0","Tested — Pass","Static audit + unit/VM tests; live-app smoke; UI tests in CI","Pass","","","N/A",""
"DET-03","Artist / Playlist / Album / Podcast detail pages","Artist pull-to-refresh","As a listener, I want to refresh an artist page so that I see up-to-date songs, albums, and subscription state.","The refreshable modifier calls viewModel.refresh(), which clears artistDetail, resets showAllSongs to false, then re-runs load() (re-showing the loading state and re-fetching from the API).","Pull-to-refresh gesture on the artist ScrollView","/Users/melboonchan/Master/Projects/YTM/kaset/Sources/Kaset/Views/ArtistDetailView.swift; /Users/melboonchan/Master/Projects/YTM/kaset/Sources/Kaset/ViewModels/ArtistDetailViewModel.swift","P2","Tested — Pass","Static audit + unit/VM tests; live-app smoke; UI tests in CI","Pass","","","N/A",""
"DET-04","Artist / Playlist / Album / Podcast detail pages","Play artist top song / queue","As a listener, I want to click a top song to play it and queue the artist's other songs so that playback continues seamlessly.","Each top-song row is a button. Clicking it (or the row context-menu ""Play"") calls viewModel.getAllSongs() to fetch the artist's complete song list (via songsBrowseId/songsParams if present; otherwise uses already-loaded songs), finds the selected song's index by videoId (falling back to its display index), and calls playerService.playQueue(allSongs, startingAt: index). playQueue records undo state, clears the forward-skip stack, replaces the queue, clears mix continuation, plays the song, and persists the queue. On hover the 40x40 thumbnail dims with a 45% black overlay and shows a white play.fill; the row gets a 6% primary background highlight (animated 0.12s).","Click a row in the ""Top songs"" section; or context menu ""Play""","/Users/melboonchan/Master/Projects/YTM/kaset/Sources/Kaset/Views/ArtistDetailView.swift; /Users/melboonchan/Master/Projects/YTM/kaset/Sources/Kaset/ViewModels/ArtistDetailViewModel.swift; /Users/melboonchan/Master/Projects/YTM/kaset/Sources/Kaset/Services/Player/PlayerService+Queue.swift","P0","Tested — Pass","Static audit + unit/VM tests; live-app smoke; UI tests in CI","Pass","","","N/A","Only previewSongCount (5) songs are shown inline via displayedSongs; clicking still fetches/plays the full list. getAllSongs caches allSongs after first fetch."
"DET-05","Artist / Playlist / Album / Podcast detail pages","Shuffle all artist songs","As a listener, I want to shuffle all of an artist's songs so that I get a varied listening session.","The ""Shuffle"" button (bordered, large) calls shuffleAllSongs(): awaits viewModel.getAllSongs() to fetch the full song list, guards against empty, shuffles them, and calls playerService.playQueue(shuffled, startingAt: 0). The button is disabled only when detail.songs is empty AND hasMoreSongs is false.","""Shuffle"" button in the artist header","/Users/melboonchan/Master/Projects/YTM/kaset/Sources/Kaset/Views/ArtistDetailView.swift; /Users/melboonchan/Master/Projects/YTM/kaset/Sources/Kaset/ViewModels/ArtistDetailViewModel.swift","P1","Tested — Pass","Static audit + unit/VM tests; live-app smoke; UI tests in CI","Pass","","","N/A",""
"DET-06","Artist / Playlist / Album / Podcast detail pages","Play artist Mix (radio)","As a listener, I want to play an artist Mix so that I hear a personalized radio of related music.","The ""Mix"" button is shown only when detail.mixPlaylistId is non-nil. Tapping it calls playerService.playWithMix(playlistId: mixPlaylistId, startVideoId: nil). The player fetches a mix queue from the API (random server start since startVideoId is nil), stores a continuation token for infinite mix, client-side shuffles the returned songs, replaces the queue, sets currentTrack, plays the first song, and persists. If no client is available or the mix returns empty, it logs a warning and does nothing.","""Mix"" button in the artist header (conditional)","/Users/melboonchan/Master/Projects/YTM/kaset/Sources/Kaset/Views/ArtistDetailView.swift; /Users/melboonchan/Master/Projects/YTM/kaset/Sources/Kaset/Services/Player/PlayerService+Queue.swift","P1","Tested — Pass","Static audit + unit/VM tests; live-app smoke; UI tests in CI","Pass","","","N/A",""
"DET-07","Artist / Playlist / Album / Podcast detail pages","Subscribe/unsubscribe to artist","As a listener, I want to subscribe to or unsubscribe from an artist so that they appear in my library.","The Subscribe button is shown only if detail.channelId != nil. When not subscribed the button uses .glassProminent and reads ""Subscribe"" or ""Subscribe <count>"" (count trimmed of "" subscribers""/"" subscriber""); when subscribed it uses .bordered and reads ""Subscribed"". Tapping fires HapticService.toggle() and calls viewModel.toggleSubscription(), which sets isSubscribing=true (button shows a small ProgressView and is disabled), then calls SongActionsHelper.subscribe/unsubscribeFromArtist with optimistic library mutation, API call, library-cache invalidation, and a scheduled reconciliation that re-polls the library (with [2s,3s] retry delays) to converge with backend state. On success it flips artistDetail.isSubscribed. On failure subscriptionError is set and the optimistic library change is reverted.","Subscribe/Subscribed button in the artist header","/Users/melboonchan/Master/Projects/YTM/kaset/Sources/Kaset/Views/ArtistDetailView.swift; /Users/melboonchan/Master/Projects/YTM/kaset/Sources/Kaset/ViewModels/ArtistDetailViewModel.swift; /Users/melboonchan/Master/Projects/YTM/kaset/Sources/Kaset/Views/SharedViews/SongActionsHelper.swift","P0","Tested — Pass","Static audit + unit/VM tests; live-app smoke; UI tests in CI","Pass","","","N/A","subscriptionError is set in the VM but not surfaced via an alert on the artist page (unlike the podcast page, which does show an alert)."
"DET-08","Artist / Playlist / Album / Podcast detail pages","Artist top-song row context menu","As a listener, I want a right-click menu on artist top songs so that I can queue, favorite, like/dislike, start radio, add to library, share, or jump to the album.","Right-clicking a top-song row shows: Play Next / Add to Queue (AddToQueueContextMenu inserts/append the single song into the queue), Play (fetch-all-and-play-queue as in DET-04), Add/Remove Favorites (FavoritesManager.toggle, label swaps with heart/heart.slash), Like/Unlike/Dislike/Remove Dislike (LikeDislikeContextMenu calling the like-status API for the active account), Start Radio (playWithRadio: plays the song then fetches a radio queue in background), Add to Library (plays the song, waits 100ms, toggles library status), Share (NSSharingServicePicker shown at the mouse location, only if song.shareURL exists), and Go to Album (NavigationLink, shown only if song.album.hasNavigableId).","Right-click / control-click on a top-song row","/Users/melboonchan/Master/Projects/YTM/kaset/Sources/Kaset/Views/ArtistDetailView.swift; /Users/melboonchan/Master/Projects/YTM/kaset/Sources/Kaset/Views/SharedViews/SongActionsHelper.swift; /Users/melboonchan/Master/Projects/YTM/kaset/Sources/Kaset/Views/SharedViews/FavoritesContextMenu.swift; /Users/melboonchan/Master/Projects/YTM/kaset/Sources/Kaset/Views/SharedViews/StartRadioContextMenu.swift; /Users/melboonchan/Master/Projects/YTM/kaset/Sources/Kaset/Views/SharedViews/ShareContextMenu.swift","P1","Tested — Pass","Static audit + unit/VM tests; live-app smoke; UI tests in CI","Pass","","","N/A",""
"DET-09","Artist / Playlist / Album / Podcast detail pages","Navigate to album from artist top song","As a listener, I want to click a song's album name to open that album so that I can browse the full release.","In a top-song row, when song.album exists and album.hasNavigableId (id starts with MPRE/OLAK and has no hyphen), the album-name column is a NavigationLink to album.asPlaylistDestination() with a pointing-hand cursor and ""Go to Album"" help tooltip. If the album has no navigable id, the title is shown as plain non-interactive text. If no album, an empty 150pt-wide spacer is shown.","Click the album-name column of a top-song row, or context-menu ""Go to Album""","/Users/melboonchan/Master/Projects/YTM/kaset/Sources/Kaset/Views/ArtistDetailView.swift; /Users/melboonchan/Master/Projects/YTM/kaset/Sources/Kaset/Models/Album.swift","P1","Tested — Pass","Static audit + unit/VM tests; live-app smoke; UI tests in CI","Pass","","","N/A",""
"DET-10","Artist / Playlist / Album / Podcast detail pages","See all top songs / Top Songs view","As a listener, I want a ""See all"" link to view every top song so that I can browse and play the complete list.","The ""Top songs"" header shows a ""See all"" link only when hasMoreSongs is true (loaded songs > 5 OR API reports more). It is a NavigationLink to a TopSongsDestination carrying the seeded songs plus songsBrowseId/songsParams. TopSongsView shows LoadingView while empty+loading, otherwise lists rows (44pt thumbnails with hover play overlay, title/artist/album/duration columns). On appear it calls load(): if a browseId exists it fetches the full song list via getArtistSongs and replaces songs (keeping the seed on empty result/cancellation/error); if no browseId it just marks .loaded. Clicking a row plays playQueue(songs, startingAt: index). Rows have the same context menu plus ""Go to Artist"".","""See all"" link in the artist Top songs section","/Users/melboonchan/Master/Projects/YTM/kaset/Sources/Kaset/Views/TopSongsView.swift; /Users/melboonchan/Master/Projects/YTM/kaset/Sources/Kaset/ViewModels/TopSongsViewModel.swift; /Users/melboonchan/Master/Projects/YTM/kaset/Sources/Kaset/Models/TopSongsDestination.swift","P1","Tested — Pass","Static audit + unit/VM tests; live-app smoke; UI tests in CI","Pass","","","N/A","TopSongsView has no .error retry path that re-seeds: load() swallows errors and stays .loaded with whatever songs it has, so the ErrorView branch is effectively unreachable from load()."
"DET-11","Artist / Playlist / Album / Podcast detail pages","Artist albums carousel and navigation","As a listener, I want to browse an artist's albums in a horizontal carousel and open one so that I can listen to a release.","The ""Albums"" section (shown only if detail.albums non-empty) renders a horizontal LazyHStack of 140x140 album cards (rounded thumbnail from high-quality URL with a square.stack placeholder, 2-line title, optional year). Each card is a NavigationLink to album.asPlaylistDestination() (albums open in PlaylistDetailView). A ""See all"" link appears in the header only when hasMoreAlbums (detail.hasMoreAlbums) is true, navigating to an AllAlbumsDestination.","Scroll/click album cards in the artist Albums carousel","/Users/melboonchan/Master/Projects/YTM/kaset/Sources/Kaset/Views/ArtistDetailView.swift; /Users/melboonchan/Master/Projects/YTM/kaset/Sources/Kaset/Models/Album.swift","P1","Tested — Pass","Static audit + unit/VM tests; live-app smoke; UI tests in CI","Pass","","","N/A",""
"DET-12","Artist / Playlist / Album / Podcast detail pages","All albums grid view","As a listener, I want a full grid of an artist's albums so that I can see and open every release.","AllAlbumsView shows an adaptive LazyVGrid (140-180pt cells) of album cards, each a NavigationLink to asPlaylistDestination(). It seeds with the carousel albums, then on appear calls load(): with an albumsBrowseId it fetches the full set via getArtistAlbums and replaces albums (keeping the seed on empty result); on CancellationError it stays .loaded with the seed; on other errors it sets .error and shows ErrorView with a retry. While loading with a non-empty seed it overlays a top ProgressView; while loading empty it shows LoadingView(""Loading albums..."").","""See all"" link in the artist Albums section","/Users/melboonchan/Master/Projects/YTM/kaset/Sources/Kaset/Views/AllAlbumsView.swift; /Users/melboonchan/Master/Projects/YTM/kaset/Sources/Kaset/ViewModels/AllAlbumsViewModel.swift; /Users/melboonchan/Master/Projects/YTM/kaset/Sources/Kaset/Models/AllAlbumsDestination.swift","P1","Tested — Pass","Static audit + unit/VM tests; live-app smoke; UI tests in CI","Pass","","","N/A",""
"DET-13","Artist / Playlist / Album / Podcast detail pages","Playlist/album detail loading and display","As a listener, I want to open a playlist or album and see its artwork, title, author, metadata, and tracks so that I can play and explore it.","On appear (if .idle) load() runs: shows LoadingView(""Loading playlist...""), calls client.getPlaylist(id:). The header shows a 180x180 rounded-corner thumbnail (music.note.list placeholder), an uppercase ""ALBUM"" or ""PLAYLIST"" label depending on isAlbum (id prefix OLAK/MPRE), bold title, an author subtitle, action buttons, and a metadata line of ""<n> songs"" optionally with "" • <duration>"". Thumbnail resolves to header thumb, else original playlist thumb, else first track's thumb. If the API returns ""Unknown Playlist"" while the passed title is known, or a thumbnail is missing, it merges original playlist info and computes a merged track count. The view applies an accentBackground from the high-quality thumbnail.","NavigationLink to a Playlist value (from search, library, home, an album card, or song context-menu ""Go to Album"")","/Users/melboonchan/Master/Projects/YTM/kaset/Sources/Kaset/Views/PlaylistDetailView.swift; /Users/melboonchan/Master/Projects/YTM/kaset/Sources/Kaset/ViewModels/PlaylistDetailViewModel.swift; /Users/melboonchan/Master/Projects/YTM/kaset/Sources/Kaset/Models/Playlist.swift","P0","Tested — Pass","Static audit + unit/VM tests; live-app smoke; UI tests in CI","Pass","","","N/A","NavigationDestinationsModifier redirects Playlist values whose id is a MoodCategory to MoodCategoryDetailView instead."
"DET-14","Artist / Playlist / Album / Podcast detail pages","Playlist/album error, retry, and refresh","As a listener, I want errors and refresh handled gracefully on playlist/album pages so that I can recover from failures.","On a non-cancellation load error, state becomes .error and ErrorView(error:) is shown with a retry that calls load(); PlayerBar is hidden in the error state. If .loaded but playlistDetail is nil, an ""Unable to load playlist""/""Playlist not found"" ErrorView with retry is shown. CancellationError resets to .idle. Pull-to-refresh calls refresh(), which nils playlistDetail, resets hasMore, and reloads.","Automatic on failure; Retry button; pull-to-refresh","/Users/melboonchan/Master/Projects/YTM/kaset/Sources/Kaset/Views/PlaylistDetailView.swift; /Users/melboonchan/Master/Projects/YTM/kaset/Sources/Kaset/ViewModels/PlaylistDetailViewModel.swift","P1","Tested — Pass","Static audit + unit/VM tests; live-app smoke; UI tests in CI","Pass","","","N/A",""
"DET-15","Artist / Playlist / Album / Podcast detail pages","Radio playlist full-track fetch","As a listener, I want radio playlists to load all their tracks so that I can play the whole mix rather than a truncated list.","During load(), if the playlist id contains ""RDCLAK"" or starts with ""RD"" (radio playlist), the VM additionally calls client.getPlaylistAllTracks(playlistId:) via the queue API and, if it returns more tracks than the browse result, replaces the detail with the full track set and forces hasMore=false. If the queue API throws, it logs a warning and falls back to the browse results.","Automatic when opening a radio playlist (RD/RDCLAK id)","/Users/melboonchan/Master/Projects/YTM/kaset/Sources/Kaset/ViewModels/PlaylistDetailViewModel.swift","P1","Tested — Pass","Static audit + unit/VM tests; live-app smoke; UI tests in CI","Pass","","","N/A",""
"DET-16","Artist / Playlist / Album / Podcast detail pages","Playlist/album track pagination","As a listener, I want more tracks to load automatically as I scroll so that long playlists are fully browsable.","Each track row has a .task that, when its index is within 3 of the end and hasMore is true, calls viewModel.loadMore(). loadMore() (only when .loaded, hasMore, detail present) sets .loadingMore (showing a centered ProgressView at the list bottom), calls client.getPlaylistContinuation(), dedupes new tracks against existing videoIds, appends only unique tracks, preserves the reported track count, and updates hasMore from the response. If the continuation is nil or yields no unique tracks, hasMore is set false and pagination stops (guards radio-style overlapping data). On error/cancellation it returns to .loaded so the user can retry.","Scrolling near the end of the track list (automatic)","/Users/melboonchan/Master/Projects/YTM/kaset/Sources/Kaset/Views/PlaylistDetailView.swift; /Users/melboonchan/Master/Projects/YTM/kaset/Sources/Kaset/ViewModels/PlaylistDetailViewModel.swift","P0","Fixed & retested","Static audit + unit/VM tests; live-app smoke; UI tests in CI","Pass (post-fix; 926 unit tests green; UI tests in CI)","F023(medium): Playlist pagination relies on a single shared continuation token on the client, corrupting page loads when two playlist/album detail views are on the stack","medium","Fixed (merged)",""
"DET-17","Artist / Playlist / Album / Podcast detail pages","Play / Shuffle / Play Next / Add to Queue playlist","As a listener, I want one-tap controls to play, shuffle, queue-next, or append a whole playlist/album so that I can control playback efficiently.","Header buttons: Play (.glassProminent) plays cleaned tracks via playQueue starting at 0; Shuffle plays a shuffled copy from 0; Play Next inserts cleaned tracks immediately after the current track; Add to Queue appends cleaned tracks to the end. All four are disabled when detail.tracks is empty. cleanTracks strips literal ""Album""/""Album, "" artist noise, applies a fallback artist (album author) and fallback album/thumbnail when missing, so queued tracks always carry sensible metadata. A makeFallbackAlbum built from playlist metadata is passed in for tracks lacking album info.","Play / Shuffle / Play Next / Add to Queue buttons in the playlist header","/Users/melboonchan/Master/Projects/YTM/kaset/Sources/Kaset/Views/PlaylistDetailView.swift; /Users/melboonchan/Master/Projects/YTM/kaset/Sources/Kaset/Views/SharedViews/SongActionsHelper.swift; /Users/melboonchan/Master/Projects/YTM/kaset/Sources/Kaset/Services/Player/PlayerService+Queue.swift","P0","Tested — Pass","Static audit + unit/VM tests; live-app smoke; UI tests in CI","Pass","","","N/A",""
"DET-18","Artist / Playlist / Album / Podcast detail pages","Add/Remove playlist from library","As a listener, I want to add or remove a playlist/album from my library so that I can keep favorites for later.","The Add/Remove Library button shows ""Added to Library"" + checkmark.circle.fill when isInLibrary (library VM) or isAddedToLibrary (session flag) is true, else ""Add to Library"" + plus.circle. Tapping fires HapticService.success() and toggleLibrary(): when adding, calls SongActionsHelper.addPlaylistToLibrary (client.subscribeToPlaylist, invalidate caches, optimistic add, 500ms wait + refresh, re-add if still missing) and sets isAddedToLibrary=true; when removing, calls removePlaylistFromLibrary (unsubscribe, invalidate, optimistic remove, refresh, re-remove if still present) and sets isAddedToLibrary=false.","Add/Remove Library button in the playlist header","/Users/melboonchan/Master/Projects/YTM/kaset/Sources/Kaset/Views/PlaylistDetailView.swift; /Users/melboonchan/Master/Projects/YTM/kaset/Sources/Kaset/Views/SharedViews/SongActionsHelper.swift","P1","Tested — Pass","Static audit + unit/VM tests; live-app smoke; UI tests in CI","Pass","","","N/A",""
"DET-19","Artist / Playlist / Album / Podcast detail pages","Playlist/album track row playback and hover","As a listener, I want to play a track from the list and see clear playback affordances so that I know what is playing.","Single click on a row is intentionally a no-op; a double-click anywhere plays the track via playTrackInQueue(tracks, startingAt: index) (cleaned tracks). The leading 28pt column shows: a NowPlayingIndicator when the row is the current track, a clickable play.fill button on hover (single-click plays), or the 1-based index otherwise. Albums hide per-track thumbnails (shared art) and indent dividers 40pt; playlists show a 40pt thumbnail and indent dividers 96pt. The current track's title renders in red. Rows highlight on hover (6% primary, 0.12s animation) and animate in with a staggered appearance (index capped at 10).","Double-click a row, or hover then click the play icon","/Users/melboonchan/Master/Projects/YTM/kaset/Sources/Kaset/Views/PlaylistDetailView.swift","P0","Tested — Pass","Static audit + unit/VM tests; live-app smoke; UI tests in CI","Pass","","","N/A",""
"DET-20","Artist / Playlist / Album / Podcast detail pages","Playlist track context menu","As a listener, I want a right-click menu on tracks so that I can queue, favorite, like/dislike, start radio, add to library, share, or jump to artist/album.","Right-click shows: Play Next / Add to Queue, Play (same as double-click), Add/Remove Favorites, Like/Dislike (LikeDislikeContextMenu), Start Radio (playWithRadio), Add to Library (play+toggle), Share (if track.shareURL), Go to Artist (NavigationLink for the first artist with a navigable id), and Go to Album (NavigationLink built from track.album when album.hasNavigableId). Go-to-Artist/Album entries are omitted when no navigable id exists.","Right-click / control-click on a track row","/Users/melboonchan/Master/Projects/YTM/kaset/Sources/Kaset/Views/PlaylistDetailView.swift; /Users/melboonchan/Master/Projects/YTM/kaset/Sources/Kaset/Views/SharedViews/SongActionsHelper.swift; /Users/melboonchan/Master/Projects/YTM/kaset/Sources/Kaset/Views/SharedViews/ShareContextMenu.swift","P1","Tested — Pass","Static audit + unit/VM tests; live-app smoke; UI tests in CI","Pass","","","N/A",""
"DET-21","Artist / Playlist / Album / Podcast detail pages","Navigate to artist from album header","As a listener, I want to click the artist name on an album page so that I can open the artist's page.","The header subtitle (displayAuthor: detail.author, or the first track's artistsDisplay on albums when author is empty) is a NavigationLink to an Artist when navigableArtist resolves one — preferring detail.authorChannelId (a navigable channel id parsed from straplineTextOne/subtitle) with the author name, otherwise the first track that carries a navigable artist. The link has a pointing-hand cursor and ""Go to Artist"" tooltip. On regular (non-album) playlists, or when no navigable artist exists, the author is shown as plain text.","Click the author subtitle on an album page","/Users/melboonchan/Master/Projects/YTM/kaset/Sources/Kaset/Views/PlaylistDetailView.swift; /Users/melboonchan/Master/Projects/YTM/kaset/Sources/Kaset/Models/Playlist.swift","P1","Tested — Pass","Static audit + unit/VM tests; live-app smoke; UI tests in CI","Pass","","","N/A",""
"DET-22","Artist / Playlist / Album / Podcast detail pages","Podcast show detail loading and display","As a podcast listener, I want to open a show and see its artwork, author, description, and episodes so that I can choose what to listen to.","On appear loadShow() (only when .idle) calls client.getPodcastShow(browseId:), stores episodes, continuationToken, and isSubscribed, then sets .loaded. The header shows a 180x180 rounded artwork, bold title, optional author (title3), and a 4-line-clamped description. The Episodes section shows up to previewEpisodeCount (5) episodes via PodcastEpisodeRow; while loading it shows a centered ProgressView. The view applies an accentBackground from the show thumbnail. On error, loadingState becomes .error (logged) — note the body does not branch on .error, so it keeps rendering the (empty) episode list.","NavigationLink to a PodcastShow value (from podcast discovery, search, or library)","/Users/melboonchan/Master/Projects/YTM/kaset/Sources/Kaset/Views/PodcastDetailViews.swift; /Users/melboonchan/Master/Projects/YTM/kaset/Sources/Kaset/Models/Podcast.swift; /Users/melboonchan/Master/Projects/YTM/kaset/Sources/Kaset/Services/API/Parsers/PodcastParser.swift","P0","Fixed & retested","Static audit + unit/VM tests; live-app smoke; UI tests in CI","Pass (post-fix; 926 unit tests green; UI tests in CI)","F021(medium): PodcastShowView has no error state — a failed load shows a title with an empty episode list and no retry","medium","Fixed (merged)",""
"DET-23","Artist / Playlist / Album / Podcast detail pages","Play podcast episode and queue rest","As a podcast listener, I want to play an episode and have the rest of the show queued so that I can listen continuously.","""Play Latest"" (.glassProminent, shown only when episodes is non-empty) plays from index 0; tapping any episode row plays that episode. Both call playEpisodeInQueue(at:), which maps all episodes to Song objects (id/videoId = episode.id, artists derived from showTitle, duration from durationSeconds, thumbnail from episode) and calls playerService.playQueue(songs, startingAt: index).","""Play Latest"" button or tapping an episode row","/Users/melboonchan/Master/Projects/YTM/kaset/Sources/Kaset/Views/PodcastDetailViews.swift","P0","Tested — Pass","Static audit + unit/VM tests; live-app smoke; UI tests in CI","Pass","","","N/A",""
"DET-24","Artist / Playlist / Album / Podcast detail pages","Subscribe/Add podcast to library","As a podcast listener, I want to add or remove a show from my library so that I can follow it.","The library button shows ""In Library"" + checkmark when isSubscribed, else ""Add to Library"" + plus; while toggling it shows a small ProgressView and is disabled. Tapping calls toggleSubscription(): subscribe/unsubscribeFromPodcast (client call, cache invalidation, optimistic library add/remove, 500ms wait + refresh, re-apply if backend lags), flipping isSubscribed on success. On failure, subscriptionError is set, which presents a ""Subscription Error"" alert with the error message and an OK button.","Add to Library / In Library button in the podcast header","/Users/melboonchan/Master/Projects/YTM/kaset/Sources/Kaset/Views/PodcastDetailViews.swift; /Users/melboonchan/Master/Projects/YTM/kaset/Sources/Kaset/Views/SharedViews/SongActionsHelper.swift","P0","Tested — Pass","Static audit + unit/VM tests; live-app smoke; UI tests in CI","Pass","","","N/A",""
"DET-25","Artist / Playlist / Album / Podcast detail pages","Podcast episode row metadata and progress","As a podcast listener, I want each episode to show its duration, date, played status, and progress so that I can track what I have listened to.","PodcastEpisodeRow shows an 80x80 thumbnail, a 2-line title, the formatted duration (HH:MM:SS or MM:SS from durationSeconds, else the raw duration string), a 2-line description, the published date, a ""Played"" label (checkmark.circle.fill) when isPlayed, and a tinted ProgressView when playbackProgress > 0 and not yet played. isPlayed is derived from playbackProgressPercentage >= 95 or an explicit ""played"" text run.","Viewing episode rows on the show page or All Episodes page","/Users/melboonchan/Master/Projects/YTM/kaset/Sources/Kaset/Views/PodcastDetailViews.swift; /Users/melboonchan/Master/Projects/YTM/kaset/Sources/Kaset/Models/Podcast.swift; /Users/melboonchan/Master/Projects/YTM/kaset/Sources/Kaset/Services/API/Parsers/PodcastParser.swift","P2","Tested — Pass","Static audit + unit/VM tests; live-app smoke; UI tests in CI","Pass","","","N/A",""
"DET-26","Artist / Playlist / Album / Podcast detail pages","Favorite a podcast show","As a podcast listener, I want to pin a show to Favorites so that I can find it quickly.","Right-clicking the show artwork shows a single FavoritesContextMenu item that toggles the show in/out of Favorites via FavoritesManager (label/icon swap between ""Add to Favorites""/heart and ""Remove from Favorites""/heart.slash).","Right-click the podcast show artwork","/Users/melboonchan/Master/Projects/YTM/kaset/Sources/Kaset/Views/PodcastDetailViews.swift; /Users/melboonchan/Master/Projects/YTM/kaset/Sources/Kaset/Views/SharedViews/FavoritesContextMenu.swift","P2","Tested — Pass","Static audit + unit/VM tests; live-app smoke; UI tests in CI","Pass","","","N/A",""
"DET-27","Artist / Playlist / Album / Podcast detail pages","All episodes view with infinite scroll","As a podcast listener, I want to view all episodes of a show and load more as I scroll so that I can browse the full back catalog.","""Show All"" appears when episodes.count > 5 or a continuationToken exists; it navigates to AllEpisodesView (via showAllEpisodes binding, also reachable via AllEpisodesDestination). AllEpisodesView seeds with the initial episodes/token on first appear and lists rows; when the last row appears and a continuation token exists it shows a ProgressView and calls loadMoreEpisodes(), which (guarded against re-entrancy) fetches getPodcastEpisodesContinuation(token:), appends the new episodes, and updates the token. Tapping a row plays that episode and queues the rest. Errors are logged and silently stop further loading.","""Show All"" button in the podcast Episodes section","/Users/melboonchan/Master/Projects/YTM/kaset/Sources/Kaset/Views/PodcastDetailViews.swift; /Users/melboonchan/Master/Projects/YTM/kaset/Sources/Kaset/Models/Podcast.swift","P1","Tested — Pass","Static audit + unit/VM tests; live-app smoke; UI tests in CI","Pass","","","N/A",""
"DET-28","Artist / Playlist / Album / Podcast detail pages","Accent background from artwork","As a listener, I want detail pages to be tinted with colors from the artwork so that each page feels immersive and on-brand.","All four detail pages apply accentBackground(from: highQualityThumbnailURL). AccentBackground fetches the image, extracts a color palette, and renders a rich multi-stop gradient with a radial depth overlay in dark mode, or a subtle top tint over the window background in light mode (animated 0.5s on load, 0.3s on color-scheme change). If the URL is nil or the fetch fails, it falls back to a default palette; CancellationError on URL change is ignored silently.","Automatic background of every detail page","/Users/melboonchan/Master/Projects/YTM/kaset/Sources/Kaset/Views/AccentBackground.swift; /Users/melboonchan/Master/Projects/YTM/kaset/Sources/Kaset/Views/ArtistDetailView.swift; /Users/melboonchan/Master/Projects/YTM/kaset/Sources/Kaset/Views/PlaylistDetailView.swift; /Users/melboonchan/Master/Projects/YTM/kaset/Sources/Kaset/Views/PodcastDetailViews.swift","P2","Tested — Pass","Static audit + unit/VM tests; live-app smoke; UI tests in CI","Pass","","","N/A",""
"DET-29","Artist / Playlist / Album / Podcast detail pages","Persistent player bar on detail pages","As a listener, I want the player bar pinned at the bottom of detail pages so that I can control playback while browsing.","Artist, Playlist, TopSongs, AllAlbums, Podcast, and AllEpisodes views attach a bottom safeAreaInset hosting PlayerBar. On the artist/playlist/top-songs/all-albums views the PlayerBar is suppressed while the page is in the .error state; podcast and all-episodes views always show it. Each page sets a navigation title (artist/playlist title, ""Top songs"", ""Albums"", show title, ""All Episodes"") with hidden toolbar background.","Automatic; visible on every detail page","/Users/melboonchan/Master/Projects/YTM/kaset/Sources/Kaset/Views/ArtistDetailView.swift; /Users/melboonchan/Master/Projects/YTM/kaset/Sources/Kaset/Views/PlaylistDetailView.swift; /Users/melboonchan/Master/Projects/YTM/kaset/Sources/Kaset/Views/TopSongsView.swift; /Users/melboonchan/Master/Projects/YTM/kaset/Sources/Kaset/Views/AllAlbumsView.swift; /Users/melboonchan/Master/Projects/YTM/kaset/Sources/Kaset/Views/PodcastDetailViews.swift","P2","Tested — Pass","Static audit + unit/VM tests; live-app smoke; UI tests in CI","Pass","","","N/A",""
"EXPL-01","Explore / Discover (moods, new releases, top songs, all albums)","Open Explore page","As a listener, I want to open the Explore page from the sidebar, menu, or keyboard so I can discover curated music.","Selecting 'Explore' (Discover section of the sidebar, the Go menu 'Explore' item, or Cmd+5) sets navigationSelection to .explore and MainWindow renders ExploreView with the shared ExploreViewModel. Sidebar selection change fires HapticService.navigation(). The navigation title is 'Explore'. On first appearance the .task runs viewModel.load() only when loadingState == .idle (so re-visiting an already-loaded tab does not refetch). A bottom PlayerBar is inset at all times.","Sidebar 'Explore' row (Discover section), Go menu 'Explore', or Cmd+5","Sources/Kaset/Views/ExploreView.swift; Sources/Kaset/Views/MainWindow.swift; Sources/Kaset/Views/Sidebar.swift; Sources/Kaset/KasetApp.swift; Sources/Kaset/Models/ShortcutAction.swift","P0","Tested — Pass","Static audit + unit/VM tests; live-app smoke; UI tests in CI","Pass","","","N/A","Cmd+5 maps to kVK_ANSI_5 + cmdKey in ShortcutAction.defaultShortcut. Cmd-number order in Sidebar.cmdOrder places explore at index 4."
"EXPL-02","Explore / Discover (moods, new releases, top songs, all albums)","Load Explore content","As a listener, I want Explore to load quickly and show curated sections so I can browse new music.","load() guards against a re-entrant call (loadingState == .loading), sets state to .loading, then calls client.getExplore() which browses 'FEmusic_explore' with a home TTL cache. On success it stores response.sections after filtering out any section whose title lowercased equals 'charts' (Charts lives in the sidebar elsewhere), sets hasMoreSections from client.hasMoreExploreSections, marks state .loaded, resets continuationsLoaded to 0, and kicks off background continuation loading. While loading (or idle) a LoadingView reading 'Loading explore content...' is shown.","Automatic on first view appearance via .task","Sources/Kaset/ViewModels/ExploreViewModel.swift; Sources/Kaset/Services/API/YTMusicClient.swift","P0","Tested — Pass","Static audit + unit/VM tests; live-app smoke; UI tests in CI","Pass","","","N/A",""
"EXPL-03","Explore / Discover (moods, new releases, top songs, all albums)","Progressive background section loading (Explore)","As a listener, I want more Explore sections to appear automatically as I browse so the page feels complete without manual paging.","After initial load, startBackgroundLoading() cancels any prior task and starts a new one that sleeps 300ms (to let the UI settle), checks for cancellation, then loops loadMoreSections(): while hasMoreSections is true AND continuationsLoaded < 4 AND state is still .loaded, it calls client.getExploreContinuation(), filters out 'charts' sections, appends results, increments continuationsLoaded, and updates hasMoreSections. A nil continuation result sets hasMoreSections=false and stops; CancellationError stops quietly; any other error logs a warning and stops. The task is cancelled on refresh and in deinit.","Automatic after initial Explore load","Sources/Kaset/ViewModels/ExploreViewModel.swift","P1","Tested — Pass","Static audit + unit/VM tests; live-app smoke; UI tests in CI","Pass","","","N/A","Hard cap of 4 continuations (maxContinuations). Background load aborts if state leaves .loaded."
"EXPL-04","Explore / Discover (moods, new releases, top songs, all albums)","Explore offline / no-connection state","As a listener with no internet, I want a clear offline message with a retry option on Explore.","ExploreView observes NetworkMonitor.shared. When isConnected is false the entire content is replaced by an ErrorView titled 'No Connection' with message 'Please check your internet connection and try again.' and a retry action that runs viewModel.refresh(). This offline check takes precedence over the loadingState switch.","Automatic when NetworkMonitor reports disconnected","Sources/Kaset/Views/ExploreView.swift","P1","Tested — Pass","Static audit + unit/VM tests; live-app smoke; UI tests in CI","Pass","","","N/A",""
"EXPL-05","Explore / Discover (moods, new releases, top songs, all albums)","Explore load error & retry","As a listener, I want to retry when Explore fails to load.","If getExplore() throws a non-cancellation error, load() logs it and sets loadingState to .error(LoadingError(from: error)); HTTP 401/403 surfaces as YTMusicError.authExpired (and the client calls authService.sessionExpired()). The view shows ErrorView(error:) with a retry button that runs viewModel.refresh(). A CancellationError instead resets state to .idle silently so the .task can retry on next appearance.","Automatic on load failure; user taps retry","Sources/Kaset/Views/ExploreView.swift; Sources/Kaset/ViewModels/ExploreViewModel.swift; Sources/Kaset/Services/API/YTMusicClient.swift","P1","Tested — Pass","Static audit + unit/VM tests; live-app smoke; UI tests in CI","Pass","","","N/A",""
"EXPL-06","Explore / Discover (moods, new releases, top songs, all albums)","Pull-to-refresh Explore","As a listener, I want to refresh Explore to fetch the latest curated content.","The .refreshable handler calls viewModel.refresh(), which cancels the background load task, clears sections, resets hasMoreSections=true and continuationsLoaded=0, then calls load() again (re-fetching from getExplore, subject to home cache TTL). Refresh is also the retry action used by the offline and error states.","Pull-to-refresh gesture on the scroll view","Sources/Kaset/Views/ExploreView.swift; Sources/Kaset/ViewModels/ExploreViewModel.swift","P2","Tested — Pass","Static audit + unit/VM tests; live-app smoke; UI tests in CI","Pass","","","N/A",""
"EXPL-07","Explore / Discover (moods, new releases, top songs, all albums)","Browse Explore sections in horizontal carousels","As a listener, I want each Explore section shown as a labeled horizontal carousel of cards so I can scan content by category.","contentView renders a vertical LazyVStack (32pt spacing, 24pt horizontal / 20pt vertical padding) of sections. Each section shows its title (title2, semibold) above a non-clipped horizontal ScrollView with a LazyHStack (16pt spacing) of HomeSectionItemCard cards. Cards are built per item; for non-chart sections cards have no rank. Items enumerate by element id.","Visible after Explore content loads","Sources/Kaset/Views/ExploreView.swift; Sources/Kaset/Models/HomeSection.swift; Sources/Kaset/Views/SharedViews/HomeSectionItemCard.swift","P0","Tested — Pass","Static audit + unit/VM tests; live-app smoke; UI tests in CI","Pass","","","N/A",""
"EXPL-08","Explore / Discover (moods, new releases, top songs, all albums)","Ranked chart sections in Explore/New Releases","As a listener, I want chart-type sections to show numbered rankings so I can see top-ranked items at a glance.","When a HomeSection has isChart == true, its cards are built with rank = index + 1. HomeSectionItemCard then renders chartContent, overlaying a large rounded bold rank number (32pt) at the bottom-leading corner with a window-background-colored shadow for legibility. Non-chart sections render regularContent without a rank badge.","Automatic when a section is flagged as a chart","Sources/Kaset/Views/ExploreView.swift; Sources/Kaset/Views/NewReleasesView.swift; Sources/Kaset/Views/SharedViews/HomeSectionItemCard.swift; Sources/Kaset/Models/HomeSection.swift","P1","Fixed & retested","Static audit + unit/VM tests; live-app smoke; UI tests in CI","Pass (post-fix; 926 unit tests green; UI tests in CI)","F026(low): NewReleasesView (and History container) lack accessibility identifiers used by UI tests","low","Fixed (merged)","ExploreViewModel filters out the section literally titled 'Charts', but other isChart sections (e.g. Top 100/Trending) still render with rank badges."
"EXPL-09","Explore / Discover (moods, new releases, top songs, all albums)","Play a song from an Explore/New Releases card","As a listener, I want to tap a song card to start playback with an automatic radio queue.","Tapping a song card calls playItem, which for the .song case launches a Task calling playerService.playWithRadio(song:). This starts playback of the tapped song and fetches similar songs to build a radio queue in the background. Song cards show a glass play.fill overlay on hover and a music.note kind badge.","Click a song card in an Explore or New Releases carousel","Sources/Kaset/Views/ExploreView.swift; Sources/Kaset/Views/NewReleasesView.swift; Sources/Kaset/Views/SharedViews/HomeSectionItemCard.swift; Sources/Kaset/Services/Player/PlayerService+Queue.swift","P0","Tested — Pass","Static audit + unit/VM tests; live-app smoke; UI tests in CI","Pass","","","N/A",""
"EXPL-10","Explore / Discover (moods, new releases, top songs, all albums)","Navigate to playlist/album/artist from an Explore/New Releases card","As a listener, I want to open a playlist, album, or artist detail page from a card.","Tapping a non-song card appends a value to the local NavigationPath: a playlist appends the Playlist directly; an album is converted into a Playlist (id, title, thumbnailURL, trackCount, author=artistsDisplay, no description) and appended; an artist appends the Artist. navigationDestinations(client:) then resolves these into PlaylistDetailView / ArtistDetailView. Mood/genre playlists are special-cased (see EXPL-12).","Click a playlist/album/artist card","Sources/Kaset/Views/ExploreView.swift; Sources/Kaset/Views/NewReleasesView.swift; Sources/Kaset/Views/SharedViews/NavigationDestinationsModifier.swift","P0","Tested — Pass","Static audit + unit/VM tests; live-app smoke; UI tests in CI","Pass","","","N/A",""
"EXPL-11","Explore / Discover (moods, new releases, top songs, all albums)","Card visuals: thumbnails, placeholders, badges, density","As a listener, I want attractive, informative cards even when artwork is missing.","HomeSectionItemCard loads item.thumbnailURL.highQualityThumbnailURL via CachedAsyncImage (resizable, fill, 8pt rounded). When no thumbnail exists, it shows a placeholder: for mood playlists whose description is a '#'-prefixed hex color it uses an API-color gradient, otherwise a deterministic title-hash gradient, overlaid with a type icon (music.note / square.stack / music.note.list / person.fill). A bottom-trailing kind badge (capsule) distinguishes item types. Card width is 120pt in compact density and 160pt otherwise (SettingsManager.displayDensity); height equals width. Hovering animates isHovering (used for play overlay).","Rendered for every card","Sources/Kaset/Views/SharedViews/HomeSectionItemCard.swift; Sources/Kaset/Services/SettingsManager.swift","P2","Tested — Pass","Static audit + unit/VM tests; live-app smoke; UI tests in CI","Pass","","","N/A",""
"EXPL-12","Explore / Discover (moods, new releases, top songs, all albums)","Open a mood/genre category from Explore","As a listener, I want to tap a mood or genre tile to open a page of songs and playlists for that mood.","Mood/genre tiles arrive as playlist items whose id starts with 'FEmusic_moods_and_genres'. NavigationDestinationsModifier detects this in its Playlist destination: it parses the combined id via MoodCategory.parseId into (browseId, params) and presents MoodCategoryDetailView with a MoodCategoryViewModel built from the parsed category and the playlist's title. A direct MoodCategory navigation value resolves to the same view. If parsing fails it falls back to PlaylistDetailView.","Click a mood/genre tile in an Explore carousel","Sources/Kaset/Views/SharedViews/NavigationDestinationsModifier.swift; Sources/Kaset/Models/MoodCategory.swift; Sources/Kaset/Views/MoodCategoryDetailView.swift","P0","Tested — Pass","Static audit + unit/VM tests; live-app smoke; UI tests in CI","Pass","","","N/A","parseId base id is 'FEmusic_moods_and_genres_category'; params are everything after that plus an underscore. isMoodCategory matches the broader 'FEmusic_moods_and_genres' prefix."
"EXPL-13","Explore / Discover (moods, new releases, top songs, all albums)","Mood/genre category detail content","As a listener, I want a mood/genre page to show its sections of songs and playlists.","MoodCategoryViewModel.load() guards re-entrancy, sets .loading, calls client.getMoodCategory(browseId:params:) (browse, home TTL), stores response.sections, and marks .loaded. The view's navigation title is the category title and a LoadingView 'Loading {title}...' shows while loading. Loaded content renders the same labeled horizontal carousels as Explore. Unlike Explore there is no continuation/background loading for categories.","After navigating into a mood/genre category","Sources/Kaset/ViewModels/MoodCategoryViewModel.swift; Sources/Kaset/Views/MoodCategoryDetailView.swift; Sources/Kaset/Services/API/YTMusicClient.swift","P0","Tested — Pass","Static audit + unit/VM tests; live-app smoke; UI tests in CI","Pass","","","N/A",""
"EXPL-14","Explore / Discover (moods, new releases, top songs, all albums)","Mood/genre empty, error, and refresh states","As a listener, I want clear feedback when a mood/genre page is empty or fails, and the ability to retry.","When loaded with zero sections the view shows ContentUnavailableView('No Content Available', systemImage music.note, description 'No songs or playlists found in this category.'). On a non-cancellation error load() sets .error and the view shows ErrorView(error:) with retry running refresh(); while errored the bottom PlayerBar is hidden. CancellationError resets to .idle. .refreshable / retry calls refresh(), which clears sections and reloads. PlayerBar is shown in all non-error states.","Automatic; retry button or pull-to-refresh","Sources/Kaset/Views/MoodCategoryDetailView.swift; Sources/Kaset/ViewModels/MoodCategoryViewModel.swift","P1","Tested — Pass","Static audit + unit/VM tests; live-app smoke; UI tests in CI","Pass","","","N/A",""
"EXPL-15","Explore / Discover (moods, new releases, top songs, all albums)","Interact with items inside a mood/genre category","As a listener, I want to play songs and open playlists/albums/artists from a mood/genre page.","In MoodCategoryDetailView each item uses itemView: a song is a HomeSectionItemCard button that plays via playerService.playWithRadio(song:); a playlist uses a NavigationLink — if its id is itself a mood category it links to a parsed MoodCategory, otherwise to the Playlist; an album is converted to a Playlist and linked; an artist links to the Artist. NavigationLink labels use a hover-animated ItemCardContent card (scale 1.02 and shadow on hover) with .plain button style; this view is pushed onto the parent NavigationStack so it inherits the parent's navigation context.","Click items in a mood/genre carousel","Sources/Kaset/Views/MoodCategoryDetailView.swift","P0","Tested — Pass","Static audit + unit/VM tests; live-app smoke; UI tests in CI","Pass","","","N/A",""
"EXPL-16","Explore / Discover (moods, new releases, top songs, all albums)","Open New Releases page","As a listener, I want to open New Releases to see recently released music.","Selecting 'New Releases' (Discover section, Go menu item, or Cmd+6) sets navigationSelection to .newReleases; MainWindow renders NewReleasesView. Navigation title is 'New Releases'. The first appearance .task runs viewModel.load() only when idle. Behavior mirrors Explore (offline check, loading/loaded/error states, refreshable, swipe gestures, bottom PlayerBar).","Sidebar 'New Releases', Go menu 'New Releases', or Cmd+6","Sources/Kaset/Views/NewReleasesView.swift; Sources/Kaset/Views/MainWindow.swift; Sources/Kaset/Views/Sidebar.swift; Sources/Kaset/Models/ShortcutAction.swift","P0","Fixed & retested","Static audit + unit/VM tests; live-app smoke; UI tests in CI","Pass (post-fix; 926 unit tests green; UI tests in CI)","F026(low): NewReleasesView (and History container) lack accessibility identifiers used by UI tests","low","Fixed (merged)","Cmd+6 = kVK_ANSI_6 + cmdKey."
"EXPL-17","Explore / Discover (moods, new releases, top songs, all albums)","Load New Releases content with background paging","As a listener, I want New Releases to load fast and progressively fill in more sections.","NewReleasesViewModel.load() calls client.getNewReleases() (browse 'FEmusic_new_releases_albums', home TTL), stores response.sections (no 'Charts' filtering, unlike Explore), sets hasMoreSections from hasMoreNewReleasesSections, and starts background loading. loadMoreSections() loops up to 4 continuations via getNewReleasesContinuation(), appending sections until exhausted, cancelled, or errored. Loading shows 'Loading new releases...'; offline shows the same 'No Connection' ErrorView; failures show ErrorView with retry=refresh(); CancellationError resets to .idle.","Automatic on view appearance","Sources/Kaset/ViewModels/NewReleasesViewModel.swift; Sources/Kaset/Services/API/YTMusicClient.swift","P0","Tested — Pass","Static audit + unit/VM tests; live-app smoke; UI tests in CI","Pass","","","N/A",""
"EXPL-18","Explore / Discover (moods, new releases, top songs, all albums)","Play and navigate from New Releases cards","As a listener, I want to play songs and open albums/playlists/artists from New Releases.","NewReleasesView.playItem mirrors Explore exactly: songs start playWithRadio; playlists append to the path; albums are converted to a Playlist and appended; artists are appended; navigationDestinations resolves them. Chart sections (if present, since New Releases does not filter Charts) render ranked cards.","Click a card in a New Releases carousel","Sources/Kaset/Views/NewReleasesView.swift; Sources/Kaset/Views/SharedViews/NavigationDestinationsModifier.swift","P0","Tested — Pass","Static audit + unit/VM tests; live-app smoke; UI tests in CI","Pass","","","N/A",""
"EXPL-19","Explore / Discover (moods, new releases, top songs, all albums)","Trackpad/mouse swipe & gesture navigation in Explore/New Releases","As a listener, I want to swipe back/forward and use mouse buttons to navigate Explore and New Releases history.","navigationSwipeGestures(path:) attaches NavigationSwipeGestures to each NavigationStack. A right swipe (or two-finger scroll-swipe reaching >=0.999, or mouse button 3) pops the path (back) and pushes the popped snapshot onto a forward stack; a left swipe / mouse button 4 / scroll-swipe <=-0.999 restores the last forward snapshot. A live Safari-style chevron indicator tracks scroll-driven gestures (back chevron leading when canBack, forward chevron trailing when forward stack non-empty). Any external push (taps/links) clears the forward stack. Gestures are ignored when there is nowhere to navigate.","Two-finger trackpad swipe, scroll-wheel swipe, or extra mouse buttons","Sources/Kaset/Views/SharedViews/NavigationSwipeGestures.swift; Sources/Kaset/Views/ExploreView.swift; Sources/Kaset/Views/NewReleasesView.swift","P2","Fixed & retested","Static audit + unit/VM tests; live-app smoke; UI tests in CI","Pass (post-fix; 926 unit tests green; UI tests in CI)","F026(low): NewReleasesView (and History container) lack accessibility identifiers used by UI tests","low","Fixed (merged)",""
"EXPL-20","Explore / Discover (moods, new releases, top songs, all albums)","View all top songs for an artist","As a listener, I want to open an artist's full top-songs list from the 'See all' link.","From ArtistDetailView's Top songs section, a 'See all' NavigationLink (shown only when viewModel.hasMoreSongs) pushes a TopSongsDestination (artistId, artistName, seed songs, songsBrowseId, songsParams), resolved by navigationDestinations to TopSongsView. TopSongsViewModel seeds songs from the destination immediately. load() short-circuits to .loaded when songsBrowseId is nil (all songs already present); otherwise it fetches client.getArtistSongs(browseId:params:) (browse, artist TTL) and replaces the list only if the result is non-empty. Title is 'Top songs'; toolbar background is hidden.","'See all' next to Top songs on an Artist page","Sources/Kaset/Views/TopSongsView.swift; Sources/Kaset/ViewModels/TopSongsViewModel.swift; Sources/Kaset/Models/TopSongsDestination.swift; Sources/Kaset/Views/ArtistDetailView.swift","P1","Tested — Pass","Static audit + unit/VM tests; live-app smoke; UI tests in CI","Pass","","","N/A",""
"EXPL-21","Explore / Discover (moods, new releases, top songs, all albums)","Top songs loading & resilient error handling","As a listener, I want the top-songs list to stay usable even while loading or if the fetch fails.","If there are no seed songs yet, a LoadingView 'Loading songs...' shows; if seeds already exist, the list is shown with a small top ProgressView overlay while state == .loading. On success the list updates. Crucially, both CancellationError and any other fetch error are swallowed: the logger records the failure but loadingState is set to .loaded and the existing songs are kept (so the user never sees a top-songs error screen once seeds exist). The error-case ErrorView branch (retry calls load()) is therefore effectively only reachable if state were set to .error elsewhere.","Automatic on TopSongsView appearance","Sources/Kaset/Views/TopSongsView.swift; Sources/Kaset/ViewModels/TopSongsViewModel.swift","P1","Tested — Pass","Static audit + unit/VM tests; live-app smoke; UI tests in CI","Pass","","","N/A","Unlike AllAlbums, TopSongs never sets .error on fetch failure."
"EXPL-22","Explore / Discover (moods, new releases, top songs, all albums)","Play and act on songs in the Top Songs list","As a listener, I want to play any top song as a queue and use context-menu actions on it.","Each row is a button; clicking (or the context-menu 'Play') calls playerService.playQueue(viewModel.songs, startingAt: index) so playback starts at the chosen song with the full list queued. Rows show thumbnail (with a dark play.fill hover overlay), title, artist (150pt col), album (180pt col, a NavigationLink to the album when album.hasNavigableId else plain text, with 'Go to Album' help), and duration (50pt). Rows are separated by Dividers (inset 56pt) and highlight on hover. The context menu offers: Add to Queue, Play, Favorite (FavoritesContextMenu), Like/Dislike (LikeDislikeContextMenu), Start Radio, Add to Library, Share, Go to Artist (first artist with a navigable id), and Go to Album (when navigable).","Click a row or right-click for the context menu in Top Songs","Sources/Kaset/Views/TopSongsView.swift; Sources/Kaset/Services/Player/PlayerService+Queue.swift","P1","Tested — Pass","Static audit + unit/VM tests; live-app smoke; UI tests in CI","Pass","","","N/A",""
"EXPL-23","Explore / Discover (moods, new releases, top songs, all albums)","View all albums for an artist","As a listener, I want to open an artist's full albums list from the 'See all' link.","From ArtistDetailView's Albums section, a 'See all' NavigationLink (shown only when viewModel.hasMoreAlbums) pushes an AllAlbumsDestination (artistId, artistName, seed albums, albumsBrowseId, albumsParams), resolved to AllAlbumsView. AllAlbumsViewModel seeds albums from the destination. load() short-circuits to .loaded when albumsBrowseId is nil; otherwise it fetches client.getArtistAlbums(browseId:params:) (browse, artist TTL) and replaces the list only when non-empty. Title is 'Albums'; toolbar background is hidden.","'See all' next to Albums on an Artist page","Sources/Kaset/Views/AllAlbumsView.swift; Sources/Kaset/ViewModels/AllAlbumsViewModel.swift; Sources/Kaset/Models/AllAlbumsDestination.swift; Sources/Kaset/Views/ArtistDetailView.swift","P1","Tested — Pass","Static audit + unit/VM tests; live-app smoke; UI tests in CI","Pass","","","N/A",""
"EXPL-24","Explore / Discover (moods, new releases, top songs, all albums)","Browse all albums grid and open an album","As a listener, I want all albums in a responsive grid and to open any album.","AllAlbumsView renders a LazyVGrid of adaptive columns (min 140, max 180, 16pt spacing, 20pt row spacing, 24pt padding). Each album is a .plain NavigationLink to album.asPlaylistDestination() (Album->Playlist) opening PlaylistDetailView. Each card shows a high-quality thumbnail (140x140, 8pt rounded; a quaternary square.stack placeholder when missing), a 2-line title, and the year when present. While loading with no seeds it shows 'Loading albums...'; with seeds it shows the grid plus a top ProgressView. On CancellationError it keeps seeds and stays .loaded; on any other fetch error it sets .error and shows ErrorView(retry=load), hiding the PlayerBar.","AllAlbumsView grid; click an album card","Sources/Kaset/Views/AllAlbumsView.swift; Sources/Kaset/ViewModels/AllAlbumsViewModel.swift; Sources/Kaset/Models/Album.swift","P1","Tested — Pass","Static audit + unit/VM tests; live-app smoke; UI tests in CI","Pass","","","N/A","AllAlbums DOES surface a user-facing error (unlike TopSongs), but only on non-cancellation failures and only via load()'s catch."
"EXPL-25","Explore / Discover (moods, new releases, top songs, all albums)","Now-playing PlayerBar persistence across Discover pages","As a listener, I want the player controls to remain visible while browsing Discover pages.","ExploreView and NewReleasesView always inset a PlayerBar at the bottom edge. MoodCategoryDetailView, TopSongsView, and AllAlbumsView inset the PlayerBar in every state except .error (the error screens hide it). The PlayerBar reflects and controls the currently playing song/radio queue started from these screens.","Always present at the bottom of Discover screens (except error states)","Sources/Kaset/Views/ExploreView.swift; Sources/Kaset/Views/NewReleasesView.swift; Sources/Kaset/Views/MoodCategoryDetailView.swift; Sources/Kaset/Views/TopSongsView.swift; Sources/Kaset/Views/AllAlbumsView.swift","P2","Tested — Pass","Static audit + unit/VM tests; live-app smoke; UI tests in CI","Pass","","","N/A",""
"GAP-01","Coverage gap fill","Now-playing row equalizer indicator","As a listener browsing a playlist or album track list, I want an animated equalizer to appear next to the track that is currently playing so that I can instantly spot which row is active.","In PlaylistDetailView's track leading indicator, when a row is the current track (currentTrack.videoId matches the row) and playerService.isPlaying is true, NowPlayingIndicator renders EqualizerView with 3 red bars (barCount 3, spacing 2, barWidth 3, cornerRadius 1.5, color .red) inside a 14x14 frame. Each EqualizerBar animates its height fraction between a per-bar min and max (bar 0: 0.15->0.9 over 0.4s, bar 1: 0.2->1.0 over 0.5s, bar 2: 0.1->0.75 over 0.35s) using easeInOut repeatForever(autoreverses: true), with a staggered start delay of index*0.15 seconds. Bars are bottom-aligned and grow upward. Non-current rows show a 1-based index number; hovered non-current rows show a play.fill button.","Open a playlist or album in PlaylistDetailView and start playback of a track in that list; the equalizer appears in that track's leading indicator column.","/Users/melboonchan/Master/Projects/YTM/kaset/Sources/Kaset/Views/SharedViews/EqualizerView.swift; /Users/melboonchan/Master/Projects/YTM/kaset/Sources/Kaset/Views/PlaylistDetailView.swift","P1","Tested — Pass","Static audit + unit/VM tests; live-app smoke; UI tests in CI","Pass","","","N/A","EqualizerBar starts animation onAppear and reacts to isAnimating changes via onChange (start when true, stop when false). Requires macOS 26.0+."
"GAP-02","Coverage gap fill","Now-playing indicator paused state","As a listener, I want the current track's indicator to switch to a static speaker icon when playback is paused so that I can tell the track is selected but not actively playing.","NowPlayingIndicator renders based on isPlaying: when false it shows Image(systemName: ""speaker.fill"") sized at size*0.7 with .secondary foreground style, constrained to a size x size frame (14x14 in PlaylistDetailView). In PlaylistDetailView this is driven by playerService.isPlaying for the current track row, so pausing playback while the current row is visible swaps the animated equalizer for the static speaker icon.","Pause playback while viewing the playlist/album containing the current track; the current row's indicator becomes a static speaker icon.","/Users/melboonchan/Master/Projects/YTM/kaset/Sources/Kaset/Views/SharedViews/EqualizerView.swift; /Users/melboonchan/Master/Projects/YTM/kaset/Sources/Kaset/Views/PlaylistDetailView.swift","P1","Tested — Pass","Static audit + unit/VM tests; live-app smoke; UI tests in CI","Pass","","","N/A","Distinct from GAP-01 (animated playing state). Requires macOS 26.0+."
"GAP-03","Coverage gap fill","Equalizer Reduce Motion accessibility","As a user who has enabled Reduce Motion, I want the now-playing equalizer to remain static rather than animate so that the interface respects my motion-sensitivity accessibility setting.","In EqualizerBar.startAnimation(), when NSWorkspace.shared.accessibilityDisplayShouldReduceMotion is true, each bar's heightFraction is set to a fixed 0.5 and no repeating animation is started, so the bars render at half height without movement even while isAnimating is true. When isAnimating is false, heightFraction is set to the bar's minHeight regardless of Reduce Motion. When stopping, heightFraction animates to minHeight via easeOut over 0.3s.","Enable System Settings > Accessibility > Display > Reduce Motion, then play a track and view it in a playlist track list.","/Users/melboonchan/Master/Projects/YTM/kaset/Sources/Kaset/Views/SharedViews/EqualizerView.swift","P2","Tested — Pass","Static audit + unit/VM tests; live-app smoke; UI tests in CI","Pass","","","N/A","Reduce Motion is read at animation-start time; bars do not subscribe to live changes of the setting."
"GAP-04","Coverage gap fill","Cassette brand icon / empty-state visual","As a user, I want a consistent custom cassette-tape logo to appear in onboarding, empty/placeholder states, and player surfaces so that the app has a recognizable identity and missing artwork still looks intentional.","CassetteIcon(size:) draws a vector cassette using ZStack of shapes scaled to the given size: a rounded-rectangle body (size x size*0.65, corner size*0.12), an inner darker window (size*0.85 x size*0.35, .background opacity 0.3, offset up size*0.05), two outer tape reels (Circles size*0.22, .background opacity 0.5 at x +/-size*0.22), two inner reel hubs (Circles size*0.1 at the same x offsets), and a bottom label strip (size*0.5 x size*0.1, .background opacity 0.2, offset down size*0.2). Shapes inherit the parent foregroundStyle (e.g. .pink in preview). It is used at size 80 in OnboardingView, size 60 in MainWindow placeholder, size 28 in MenuBarPlayerView, size 20 in PlayerBar, and at artwork*0.38 / size*0.38 in NowPlayingSidebarPanel and PlayerPresentationViews as the no-artwork fallback.","Launch onboarding, view the empty main window, the player bar with no artwork, the menu-bar player, the now-playing sidebar, or the full player presentation.","/Users/melboonchan/Master/Projects/YTM/kaset/Sources/Kaset/Views/CassetteIcon.swift; /Users/melboonchan/Master/Projects/YTM/kaset/Sources/Kaset/Views/OnboardingView.swift; /Users/melboonchan/Master/Projects/YTM/kaset/Sources/Kaset/Views/MainWindow.swift; /Users/melboonchan/Master/Projects/YTM/kaset/Sources/Kaset/Views/MenuBarPlayerView.swift; /Users/melboonchan/Master/Projects/YTM/kaset/Sources/Kaset/Views/PlayerBar.swift; /Users/melboonchan/Master/Projects/YTM/kaset/Sources/Kaset/Views/NowPlayingSidebarPanel.swift; /Users/melboonchan/Master/Projects/YTM/kaset/Sources/Kaset/Views/PlayerPresentationViews.swift","P1","Tested — Pass","Static audit + unit/VM tests; live-app smoke; UI tests in CI","Pass","","","N/A","Pure SwiftUI shape composition, no asset image. Scales proportionally to the size parameter. Requires macOS 26.0+."
"GAP-05","Coverage gap fill","Korean lyrics romanization (romaja)","As a listener viewing Korean lyrics, I want each line transliterated into Latin romaja so that I can read along even though I cannot read Hangul.","When RomanizationService detects the dominant script as .korean, it calls KoreanRomanizer.romanize. The romanizer decomposes each Hangul syllable (U+AC00...U+D7A3) algorithmically per Revised Romanization: initialIndex = syllable/(21*28), medialIndex = (syllable%(21*28))/28, finalIndex = syllable%28, then concatenates the initial consonant (e.g. g, kk, n, ... , h; index 11 is empty), medial vowel (a, ae, ya, ... , i), and final consonant (index 0 empty, others like k, n, t, l, m, p, ng). Non-Hangul characters (spaces, punctuation, Latin) pass through unchanged. The result is trimmed of surrounding whitespace; an empty result returns nil. RomanizationService further canonicalizes the output and only returns it (and caches it) if it differs from the original line.","Enable romanization in settings, play a track with Korean lyrics, and open the lyrics view; romaja appears beneath each Korean line.","/Users/melboonchan/Master/Projects/YTM/kaset/Sources/Kaset/Services/Lyrics/Romanization/Romanizers/KoreanRomanizer.swift; /Users/melboonchan/Master/Projects/YTM/kaset/Sources/Kaset/Services/Lyrics/Romanization/RomanizationService.swift; /Users/melboonchan/Master/Projects/YTM/kaset/Sources/Kaset/Services/Lyrics/Romanization/ScriptDetector.swift","P1","Tested — Pass","Static audit + unit/VM tests; live-app smoke; UI tests in CI","Pass","","","N/A","Algorithmic (no system tokenizer), unlike the CFStringTokenizer-based romanizers. Does not insert syllable separators or apply phonological liaison rules between adjacent syllables."
"GAP-06","Coverage gap fill","Chinese lyrics romanization (pinyin)","As a listener viewing Chinese lyrics, I want each line transliterated into pinyin so that I can read and sing along without knowing Chinese characters.","When RomanizationService detects the dominant script as .chinese, it calls ChineseRomanizer.romanize, which builds a CFStringTokenizer with locale 'zh' over the full text. For each token it reads kCFStringTokenizerAttributeLatinTranscription (pinyin) and appends it, separating successive transcribed tokens with a single space; tokens lacking a Latin transcription (e.g. punctuation, existing Latin) are appended verbatim using their original substring range. If the tokenizer cannot be created it returns nil. The result is trimmed; empty results return nil. RomanizationService canonicalizes and returns/caches only when the output differs from the original.","Enable romanization in settings, play a track with Chinese lyrics, and open the lyrics view; pinyin appears beneath each Chinese line.","/Users/melboonchan/Master/Projects/YTM/kaset/Sources/Kaset/Services/Lyrics/Romanization/Romanizers/ChineseRomanizer.swift; /Users/melboonchan/Master/Projects/YTM/kaset/Sources/Kaset/Services/Lyrics/Romanization/RomanizationService.swift","P1","Fixed & retested","Static audit + unit/VM tests; live-app smoke; UI tests in CI","Pass (post-fix; 926 unit tests green; UI tests in CI)","F028(high): Chinese/Bengali/Hindi romanizers index a Swift String with UTF-16 tokenizer offsets → wrong output and out-of-bounds crash","high","Fixed (merged)","Latin transcription includes tone diacritics as produced by the macOS tokenizer. Spacing is per-token from the tokenizer, not per-original-word."
"GAP-07","Coverage gap fill","Thai lyrics romanization","As a listener viewing Thai lyrics, I want each line transliterated into Latin script so that I can read along despite not reading Thai.","When RomanizationService detects the dominant script as .thai, it calls ThaiRomanizer.romanize, which creates a CFStringTokenizer with locale 'th' over the text. Each token's kCFStringTokenizerAttributeLatinTranscription is appended (space-separated between transcribed tokens); tokens without a transcription are appended using their original substring extracted via NSString.substring(with:) over the token's NSRange. Returns nil if the tokenizer cannot be created. The result is trimmed; empty results return nil. RomanizationService canonicalizes and only returns/caches a result different from the original.","Enable romanization in settings, play a track with Thai lyrics, and open the lyrics view; Latin transcription appears beneath each Thai line.","/Users/melboonchan/Master/Projects/YTM/kaset/Sources/Kaset/Services/Lyrics/Romanization/Romanizers/ThaiRomanizer.swift; /Users/melboonchan/Master/Projects/YTM/kaset/Sources/Kaset/Services/Lyrics/Romanization/RomanizationService.swift","P1","Tested — Pass","Static audit + unit/VM tests; live-app smoke; UI tests in CI","Pass","","","N/A","Thai uses NSString-based substring extraction for fallback tokens (differs from the String.index approach in the Chinese/Hindi/Bengali variants), which is safer for word-breaking across UTF-16 boundaries."
"GAP-08","Coverage gap fill","Hindi (Devanagari) lyrics romanization","As a listener viewing Hindi lyrics, I want each line transliterated from Devanagari into Latin script so that I can read along without knowing Devanagari.","When RomanizationService detects the dominant script as .hindi, it calls HindiRomanizer.romanize, which creates a CFStringTokenizer with locale 'hi' over the text. Each token's kCFStringTokenizerAttributeLatinTranscription is appended (space-separated between transcribed tokens); tokens without a transcription are appended verbatim using their original substring (via String.index offsets over the token range). Returns nil if the tokenizer cannot be created. The result is trimmed; empty results return nil. RomanizationService canonicalizes and only returns/caches a result different from the original.","Enable romanization in settings, play a track with Hindi/Devanagari lyrics, and open the lyrics view; Latin transcription appears beneath each Hindi line.","/Users/melboonchan/Master/Projects/YTM/kaset/Sources/Kaset/Services/Lyrics/Romanization/Romanizers/HindiRomanizer.swift; /Users/melboonchan/Master/Projects/YTM/kaset/Sources/Kaset/Services/Lyrics/Romanization/RomanizationService.swift","P1","Tested — Pass","Static audit + unit/VM tests; live-app smoke; UI tests in CI","Pass","","","N/A","Relies entirely on the system tokenizer's Latin transcription quality for Devanagari."
"GAP-09","Coverage gap fill","Bengali lyrics romanization","As a listener viewing Bengali lyrics, I want each line transliterated into Latin script so that I can read along without knowing Bengali.","When RomanizationService detects the dominant script as .bengali, it calls BengaliRomanizer.romanize, which creates a CFStringTokenizer with locale 'bn' over the text. Each token's kCFStringTokenizerAttributeLatinTranscription is appended (space-separated between transcribed tokens); tokens without a transcription are appended verbatim using their original substring (via String.index offsets over the token range). Returns nil if the tokenizer cannot be created. The result is trimmed; empty results return nil. RomanizationService canonicalizes and only returns/caches a result different from the original.","Enable romanization in settings, play a track with Bengali lyrics, and open the lyrics view; Latin transcription appears beneath each Bengali line.","/Users/melboonchan/Master/Projects/YTM/kaset/Sources/Kaset/Services/Lyrics/Romanization/Romanizers/BengaliRomanizer.swift; /Users/melboonchan/Master/Projects/YTM/kaset/Sources/Kaset/Services/Lyrics/Romanization/RomanizationService.swift","P1","Tested — Pass","Static audit + unit/VM tests; live-app smoke; UI tests in CI","Pass","","","N/A","Relies entirely on the system tokenizer's Latin transcription quality for the Bengali script."
"GAP-10","Coverage gap fill","Romanization skip / no-op behavior","As a listener, I want lines that are already Latin, or whose romanization would not change the text, to be left as-is so that the lyrics view is not cluttered with redundant duplicate transcriptions.","RomanizationService.romanize returns nil early when ScriptDetector.isLatinOnly(text) is true. For non-Latin lines, after the per-language romanizer runs, the output is canonicalized via TextCanonicalizer; the service returns (and caches) the canonicalized value only when it is non-nil and not equal to the original text, otherwise caches and returns nil. Results are memoized in an in-memory cache keyed by the original line text so repeated lines are not re-romanized. clearCache() empties this cache. romanizeAll(_:) iterates a SyncedLyrics' lines and returns a [UUID: String] map containing only lines that produced a non-nil romanization.","Open the lyrics view with romanization enabled for content mixing Latin and non-Latin lines, or lines whose romanization equals the original.","/Users/melboonchan/Master/Projects/YTM/kaset/Sources/Kaset/Services/Lyrics/Romanization/RomanizationService.swift","P2","Tested — Pass","Static audit + unit/VM tests; live-app smoke; UI tests in CI","Pass","","","N/A","Cross-cutting behavior shared by all per-language romanizers; ensures GAP-05..09 outputs are filtered/cached consistently."
"HOME-01","Home feed","Initial home feed load","As a listener, I want the Home tab to automatically fetch and display my personalized music sections when I open it, so that I see recommendations without taking any action.","On first appearance the `.task` checks `viewModel.loadingState == .idle` and calls `HomeViewModel.load()`. `load()` guards against re-entrancy (returns early if already `.loading`), sets state to `.loading`, then calls `client.getHome()` which POSTs `browse` with `browseId: FEmusic_home` (TTL = APICache.TTL.home). The response is parsed by `HomeResponseParser.parse` and `response.sections` is assigned; state becomes `.loaded`, `hasMoreSections` is set from `client.hasMoreHomeSections`, and `continuationsLoaded` is reset to 0. During `.idle`/`.loading` the UI shows `HomeLoadingView` (a ScrollView of 4 `SkeletonSectionView` rows that fade in with staggered 0.1s delays). Once loaded, the scrollable section content replaces the skeletons.","Selecting the Home tab/window in MainWindow (HomeView mounted at MainWindow.swift:475)","Sources/Kaset/Views/HomeView.swift; Sources/Kaset/ViewModels/HomeViewModel.swift; Sources/Kaset/Services/API/YTMusicClient.swift; Sources/Kaset/Views/SharedViews/LoadingView.swift","P0","Tested — Pass","Static audit + unit/VM tests; live-app smoke; UI tests in CI","Pass","","","N/A","load() also logs section count and a debug summary of section titles/item counts."
"HOME-02","Home feed","Progressive background section loading","As a listener, I want more home sections to keep loading in the background after the first batch appears, so that I can keep scrolling without waiting on one big request.","After a successful initial load, `startBackgroundLoading()` cancels any prior background task and starts a new `Task` that sleeps 300ms (to let the UI settle), checks `Task.isCancelled`, then calls `loadMoreSections()`. `loadMoreSections()` loops while `hasMoreSections` is true and `continuationsLoaded < maxContinuations (4)`; each iteration requires `loadingState == .loaded` (else breaks), calls `client.getHomeContinuation()`. New sections are appended to `sections`, `continuationsLoaded` increments, and `hasMoreSections` updates from the client. If the continuation returns nil, `hasMoreSections` is set false and the loop breaks. The background task is cancelled in `deinit` and on refresh. Net effect: up to 4 additional continuation batches stream in automatically.","Automatic after HOME-01 completes (no user action)","Sources/Kaset/ViewModels/HomeViewModel.swift; Sources/Kaset/Services/API/YTMusicClient.swift; Sources/Kaset/Services/API/Parsers/HomeResponseParser.swift","P1","Tested — Pass","Static audit + unit/VM tests; live-app smoke; UI tests in CI","Pass","","","N/A","Hard cap of 4 continuations. Continuation errors/CancellationError break the loop silently (logged as warning/debug)."
"HOME-03","Home feed","Pull-to-refresh / retry refresh","As a listener, I want to pull down to refresh the home feed, so that I can get the latest recommendations on demand.","The `.refreshable` modifier and the ErrorView/No-Connection retry buttons all invoke `viewModel.refresh()`. `refresh()` cancels the background load task, clears `sections` to empty, resets `hasMoreSections = true` and `continuationsLoaded = 0`, then calls `load()` again (which re-fetches home and restarts background loading). While refreshing, since `sections` is cleared but state transitions through `.loading`, the user sees fresh content replace the old.","Pull-down gesture on the scroll view; or the 'Try Again' button in error/offline states","Sources/Kaset/Views/HomeView.swift; Sources/Kaset/ViewModels/HomeViewModel.swift","P0","Tested — Pass","Static audit + unit/VM tests; live-app smoke; UI tests in CI","Pass","","","N/A",""
"HOME-04","Home feed","Offline / no-connection state","As a listener with no internet, I want to be told my connection is down and be able to retry, so that I understand why the feed is empty.","`HomeView` observes `NetworkMonitor.shared`. When `networkMonitor.isConnected` is false, the whole content area is replaced by an `ErrorView` titled 'No Connection' with message 'Please check your internet connection and try again.' and a retry closure that calls `viewModel.refresh()`. The connection check is evaluated before the loading-state switch, so it takes precedence over loaded content. ErrorView renders as a native `ContentUnavailableView` with an exclamation-triangle icon and a glass-prominent 'Try Again' button.","Automatic when NetworkMonitor reports disconnected; retry via 'Try Again' button","Sources/Kaset/Views/HomeView.swift; Sources/Kaset/Services/NetworkMonitor.swift; Sources/Kaset/Views/SharedViews/ErrorView.swift","P0","Tested — Pass","Static audit + unit/VM tests; live-app smoke; UI tests in CI","Pass","","","N/A",""
"HOME-05","Home feed","Error state with friendly message and retry","As a listener, when loading the home feed fails, I want a clear error message and a way to try again, so that a transient failure doesn't leave me stuck.","If `client.getHome()` throws (non-cancellation), `load()` sets `loadingState = .error(LoadingError(from: error))`. `LoadingError` maps `YTMusicError` to its `userFriendlyTitle`/`userFriendlyMessage`/`isRetryable`; NSURLError-domain errors become 'Connection Error' / 'Unable to connect...' (retryable); other errors become 'Error' with `localizedDescription` (retryable). HomeView renders `ErrorView(error:)` with a retry closure calling `refresh()`. The 'Try Again' button only shows when `isRetryable` is true and a retry action exists. A `CancellationError` (e.g. user navigated away) is treated specially: state resets to `.idle` instead of error, allowing a clean retry on next appearance.","Automatic on load failure; retry via 'Try Again' button","Sources/Kaset/ViewModels/HomeViewModel.swift; Sources/Kaset/Models/LoadingState.swift; Sources/Kaset/Views/SharedViews/ErrorView.swift","P0","Tested — Pass","Static audit + unit/VM tests; live-app smoke; UI tests in CI","Pass","","","N/A",""
"HOME-06","Home feed","Quick Picks pinned to top","As a listener, I want my 'Quick Picks' resume-listening shelf to always appear first, so that the most relevant shelf is immediately reachable regardless of API ordering.","`displaySections` partitions `sections` into pinned (title contains 'quick pick', case-insensitive via `localizedLowercase`) and the rest, returning `pinned + rest`. So any Quick Picks section is hoisted above all other API sections (but still below the Favorites section, which is rendered separately first). All other sections retain their original API order.","Automatic rendering order in the home content scroll view","Sources/Kaset/ViewModels/HomeViewModel.swift; Sources/Kaset/Views/HomeView.swift","P1","Tested — Pass","Static audit + unit/VM tests; live-app smoke; UI tests in CI","Pass","","","N/A",""
"HOME-07","Home feed","Grid (carousel) section layout","As a listener, I want each home section shown as a titled horizontal carousel of cards, so that I can browse recommendations by swiping sideways.","When `settings.displayMode == .grid` (default), each section renders a `VStack` with a semibold title-2 header and a horizontal `ScrollView` (no indicators, `scrollClipDisabled`) containing a `LazyHStack` of `HomeSectionItemCard`s. Non-chart sections iterate `section.items` by item id; chart sections iterate enumerated items passing `rank: index + 1`. Cards are 160x160 (default density) or 120x120 (compact). Tapping a card invokes `playItem`.","Automatic; horizontal scroll within each section","Sources/Kaset/Views/HomeView.swift; Sources/Kaset/Views/SharedViews/HomeSectionItemCard.swift; Sources/Kaset/Services/SettingsManager.swift","P0","Tested — Pass","Static audit + unit/VM tests; live-app smoke; UI tests in CI","Pass","","","N/A",""
"HOME-08","Home feed","List section layout","As a listener who prefers compact density, I want home sections shown as adaptive multi-column lists, so that I can see more items at once in row form.","When `settings.displayMode == .list`, each section renders the title header plus a `LazyVGrid` with adaptive columns (min width 300, or 240 in compact density). Each row (`sectionListRow`) is an interactive-row button showing: an optional right-aligned monospaced rank number (only for chart sections), a thumbnail (36pt compact / 48pt default; artists get a circular thumbnail via cornerRadius=size/2, others 6pt), title (1 line), optional subtitle (1 line), and a trailing kind icon (music.note / square.stack.fill / music.note.list / person.fill). Vertical padding is 4pt compact / 6pt default. Tapping a row invokes `playItem`.","Automatic when display mode is List; per-row tap","Sources/Kaset/Views/HomeView.swift; Sources/Kaset/Services/SettingsManager.swift","P1","Tested — Pass","Static audit + unit/VM tests; live-app smoke; UI tests in CI","Pass","","","N/A",""
"HOME-09","Home feed","Chart sections rendered with ranks","As a listener, I want chart/Top-100/Trending sections to show numbered rankings, so that I can see what's most popular at a glance.","Sections whose title matches `ParsingHelpers.isChartSection` are flagged `isChart = true` at parse time. In grid mode, chart cards (`HomeSectionItemCard` with a non-nil `rank`) render the regular thumbnail+title content plus a large (32pt bold rounded) rank number overlaid at bottom-leading with a window-background shadow. In list mode, chart rows show a right-aligned monospaced rank number (index+1). Non-chart sections show no rank.","Automatic for sections detected as charts","Sources/Kaset/Models/HomeSection.swift; Sources/Kaset/Views/SharedViews/HomeSectionItemCard.swift; Sources/Kaset/Views/HomeView.swift; Sources/Kaset/Services/API/Parsers/HomeResponseParser.swift","P1","Tested — Pass","Static audit + unit/VM tests; live-app smoke; UI tests in CI","Pass","","","N/A",""
"HOME-10","Home feed","Play a song from home","As a listener, I want to tap a song card to start playback with an auto-generated radio queue, so that music keeps playing after the selected track.","Tapping a `.song` card/row calls `playItem`, which spawns a Task calling `playerService.playWithRadio(song:)` — this starts playback of the song and fetches similar songs to build a radio queue in the background. On song cards in grid mode, hovering reveals a circular glass play-overlay (play.fill, scale+opacity transition) over the thumbnail. Tapping anywhere on the card triggers playback (the card is a Button with `.interactiveCard` style).","Tap a song card (grid) or song row (list); hover shows play affordance","Sources/Kaset/Views/HomeView.swift; Sources/Kaset/Views/SharedViews/HomeSectionItemCard.swift; Sources/Kaset/Services/Player/PlayerService+Queue.swift","P0","Tested — Pass","Static audit + unit/VM tests; live-app smoke; UI tests in CI","Pass","","","N/A",""
"HOME-11","Home feed","Navigate to playlist / album / artist from home","As a listener, I want tapping a non-song card to open its detail page, so that I can explore the playlist, album, or artist.","`playItem` handles non-song items via navigation, not playback: `.playlist` appends the Playlist to `navigationPath`; `.artist` appends the Artist; `.album` constructs a `Playlist` from the album's id/title/thumbnail/trackCount/artistsDisplay and appends it (albums are navigated as playlist-style detail). The `navigationDestinations(client:)` modifier resolves Playlist/Album/Artist/PodcastShow values to their detail views within the NavigationStack.","Tap a playlist/album/artist card or row","Sources/Kaset/Views/HomeView.swift; Sources/Kaset/Views/SharedViews/NavigationDestinationsModifier.swift","P0","Tested — Pass","Static audit + unit/VM tests; live-app smoke; UI tests in CI","Pass","","","N/A","Albums currently route through a synthesized Playlist because no dedicated AlbumDetailView exists (noted in code comments)."
"HOME-12","Home feed","Song context menu","As a listener, I want a right-click menu on a song with queue, play, favorite, like, radio, share, and navigation actions, so that I can manage a track without leaving the home feed.","Right-clicking a `.song` item shows: AddToQueueContextMenu (Play Next / Add to Queue), Play (`playerService.play(song:)`), Favorites toggle (FavoritesContextMenu.menuItem), Like/Dislike (LikeDislikeContextMenu via `likeStatusManager`), Start Radio (StartRadioContextMenu), Share (ShareContextMenu), and conditional 'Go to Artist' NavigationLink (first artist with a navigable id) and 'Go to Album' NavigationLink (only if `song.album.hasNavigableId`, building a Playlist from the album). Items are separated by Dividers.","Right-click / control-click a song card or row","Sources/Kaset/Views/HomeView.swift","P1","Tested — Pass","Static audit + unit/VM tests; live-app smoke; UI tests in CI","Pass","","","N/A",""
"HOME-13","Home feed","Album context menu","As a listener, I want a right-click menu on an album to view it or queue its tracks, so that I can act on the whole album.","Right-clicking an `.album` shows: 'View Album' (navigates via `playItem`), 'Play' (`SongActionsHelper.playAlbum`), 'Play Next' (`addAlbumToQueueNext`), 'Add to Queue' (`addAlbumToQueueLast`) — all using `viewModel.client` and `playerService` — then a Favorites toggle and a Share item, separated by Dividers.","Right-click / control-click an album card or row","Sources/Kaset/Views/HomeView.swift","P1","Tested — Pass","Static audit + unit/VM tests; live-app smoke; UI tests in CI","Pass","","","N/A",""
"HOME-14","Home feed","Playlist / artist context menu","As a listener, I want right-click menus on playlists and artists to view, favorite, and share them, so that I can manage them from home.","Right-clicking a `.playlist` shows 'View Playlist' (appends playlist to navigationPath), Favorites toggle, and Share. Right-clicking an `.artist` shows 'View Artist' (appends artist to navigationPath), Favorites toggle, and Share. Each uses the shared FavoritesContextMenu and ShareContextMenu helpers.","Right-click / control-click a playlist or artist card/row","Sources/Kaset/Views/HomeView.swift","P2","Tested — Pass","Static audit + unit/VM tests; live-app smoke; UI tests in CI","Pass","","","N/A",""
"HOME-15","Home feed","Favorites section on home","As a listener, I want my pinned Favorites shown as the first section on home (and hidden when I have none), so that my saved items are front and center.","`FavoritesSection` is rendered above all API sections only when `favoritesManager.isVisible` (i.e. `!items.isEmpty`); when empty it is fully hidden. It shows a 'Favorites' title and a horizontal carousel of `FavoriteItemCard`s (160x160). Tapping a song card plays it with radio (`playWithRadio`); tapping an album/playlist/artist/podcast navigates via the `onNavigate` callback (album synthesized into a Playlist). The section appears with staggered appearance index 0.","Automatic at top of home feed when favorites exist","Sources/Kaset/Views/HomeView.swift; Sources/Kaset/Views/SharedViews/FavoritesSection.swift; Sources/Kaset/Services/FavoritesManager.swift","P0","Tested — Pass","Static audit + unit/VM tests; live-app smoke; UI tests in CI","Pass","","","N/A",""
"HOME-16","Home feed","Reorder favorites by drag-and-drop","As a listener, I want to drag favorite cards to reorder them, so that I can arrange my pinned items the way I want.","Each `FavoriteItemCard` is `.draggable` (with an 80%-opacity drag preview) and a `.dropDestination(for: FavoriteItem.self)`. On drop, `handleDrop` finds source and target indices in `favoritesManager.items`; if they differ it computes a destination index (targetIndex+1 when moving down, else targetIndex) and calls `favoritesManager.move(from:to:)`, persisting the new order. Cards expose an accessibility hint 'Drag to reorder'.","Drag a favorite card onto another favorite card","Sources/Kaset/Views/SharedViews/FavoritesSection.swift; Sources/Kaset/Services/FavoritesManager.swift","P2","Tested — Pass","Static audit + unit/VM tests; live-app smoke; UI tests in CI","Pass","","","N/A",""
"HOME-17","Home feed","Favorites context menu (reorder / remove / navigate / share)","As a listener, I want a right-click menu on favorites to reorder, remove, share, and jump to related content, so that I can manage pins quickly.","Right-clicking a favorite shows context-sensitive items: for songs, Play Next/Add to Queue and Play; for albums/playlists/artists/podcasts a 'View ...' button. Always present: 'Move to Top' (`moveToTop`), 'Move to End' (`moveToEnd`), a destructive 'Remove from Favorites' (`remove(contentId:)`), and Share. For song favorites, additional 'Go to Artist' (first navigable artist) and 'Go to Album' (if album navigable) entries appear, routing via `onNavigate`.","Right-click / control-click a favorite card","Sources/Kaset/Views/SharedViews/FavoritesSection.swift; Sources/Kaset/Services/FavoritesManager.swift","P2","Tested — Pass","Static audit + unit/VM tests; live-app smoke; UI tests in CI","Pass","","","N/A",""
"HOME-18","Home feed","Thumbnail loading, caching, prefetch, and placeholders","As a listener, I want artwork to load fast and gracefully fall back when missing, so that the feed always looks complete.","Cards/rows load `item.thumbnailURL?.highQualityThumbnailURL` via `CachedAsyncImage` (cache-backed). For each section, the `.task` calls `prefetchImagesAsync`: it early-exits if cancelled, takes up to the first 10 items' high-quality URLs, and calls `ImageCache.shared.prefetch(targetSize: 160x160, maxConcurrent: 4)`. When a thumbnail URL is missing or loading, a placeholder shows: mood/genre playlist cards use the API-provided color stored in `playlist.description` (hex parsed into a gradient); otherwise a deterministic title-hash gradient is used, overlaid with a type icon (music.note / square.stack / music.note.list / person.fill). A small bottom-trailing capsule 'kind badge' icon distinguishes item types on grid cards.","Automatic during scrolling/section appearance","Sources/Kaset/Views/HomeView.swift; Sources/Kaset/Views/SharedViews/HomeSectionItemCard.swift; Sources/Kaset/Views/CachedAsyncImage.swift","P1","Tested — Pass","Static audit + unit/VM tests; live-app smoke; UI tests in CI","Pass","","","N/A",""
"HOME-19","Home feed","Display mode and density adapt the layout","As a listener, I want my chosen display mode (grid/list) and density (default/compact) to reshape the home feed, so that the layout matches my preference.","`HomeView`, `HomeSectionItemCard`, and the list layout all read `SettingsManager.shared`. `displayMode` switches the whole feed between carousel grid (HOME-07) and adaptive list (HOME-08). `displayDensity == .compact` shrinks grid card size 160->120, list thumbnails 48->36, list column min 300->240, and list row vertical padding 6->4. Changes apply reactively since SettingsManager is `@Observable`.","Automatic re-render when display settings change (set elsewhere in Settings)","Sources/Kaset/Views/HomeView.swift; Sources/Kaset/Views/SharedViews/HomeSectionItemCard.swift; Sources/Kaset/Services/SettingsManager.swift","P2","Tested — Pass","Static audit + unit/VM tests; live-app smoke; UI tests in CI","Pass","","","N/A",""
"HOME-20","Home feed","Trackpad swipe back/forward navigation","As a listener, I want to swipe to go back/forward through detail pages I opened from home, so that navigation feels native.","The NavigationStack uses `.navigationSwipeGestures(path:)`. A right swipe (gestureProgress > 0) pops the navigation stack when it is non-empty; a left swipe (gestureProgress < 0) restores the most recently popped destination from an internal forward stack. Both explicit `.swipe` trackpad events and scroll-wheel-promoted swipes (via `NSEvent.trackSwipeEvent`) are supported, with a Safari-style chevron indicator (`SwipeNavIndicator`) tracking progress at the leading/trailing edge. Other-mouse-button events are also monitored for back/forward.","Two/three-finger horizontal trackpad swipe, or mouse back/forward buttons, while on home detail pages","Sources/Kaset/Views/HomeView.swift; Sources/Kaset/Views/SharedViews/NavigationSwipeGestures.swift","P2","Tested — Pass","Static audit + unit/VM tests; live-app smoke; UI tests in CI","Pass","","","N/A",""
"HOME-21","Home feed","Persistent player bar across home","As a listener, I want the now-playing player bar pinned to the bottom of the home view, so that I can control playback while browsing.","`HomeView` attaches a `PlayerBar()` via `.safeAreaInset(edge: .bottom, spacing: 0)`, so it stays anchored beneath the scrollable home content (and detail pages pushed within the stack). It reflects/controls the shared `PlayerService` now-playing state.","Always visible at bottom of the Home tab","Sources/Kaset/Views/HomeView.swift; Sources/Kaset/Views/PlayerBar.swift","P1","Tested — Pass","Static audit + unit/VM tests; live-app smoke; UI tests in CI","Pass","","","N/A",""
"HOME-22","Home feed","Resilient parsing of heterogeneous home renderers","As a listener, I want the home feed to render whatever shelf formats the API returns and silently skip what it can't, so that I get a stable feed instead of crashes or blank screens.","`HomeResponseParser.parse` walks contents -> singleColumnBrowseResultsRenderer -> tabs[0] -> sectionListRenderer.contents; if the structure is missing it logs the available keys and returns an empty response (no crash). Each section is parsed by `parseHomeSection`, which recognizes musicCarouselShelfRenderer, musicShelfRenderer, musicCardShelfRenderer (title fallback 'Featured'), musicImmersiveCarouselShelfRenderer, gridRenderer (title fallback 'Charts'), and unwraps itemSectionRenderer recursively; unrecognized '*Renderer' keys are logged and skipped. Items are parsed from musicTwoRowItemRenderer (albums/playlists/songs via watch/browse endpoints), musicResponsiveListItemRenderer (songs, or browse fallback), and musicNavigationButtonRenderer (mood/genre cards, carrying a leftStripeColor hex in the playlist description). Item type is inferred from pageType then browseId prefixes (MPRE/OLAK=album, VL/PL/RD=playlist, artist ids=artist). Sections with no parseable items, or items with no title/endpoint, are dropped. Stable section IDs are derived from title + first item id to avoid SwiftUI identity churn.","Automatic during home response parsing","Sources/Kaset/Services/API/Parsers/HomeResponseParser.swift; Sources/Kaset/Models/HomeSection.swift; Sources/Kaset/Models/HomeResponse.swift","P1","Tested — Pass","Static audit + unit/VM tests; live-app smoke; UI tests in CI","Pass","","","N/A","HomeResponse.isEmpty is true when there are no sections or all sections are itemless; mood/genre buttons get a unique id of browseId_params to avoid duplicate-id collisions."
"LIB-01","Library, Liked Music, History, Favorites","Library content load","As a signed-in user, I want my saved playlists, followed artists, and subscribed podcasts to load automatically when I open the Library tab so that I can browse everything I've collected.","On first appearance, if loadingState == .idle, LibraryView calls viewModel.load(), which sets state to .loading (showing LoadingView with 'Loading your library...') and calls client.getLibraryContent(). On success it applies PlaylistParser.LibraryContent: playlists, podcastShows, and artists are stored, libraryPlaylistIds/libraryPodcastIds/libraryArtistIds sets are built, artists are canonicalized to public channel IDs and deduplicated, and state becomes .loaded showing the content grid. If load is cancelled (navigation away) state resets to .loaded when a snapshot exists, otherwise .idle so it can retry. On error with no existing snapshot, state becomes .error(LoadingError) showing ErrorView with a retry button; on error with an existing snapshot, the snapshot is kept and state stays .loaded.","Sidebar > Library tab (NavigationItem.library)","/Users/melboonchan/Master/Projects/YTM/kaset/Sources/Kaset/Views/LibraryView.swift; /Users/melboonchan/Master/Projects/YTM/kaset/Sources/Kaset/ViewModels/LibraryViewModel.swift; /Users/melboonchan/Master/Projects/YTM/kaset/Sources/Kaset/Views/MainWindow.swift","P0","Tested — Pass","Static audit + unit/VM tests; live-app smoke; UI tests in CI","Pass","","","N/A","load() guards against re-entry while already .loading. Artist source landingFallback preserves the existing artist snapshot rather than overwriting it with the landing preview."
"LIB-02","Library, Liked Music, History, Favorites","Library filter chips","As a user, I want to filter my Library by All, Playlists, Artists, or Podcasts so that I can quickly focus on one type of content.","A horizontal row of capsule chips (All, Playlists, Artists, Podcasts) is shown above the grid. Tapping a chip animates (easeInOut 0.2s) the selection; the selected chip fills with accentColor and white text, others use secondary 15% opacity. filteredItems is recomputed: .all concatenates playlists + artists + podcastShows; the other filters show only that type. Each filter has its own SF Symbol icon used in the empty state. Selecting a filter that yields no items shows a filter-specific empty state.","Filter capsule buttons at top of Library content","/Users/melboonchan/Master/Projects/YTM/kaset/Sources/Kaset/Views/LibraryView.swift","P1","Tested — Pass","Static audit + unit/VM tests; live-app smoke; UI tests in CI","Pass","","","N/A","Selection resets to .all on each fresh view instance (local @State, not persisted)."
"LIB-03","Library, Liked Music, History, Favorites","Library grid/list display modes and density","As a user, I want to switch the Library between grid and list layouts and adjust item density so that I can view my collection in my preferred style.","The Library page exposes Display Mode and Density toolbar pickers (segmented) because currentPageSupportsViewMode and currentPageSupportsDensity are true for .library. When settings.displayMode == .list the libraryList renders rows (thumbnail + title + subtitle + kind icon + divider); otherwise libraryGridContent renders an adaptive LazyVGrid. Density compact reduces grid min/max item sizes (120/150 vs 160/200), spacing (10 vs 16), list thumbnail size (36 vs 48) and row vertical padding (4 vs 8). Artists always use circular thumbnails (corner radius = size/2 in list, Circle in grid); playlists/podcasts use rounded rects.","Toolbar Display Mode / Density segmented pickers","/Users/melboonchan/Master/Projects/YTM/kaset/Sources/Kaset/Views/LibraryView.swift; /Users/melboonchan/Master/Projects/YTM/kaset/Sources/Kaset/Views/MainWindow.swift","P1","Tested — Pass","Static audit + unit/VM tests; live-app smoke; UI tests in CI","Pass","","","N/A","Display mode/density are global SettingsManager values shared with Home."
"LIB-04","Library, Liked Music, History, Favorites","Navigate to library item detail","As a user, I want to click a playlist, artist, or podcast in my Library so that I can open its detail page.","In both grid cards and list rows, tapping a playlist appends the Playlist to navigationPath, an artist appends the Artist, and a podcast appends the PodcastShow. NavigationStack routes these via .navigationDestinations(client:). Playlist cards show thumbnail (high-quality URL), 2-line title, and '<count> songs' when trackCount exists; artist cards show a circular avatar with 'Artist' subtitle; podcast cards show thumbnail, title, and author when present. Missing artwork falls back to a quaternary rectangle/circle with a kind-specific SF Symbol.","Library grid card / list row tap","/Users/melboonchan/Master/Projects/YTM/kaset/Sources/Kaset/Views/LibraryView.swift; /Users/melboonchan/Master/Projects/YTM/kaset/Sources/Kaset/Views/SharedViews/NavigationDestinationsModifier.swift","P0","Tested — Pass","Static audit + unit/VM tests; live-app smoke; UI tests in CI","Pass","","","N/A",""
"LIB-05","Library, Liked Music, History, Favorites","Library empty states","As a user with no saved content (overall or per filter), I want a clear empty-state message so that I understand why the area is blank and how to populate it.","When filteredItems is empty, emptyStateView shows the selected filter's icon plus a filter-specific title and message: All ('Your library is empty' / save playlists, follow artists, subscribe to podcasts on YT Music), Playlists ('No playlists yet' / create or save playlists), Artists ('No artists yet' / follow artists), Podcasts ('No podcasts yet' / subscribe to podcasts). The filter chips remain visible so the user can switch filters.","Library content with empty filtered list","/Users/melboonchan/Master/Projects/YTM/kaset/Sources/Kaset/Views/LibraryView.swift","P2","Tested — Pass","Static audit + unit/VM tests; live-app smoke; UI tests in CI","Pass","","","N/A",""
"LIB-06","Library, Liked Music, History, Favorites","Library offline / error / loading states","As a user, I want the Library to clearly indicate offline, loading, and error conditions with a way to retry so that I'm not left staring at a blank screen.","If NetworkMonitor.isConnected is false, an ErrorView titled 'No Connection' with a 'check your internet connection' message and a retry action (await viewModel.refresh()) is shown instead of content. When connected: .idle/.loading shows LoadingView('Loading your library...'); .loaded/.loadingMore shows content; .error(error) shows ErrorView(error:) with a retry button that calls viewModel.refresh().","Library tab while offline or on fetch failure","/Users/melboonchan/Master/Projects/YTM/kaset/Sources/Kaset/Views/LibraryView.swift; /Users/melboonchan/Master/Projects/YTM/kaset/Sources/Kaset/Views/SharedViews/ErrorView.swift","P1","Tested — Pass","Static audit + unit/VM tests; live-app smoke; UI tests in CI","Pass","","","N/A",""
"LIB-07","Library, Liked Music, History, Favorites","Library pull-to-refresh and toolbar refresh","As a user, I want to refresh my Library to pull in newly saved items so that the list stays current.","Pull-to-refresh (.refreshable) and the toolbar refresh button (refreshCurrentPage for .library) both call viewModel.refresh(). refresh() bumps the library state revision, and if a load is in flight it queues needsReloadAfterCurrentLoad instead of starting a second load. If a snapshot exists it sets state to .loadingMore (keeping current items visible) before reloading; otherwise it clears all arrays/sets first. Then it calls load().","Pull-to-refresh gesture or toolbar refresh button (⌘R refreshPage shortcut)","/Users/melboonchan/Master/Projects/YTM/kaset/Sources/Kaset/ViewModels/LibraryViewModel.swift; /Users/melboonchan/Master/Projects/YTM/kaset/Sources/Kaset/Views/MainWindow.swift","P1","Tested — Pass","Static audit + unit/VM tests; live-app smoke; UI tests in CI","Pass","","","N/A",""
"LIB-08","Library, Liked Music, History, Favorites","Optimistic add/remove of library items with reconciliation","As a user, I want playlists, podcasts, and artists I add or remove elsewhere in the app to appear or disappear in my Library immediately so that the UI feels responsive even before the server catches up.","SongActionsHelper add/remove flows immediately mutate LibraryViewModel (insert/remove playlist/podcast/artist at front of the array and update ID sets), invalidate APICache 'browse:' and URLCache, mark needs-reload-on-activation, then after a 500ms delay refresh and re-apply the optimistic mutation if the server response still disagrees. Artists additionally use pendingAddedArtists/pendingRemovedArtistIds: optimistic artist insertions persist (and removals stay suppressed) until the backend returns the same state for 2 consecutive loads (artistMutationStableMatchCount). scheduleArtistLibraryReconciliation retries refresh after [2s, 3s], reapplying optimistic state and re-marking activation reload if the backend hasn't converged. On artist subscribe/unsubscribe failure, the optimistic change is rolled back and the error rethrown.","Add/Remove from Library or Subscribe/Unsubscribe actions in detail views","/Users/melboonchan/Master/Projects/YTM/kaset/Sources/Kaset/Views/SharedViews/SongActionsHelper.swift; /Users/melboonchan/Master/Projects/YTM/kaset/Sources/Kaset/ViewModels/LibraryViewModel.swift","P1","Tested — Pass","Static audit + unit/VM tests; live-app smoke; UI tests in CI","Pass","","","N/A","Playlist IDs are normalized by stripping a leading 'VL' prefix; artist IDs are normalized to public channel IDs for matching across aliases."
"LIB-09","Library, Liked Music, History, Favorites","Library activation reload and stale-load discarding","As a user, I want the Library to refresh itself when I return to it after making changes elsewhere so that I see the up-to-date state without manually refreshing.","When a mutation calls markNeedsReloadOnActivation(), needsReloadOnActivation is set and activationReloadGeneration increments. On Library .task and on a keyed .task tied to navigationPath count + activationReloadGeneration (only when navigationPath is empty), reloadIfNeededOnActivation() runs refresh() once. Additionally, load() captures the library state revision at request start; if local state changed during the in-flight request (revision mismatch), the response is discarded via finishDiscardedLoad() which either re-runs load (if a reload was queued) or restores .loaded/.idle, preventing a stale server response from clobbering a newer optimistic state.","Returning to Library tab after a mutation","/Users/melboonchan/Master/Projects/YTM/kaset/Sources/Kaset/ViewModels/LibraryViewModel.swift; /Users/melboonchan/Master/Projects/YTM/kaset/Sources/Kaset/Views/LibraryView.swift","P1","Tested — Pass","Static audit + unit/VM tests; live-app smoke; UI tests in CI","Pass","","","N/A",""
"LIB-10","Library, Liked Music, History, Favorites","Library cross-tab pending navigation","As a user, I want clicking an artist or playlist from another part of the app (e.g. the sidebar now-playing card) to deep-link into the Library tab's detail view so that navigation works across tabs.","On appear and whenever GlobalNavigationCoordinator.pendingArtist or pendingPlaylist changes, consumePendingNavigation() appends the pending artist/playlist to the Library navigationPath and clears the pending value, opening the corresponding detail page within the Library NavigationStack.","GlobalNavigationCoordinator (e.g. sidebar now-playing card click)","/Users/melboonchan/Master/Projects/YTM/kaset/Sources/Kaset/Views/LibraryView.swift","P2","Tested — Pass","Static audit + unit/VM tests; live-app smoke; UI tests in CI","Pass","","","N/A",""
"LIB-11","Library, Liked Music, History, Favorites","Library item context menus (favorites / share)","As a user, I want to right-click an artist or podcast in my Library to favorite it or share it so that I can manage and share items in place.","Artist grid cards show a context menu with a Favorites toggle (Add/Remove from Favorites, heart/heart.slash) plus a Share item (only if the artist has a valid channel-based shareURL). Podcast grid cards show a Favorites toggle. The Favorites toggle calls favoritesManager.toggle(...) which adds (insert at front) or removes the item and persists.","Right-click an artist or podcast card in Library","/Users/melboonchan/Master/Projects/YTM/kaset/Sources/Kaset/Views/LibraryView.swift; /Users/melboonchan/Master/Projects/YTM/kaset/Sources/Kaset/Views/SharedViews/FavoritesContextMenu.swift; /Users/melboonchan/Master/Projects/YTM/kaset/Sources/Kaset/Views/SharedViews/ShareContextMenu.swift","P2","Tested — Pass","Static audit + unit/VM tests; live-app smoke; UI tests in CI","Pass","","","N/A","List-mode rows and playlist grid cards do NOT expose a context menu (only the artist/podcast grid cards do)."
"LIB-12","Library, Liked Music, History, Favorites","Liked Music load with dedup and like-cache priming","As a signed-in user, I want my liked songs to load when I open Liked Music so that I can see and play everything I've thumbs-upped.","On first appearance (loadingState == .idle) load() runs: state .loading shows LoadingView('Loading liked songs...'), client.getLikedSongs() is called, returned songs are deduplicated by videoId (first occurrence wins), each song's likeStatus is forced to .like, hasMore is taken from the response, and every song's status is written into SongLikeStatusManager.shared cache as .like. State becomes .loaded. Cancellation resets to .idle for retry; other errors set .error(LoadingError) showing ErrorView. Offline shows the 'No Connection' ErrorView with a refresh retry.","Sidebar > Liked Music tab","/Users/melboonchan/Master/Projects/YTM/kaset/Sources/Kaset/ViewModels/LikedMusicViewModel.swift; /Users/melboonchan/Master/Projects/YTM/kaset/Sources/Kaset/Views/LikedMusicView.swift","P0","Tested — Pass","Static audit + unit/VM tests; live-app smoke; UI tests in CI","Pass","","","N/A",""
"LIB-13","Library, Liked Music, History, Favorites","Liked Music play all / shuffle / play song","As a user, I want to play all my liked songs in order, shuffle them, or play a single one so that I can listen however I like.","The header shows a heart icon, 'Liked Music' title, and '<count> songs'. When songs exist, a 'Play All' glass-prominent button calls playerService.playQueue(songs, startingAt: 0); a bordered shuffle button plays songs.shuffled() from index 0. Tapping a song row calls playQueue(songs, startingAt: index) so it plays from that position with the full liked list as the queue. The row context menu also offers a 'Play' action that plays only that song via playerService.play(song:).","Liked Music header buttons / song row tap / context menu","/Users/melboonchan/Master/Projects/YTM/kaset/Sources/Kaset/Views/LikedMusicView.swift","P0","Tested — Pass","Static audit + unit/VM tests; live-app smoke; UI tests in CI","Pass","","","N/A",""
"LIB-14","Library, Liked Music, History, Favorites","Liked Music infinite pagination","As a user with many liked songs, I want more songs to load automatically as I scroll so that I can reach my entire liked library.","Each row has a .task that, when its index is within 3 of the end (index >= count-3) and hasMore is true, calls loadMore(). loadMore() (guarded to run only when .loaded and hasMore) sets .loadingMore (a centered ProgressView shows at the list bottom), fetches getLikedSongsContinuation(), filters out videoIds already present, marks new songs as .like, appends them, primes the like-status cache, and updates hasMore. If the continuation is nil or yields no new unique songs, hasMore is set false and pagination stops. Continuation cancellation/errors return to .loaded so the user can retry.","Scrolling near the end of the liked songs list","/Users/melboonchan/Master/Projects/YTM/kaset/Sources/Kaset/ViewModels/LikedMusicViewModel.swift; /Users/melboonchan/Master/Projects/YTM/kaset/Sources/Kaset/Views/LikedMusicView.swift","P1","Tested — Pass","Static audit + unit/VM tests; live-app smoke; UI tests in CI","Pass","","","N/A",""
"LIB-15","Library, Liked Music, History, Favorites","Liked Music real-time like-status sync","As a user, I want a song I like or unlike anywhere in the app to appear or disappear in my Liked Music list immediately so that the list always reflects my current ratings.","MainWindow observes SongLikeStatusManager.lastLikeEvent and forwards each event to likedMusicViewModel.handleLikeStatusChange(event) regardless of the active tab. Sync only runs when state is .loaded or .loadingMore. On .like: if the event carries a song with complete metadata it is inserted at the top (deduped by videoId); if metadata is incomplete (empty/'Loading...' title, no artists, or all 'Unknown Artist'), a background live-sync task fetches client.getSong(videoId:) and inserts it once metadata is valid. On .indifferent/.dislike the song is removed from the list and any pending live-sync task for it is cancelled. refresh() cancels all live-sync tasks.","Like/unlike actions anywhere (player bar, context menus, other tabs)","/Users/melboonchan/Master/Projects/YTM/kaset/Sources/Kaset/ViewModels/LikedMusicViewModel.swift; /Users/melboonchan/Master/Projects/YTM/kaset/Sources/Kaset/Views/MainWindow.swift; /Users/melboonchan/Master/Projects/YTM/kaset/Sources/Kaset/Services/SongLikeStatusManager.swift","P0","Tested — Pass","Static audit + unit/VM tests; live-app smoke; UI tests in CI","Pass","","","N/A","Live-sync tasks are keyed by videoId with a UUID guard so a superseded fetch never inserts stale data."
"LIB-16","Library, Liked Music, History, Favorites","Liked Music song row context menu","As a user, I want a rich right-click menu on each liked song so that I can queue, play, favorite, unlike, start radio, share, or jump to its artist/album.","Right-clicking a liked song shows: Add to Queue (Play Next via insertNextInQueue, Add to Queue via appendToQueue); Play (play that song); Add/Remove from Favorites toggle; Unlike (SongActionsHelper.unlikeSong -> likeStatusManager.unlike, which removes the rating and triggers live-sync removal); Start Radio (playWithRadio); Share (NSSharingServicePicker if shareURL exists); Go to Artist (NavigationLink to first artist with a navigable ID); Go to Album (NavigationLink to a Playlist built from the album when album.hasNavigableId). Items are separated by dividers.","Right-click a song row in Liked Music","/Users/melboonchan/Master/Projects/YTM/kaset/Sources/Kaset/Views/LikedMusicView.swift; /Users/melboonchan/Master/Projects/YTM/kaset/Sources/Kaset/Views/SharedViews/SongActionsHelper.swift; /Users/melboonchan/Master/Projects/YTM/kaset/Sources/Kaset/Views/SharedViews/StartRadioContextMenu.swift","P1","Tested — Pass","Static audit + unit/VM tests; live-app smoke; UI tests in CI","Pass","","","N/A",""
"LIB-17","Library, Liked Music, History, Favorites","Liked/History song row hover affordance and thumbnail fallback","As a user, I want hovering a song row to reveal a play overlay and always see a thumbnail so that rows feel interactive and never look broken.","Hovering a row sets hoveredSongId, animating (easeInOut 0.12s) a black 45% overlay + white play.fill icon over the thumbnail and a subtle row background highlight; the cursor becomes a pointing hand over the thumbnail. SongThumbnailView loads the API thumbnail (high-quality URL) and, if that exact primary URL fails, automatically falls back to YouTube's public i.ytimg.com thumbnail; if both are missing it shows a quaternary placeholder with a music.note glyph. The row also shows duration and a play.circle trailing icon.","Hovering a song row in Liked Music or History","/Users/melboonchan/Master/Projects/YTM/kaset/Sources/Kaset/Views/LikedMusicView.swift; /Users/melboonchan/Master/Projects/YTM/kaset/Sources/Kaset/Views/HistoryView.swift; /Users/melboonchan/Master/Projects/YTM/kaset/Sources/Kaset/Views/SharedViews/SongThumbnailView.swift","P2","Tested — Pass","Static audit + unit/VM tests; live-app smoke; UI tests in CI","Pass","","","N/A",""
"LIB-18","Library, Liked Music, History, Favorites","Listening History load with time-grouped sections","As a user, I want my listening history grouped by time period so that I can revisit what I recently played.","On first appearance (loadingState == .idle) load() runs: state .loading shows LoadingView('Loading...'), client.getHistory() returns HomeSections grouped by time (Today, Yesterday, etc.); sections and initialSections are stored, hasMoreSections is taken from client.hasMoreHistorySections, state becomes .loaded, and background loading is kicked off. The header shows a clock icon, 'History' title, and '<today count> songs listened today' derived from the first section. Each section renders its title and its song rows; non-song items are filtered out. Cancellation resets to .idle; errors set .error(LoadingError) showing ErrorView; offline shows the 'No Connection' ErrorView.","Sidebar > History tab","/Users/melboonchan/Master/Projects/YTM/kaset/Sources/Kaset/ViewModels/HistoryViewModel.swift; /Users/melboonchan/Master/Projects/YTM/kaset/Sources/Kaset/Views/HistoryView.swift","P0","Tested — Pass","Static audit + unit/VM tests; live-app smoke; UI tests in CI","Pass","","","N/A",""
"LIB-19","Library, Liked Music, History, Favorites","History progressive background continuation loading","As a user, I want older history sections to keep loading in the background after the first page so that I can scroll through more history without manual paging.","After the initial load (and after refresh), startBackgroundLoading() waits ~300ms then loadMoreSections() loops while hasMoreSections and continuationsLoaded < maxContinuations (4) and state remains .loaded. Each getHistoryContinuation() appends sections and increments continuationsLoaded; a nil continuation sets hasMoreSections false and stops. The loop can skip a number of already-loaded continuations (used by refresh) so re-fetched pages aren't duplicated. Cancellation or an error breaks the loop quietly. The background task is cancelled in deinit and on reset.","Automatic after History load/refresh","/Users/melboonchan/Master/Projects/YTM/kaset/Sources/Kaset/ViewModels/HistoryViewModel.swift","P1","Tested — Pass","Static audit + unit/VM tests; live-app smoke; UI tests in CI","Pass","","","N/A",""
"LIB-20","Library, Liked Music, History, Favorites","History manual refresh with jitter-free diffing","As a user, I want to refresh my history and have it update only when something actually changed so that the view doesn't jump around unnecessarily.","The toolbar refresh button spins (rotates 360° in a repeating linear 0.8s animation) and is disabled while refreshing; both it and pull-to-refresh call performRefresh() which sets isRefreshing, awaits viewModel.refresh(), then clears it. refresh() cancels background loading, fetches getHistory(), and compares the new first page against initialSections via stable section/item IDs (sectionsChanged checks count, id, title, isChart, and item-id order). If unchanged it skips replacing the visible sections (returns false), preserving already-loaded paginated pages when continuationsLoaded > 0 and restarting background loading skipping those pages. If changed it replaces sections, resets continuationsLoaded, restarts background loading, and returns true. Cancellation/errors return false without disturbing existing data.","History toolbar refresh button or pull-to-refresh","/Users/melboonchan/Master/Projects/YTM/kaset/Sources/Kaset/Views/HistoryView.swift; /Users/melboonchan/Master/Projects/YTM/kaset/Sources/Kaset/ViewModels/HistoryViewModel.swift","P1","Fixed & retested","Static audit + unit/VM tests; live-app smoke; UI tests in CI","Pass (post-fix; 926 unit tests green; UI tests in CI)","F019(low): History page shows two Refresh buttons in the toolbar (MainWindow + HistoryView each add one)","low","Fixed (merged)",""
"LIB-21","Library, Liked Music, History, Favorites","History auto-refresh after playback changes","As a user, I want my history to update automatically a few seconds after I start a new song so that what I just played shows up without me refreshing.","On appear and whenever playerService.currentTrack?.videoId changes, schedulePlaybackRefreshIfNeeded(for:) runs. After the initial load, syncObservedPlayback establishes the baseline videoId. When a genuinely new videoId is observed while state is .loaded, it cancels any existing playbackRefreshTask and schedules refreshAfterPlaybackChange(): wait playbackRefreshDelay (3s), refresh(); if the first page didn't change, wait playbackRefreshRetryDelay (2s) and refresh once more. All sleeps/refreshes are cancellation-aware; a nil videoId clears the baseline.","Automatic when the currently playing track changes","/Users/melboonchan/Master/Projects/YTM/kaset/Sources/Kaset/ViewModels/HistoryViewModel.swift; /Users/melboonchan/Master/Projects/YTM/kaset/Sources/Kaset/Views/HistoryView.swift","P1","Fixed & retested","Static audit + unit/VM tests; live-app smoke; UI tests in CI","Pass (post-fix; 926 unit tests green; UI tests in CI)","F018(low): History list ForEach uses index-based identity (id: \.offset), the documented unstable-identity anti-pattern","low","Fixed (merged)",""
"LIB-22","Library, Liked Music, History, Favorites","History song row play and context menu","As a user, I want to play any song from my history and right-click it for more actions so that I can re-listen and manage tracks I've heard before.","Tapping a history song row calls playerService.playQueue(allSongs, startingAt: index) where allSongs are the songs of that section, so playback continues through the section. The row context menu mirrors Liked Music minus Unlike: Add to Queue (Play Next / Add to Queue), Play (single song), Add/Remove from Favorites toggle, Start Radio, Share, Go to Artist, and Go to Album (when album.hasNavigableId). Rows have stable IDs '<section.id>-<index>' and hover keys '<song.id>-<index>'.","History song row tap / right-click","/Users/melboonchan/Master/Projects/YTM/kaset/Sources/Kaset/Views/HistoryView.swift","P1","Fixed & retested","Static audit + unit/VM tests; live-app smoke; UI tests in CI","Pass (post-fix; 926 unit tests green; UI tests in CI)","F018(low): History list ForEach uses index-based identity (id: \.offset), the documented unstable-identity anti-pattern","low","Fixed (merged)",""
"LIB-23","Library, Liked Music, History, Favorites","History reset on account switch","As a user with multiple accounts, I want my history to clear and reload when I switch accounts so that I never see another account's history.","When AccountService.currentAccount.id changes, MainWindow invalidates all caches, calls historyViewModel.reset() (cancels background and playback-refresh tasks, clears sections/initialSections, resets hasMoreSections=true, continuationsLoaded=0, lastSeenPlaybackVideoId=nil, state=.idle), then reloads History (historyViewModel.load()) alongside refreshing all other content. The SongLikeStatusManager cache scope is account-aware so liked state is isolated per account.","Account switcher (changing the active account)","/Users/melboonchan/Master/Projects/YTM/kaset/Sources/Kaset/Views/MainWindow.swift; /Users/melboonchan/Master/Projects/YTM/kaset/Sources/Kaset/ViewModels/HistoryViewModel.swift; /Users/melboonchan/Master/Projects/YTM/kaset/Sources/Kaset/Services/SongLikeStatusManager.swift","P1","Tested — Pass","Static audit + unit/VM tests; live-app smoke; UI tests in CI","Pass","","","N/A",""
"LIB-24","Library, Liked Music, History, Favorites","Favorites section on Home","As a user, I want a Favorites shelf at the top of Home showing items I've pinned so that my most-loved content is one click away.","FavoritesSection appears on Home only when favoritesManager.isVisible (items not empty). It shows a 'Favorites' heading and a horizontal scroll of cards (160x160). Tapping a song plays it with radio (playWithRadio); tapping an album navigates to a Playlist built from it; tapping a playlist/artist/podcast navigates to that detail via the onNavigate closure (which appends to Home's navigationPath). Cards show high-quality thumbnails or a title-hashed gradient placeholder with a type icon; songs show a glass play overlay on hover. Cards expose accessibility labels with title/type/subtitle and a 'Drag to reorder' hint.","Home tab, top Favorites shelf","/Users/melboonchan/Master/Projects/YTM/kaset/Sources/Kaset/Views/SharedViews/FavoritesSection.swift; /Users/melboonchan/Master/Projects/YTM/kaset/Sources/Kaset/Views/HomeView.swift","P1","Tested — Pass","Static audit + unit/VM tests; live-app smoke; UI tests in CI","Pass","","","N/A",""
"LIB-25","Library, Liked Music, History, Favorites","Favorites drag-and-drop reordering","As a user, I want to drag favorite cards to reorder them so that I can arrange my pinned items in my preferred order.","Each FavoriteItemCard is .draggable(item) with a semi-transparent (0.8 opacity) drag preview and a .dropDestination(for: FavoriteItem.self). On drop, handleDrop finds the source and target indices; if both exist and differ, it computes destinationIndex (targetIndex+1 when moving forward, else targetIndex) and calls favoritesManager.move(from:to:), which reorders items and persists. FavoriteItem conforms to Transferable (CodableRepresentation) enabling the drag payload.","Drag a Favorites card onto another card","/Users/melboonchan/Master/Projects/YTM/kaset/Sources/Kaset/Views/SharedViews/FavoritesSection.swift; /Users/melboonchan/Master/Projects/YTM/kaset/Sources/Kaset/Services/FavoritesManager.swift; /Users/melboonchan/Master/Projects/YTM/kaset/Sources/Kaset/Models/FavoriteItem.swift","P1","Tested — Pass","Static audit + unit/VM tests; live-app smoke; UI tests in CI","Pass","","","N/A",""
"LIB-26","Library, Liked Music, History, Favorites","Favorites card context menu","As a user, I want to right-click a favorite to play/view it, reorder it, remove it, share it, or navigate to its artist/album so that I can manage pinned items fully from the shelf.","For a song: Play Next/Add to Queue and Play first. For album/playlist/artist/podcast: a 'View ...' button that runs handleTap (navigate). All items then offer 'Move to Top' (moveToTop) and 'Move to End' (moveToEnd), a destructive 'Remove from Favorites' (remove by contentId, heart.slash), a Share item (if a shareURL exists), and for songs Go to Artist / Go to Album when those have navigable IDs. Reorder/remove changes persist to disk.","Right-click a Favorites card","/Users/melboonchan/Master/Projects/YTM/kaset/Sources/Kaset/Views/SharedViews/FavoritesSection.swift; /Users/melboonchan/Master/Projects/YTM/kaset/Sources/Kaset/Services/FavoritesManager.swift","P1","Tested — Pass","Static audit + unit/VM tests; live-app smoke; UI tests in CI","Pass","","","N/A",""
"LIB-27","Library, Liked Music, History, Favorites","Toggle Favorites from anywhere via context menu","As a user, I want to add or remove songs, albums, playlists, artists, and podcasts from Favorites via context menus across the app so that I can pin content wherever I find it.","FavoritesContextMenu.menuItem(for:manager:) renders a single button labeled 'Add to Favorites' (heart) or 'Remove from Favorites' (heart.slash) based on manager.isPinned(...). Tapping calls favoritesManager.toggle(...): if already pinned (matched by contentId — videoId for songs, browseId for others) it removes; otherwise it inserts at the front (newest-first), deduping so the same contentId can't be added twice. Overloads exist for Song/Album/Playlist/Artist/PodcastShow and for HomeSectionItem/SearchResultItem.","Context menus in Library, Liked Music, History, Home, Search, detail views","/Users/melboonchan/Master/Projects/YTM/kaset/Sources/Kaset/Views/SharedViews/FavoritesContextMenu.swift; /Users/melboonchan/Master/Projects/YTM/kaset/Sources/Kaset/Services/FavoritesManager.swift","P0","Tested — Pass","Static audit + unit/VM tests; live-app smoke; UI tests in CI","Pass","","","N/A",""
"LIB-28","Library, Liked Music, History, Favorites","Favorites persistence across launches","As a user, I want my Favorites to be saved and restored between app launches so that my pinned items aren't lost.","On init (non-test), FavoritesManager.load() reads Application Support/Boombox/favorites.json synchronously and decodes [FavoriteItem]; a missing file starts empty and a decode error logs and resets to []. Every mutation (add/remove/toggle/move/moveToTop/moveToEnd/clearAll/reset) calls save(), which cancels any pending save, captures a snapshot, and writes atomically off the main actor after a 100ms debounce to coalesce rapid changes (creating the directory if needed). In UI-test mode it loads mock data from an env var and skips all disk persistence to protect live data.","App launch (load) and any Favorites mutation (save)","/Users/melboonchan/Master/Projects/YTM/kaset/Sources/Kaset/Services/FavoritesManager.swift; /Users/melboonchan/Master/Projects/YTM/kaset/Sources/Kaset/Models/FavoriteItem.swift","P1","Fixed & retested","Static audit + unit/VM tests; live-app smoke; UI tests in CI","Pass (post-fix; 926 unit tests green; UI tests in CI)","F009(medium): Favorites decode is all-or-nothing — one incompatible/corrupt entry wipes ALL favorites on disk","medium","Fixed (merged)",""
"LIB-29","Library, Liked Music, History, Favorites","Like / Dislike rating with optimistic update and rollback","As a user, I want to like, unlike, dislike, or remove a dislike on a song and have it apply instantly so that rating songs feels immediate while staying consistent with the server.","SongLikeStatusManager.like/unlike(.indifferent)/dislike/undislike(.indifferent) optimistically write the new status into the account-scoped cache and publish a LikeStatusEvent (which drives Liked Music sync and the player's currentTrackLikeStatus), then call client.rateSong(videoId:rating:). On success it keeps the status and returns it. On cancellation or error it restores the previous status (removing the cache entry if there was none) and publishes a rollback event. If no client is configured it warns and returns the existing/song/indifferent status without a network call. LikeDislikeContextMenu shows Like or Unlike (and conditionally Dislike/Remove Dislike) based on cached status; SongActionsHelper exposes likeSong/unlikeSong/dislikeSong/undislikeSong wrappers.","Like/Dislike controls and context-menu actions (player bar, Liked Music Unlike, etc.)","/Users/melboonchan/Master/Projects/YTM/kaset/Sources/Kaset/Services/SongLikeStatusManager.swift; /Users/melboonchan/Master/Projects/YTM/kaset/Sources/Kaset/Models/LikeStatus.swift; /Users/melboonchan/Master/Projects/YTM/kaset/Sources/Kaset/Views/SharedViews/SongActionsHelper.swift","P0","Fixed & retested","Static audit + unit/VM tests; live-app smoke; UI tests in CI","Pass (post-fix; 926 unit tests green; UI tests in CI)","F011(low): Rating actions are not serialized per song; overlapping like/unlike can leave server state inconsistent with UI","low","Fixed (merged)","publishEvent only fires for the active account scope, so a rating in a background account doesn't trigger UI sync for the foreground account."
"LYR-01","Lyrics & romanization","Open/close lyrics side panel","As a listener, I want to open and close a lyrics panel for the current track so that I can read along while a song plays.","Toggling lyrics sets playerService.showLyrics, which presents a right-side glass panel (GlassEffectContainer with .glassEffect(.regular.interactive()) and a materialize transition) animated in/out over 0.25s via .move(edge: .trailing) combined with opacity. The lyrics and queue panels are mutually exclusive: only one of showLyrics/showQueue renders at a time (in MainWindow.rightSidebarOverlay and PlayerPresentationSidebarOverlay the queue path only runs in the `else if showQueue` branch). The panel header always shows the title 'Lyrics'. Triggers: the View menu 'Show Lyrics'/'Hide Lyrics' command (KasetApp), the compact-player and focus-player toolbar buttons (icon quote.bubble vs quote.bubble.fill, isActive bound to showLyrics), and the keyboard shortcut.","View menu 'Show/Hide Lyrics'; compact & focus player toolbar Lyrics buttons; ⌘Y keyboard shortcut","/Users/melboonchan/Master/Projects/YTM/kaset/Sources/Kaset/Views/LyricsView.swift; /Users/melboonchan/Master/Projects/YTM/kaset/Sources/Kaset/Views/MainWindow.swift; /Users/melboonchan/Master/Projects/YTM/kaset/Sources/Kaset/Views/PlayerPresentationViews.swift; /Users/melboonchan/Master/Projects/YTM/kaset/Sources/Kaset/KasetApp.swift","P0","Tested — Pass","Static audit + unit/VM tests; live-app smoke; UI tests in CI","Pass","","","N/A","Lyrics and queue are mutually exclusive in the same right sidebar slot."
"LYR-02","Lyrics & romanization","Toggle lyrics with keyboard shortcut","As a keyboard user, I want a shortcut to toggle the lyrics panel so that I can show/hide lyrics without the mouse.","The toggleLyrics ShortcutAction defaults to ⌘Y (keyCode kVK_ANSI_Y, cmdKey, label 'Y'). The View menu button bound via .keyboardShortcut(for: .toggleLyrics) toggles playerService.showLyrics inside withAnimation(.easeInOut(duration: 0.2)). The label flips between 'Hide Lyrics' and 'Show Lyrics' based on current showLyrics state. The shortcut is in-app only.","⌘Y (default, user-customizable via shortcut settings)","/Users/melboonchan/Master/Projects/YTM/kaset/Sources/Kaset/Models/ShortcutAction.swift; /Users/melboonchan/Master/Projects/YTM/kaset/Sources/Kaset/KasetApp.swift; /Users/melboonchan/Master/Projects/YTM/kaset/Sources/Kaset/Views/SharedViews/HotkeyShortcut+SwiftUI.swift","P1","Tested — Pass","Static audit + unit/VM tests; live-app smoke; UI tests in CI","Pass","","","N/A","Default shortcut ⌘Y; rebindable."
"LYR-03","Lyrics & romanization","Close lyrics panel with Escape","As a listener, I want to press Escape to dismiss the lyrics panel so that I can quickly return to the normal view.","While showLyrics or showQueue is true, a hidden zero-opacity, accessibility-hidden Button with .keyboardShortcut(.escape, modifiers: []) is mounted in MainWindow. Pressing Esc runs withAnimation(.easeInOut(duration: 0.25)) and sets showLyrics = false (and showQueue = false if it was shown). The button is only present while a side panel is shown, so Esc otherwise does nothing here.","Esc key while lyrics panel is open","/Users/melboonchan/Master/Projects/YTM/kaset/Sources/Kaset/Views/MainWindow.swift","P1","Tested — Pass","Static audit + unit/VM tests; live-app smoke; UI tests in CI","Pass","","","N/A",""
"LYR-04","Lyrics & romanization","Load lyrics for current track","As a listener, I want lyrics to load automatically for whatever song is playing so that they always match the current track.","On panel .task and on PlayerService.currentTrack?.videoId change, loadLyrics(for:) runs if the new videoId differs from lastLoadedVideoId. It records lastLoadedVideoId, clears isLoadingFallback, and builds a LyricsSearchInfo from the track's title, artistsDisplay, album?.title, duration, and videoId. It guards that the track is still current before and after the async fetch (guard track.videoId == videoId; re-checks lastLoadedVideoId and currentTrack?.videoId before applying fallback) so stale results for a previously playing song are discarded.","Automatic on track change / panel appearance","/Users/melboonchan/Master/Projects/YTM/kaset/Sources/Kaset/Views/LyricsView.swift","P0","Tested — Pass","Static audit + unit/VM tests; live-app smoke; UI tests in CI","Pass","","","N/A","Uses artistsDisplay and album title in the search query."
"LYR-05","Lyrics & romanization","Synced (time-aligned) lyrics display","As a listener, I want time-synced lyrics that highlight the current line so that I can follow along precisely with the music.","When the result is .synced, SyncedLyricsDisplayView renders all lines in a centered LazyVStack (150pt top/bottom spacers). Each line's status is computed: upcoming if timeInMs > currentTimeMs; previous if currentTimeMs - timeInMs >= duration (and duration>0); otherwise current. Current line is bold size 26 in primary color, scaled 1.05, full opacity, no blur; previous lines are secondary at 0.6 opacity; upcoming are tertiary at 0.4 opacity with 0.5 blur. Status changes animate with a spring (response 0.4, damping 0.8). Empty lines render '♪'.","Automatic when synced lyrics are available and Enable Synced Lyrics is on","/Users/melboonchan/Master/Projects/YTM/kaset/Sources/Kaset/Views/SyncedLyricsDisplayView.swift; /Users/melboonchan/Master/Projects/YTM/kaset/Sources/Kaset/Models/SyncedLyrics.swift","P0","Tested — Pass","Static audit + unit/VM tests; live-app smoke; UI tests in CI","Pass","","","N/A",""
"LYR-06","Lyrics & romanization","Auto-scroll synced lyrics to current line","As a listener, I want the lyrics to auto-scroll to keep the current line centered so that I never lose my place.","SyncedLyricsDisplayView uses a ScrollViewReader. On currentTimeMs change it computes lyrics.currentLineIndex(at:) (the last line whose status is .current). When that line's id differs from the tracked currentLineId, it updates currentLineId and proxy.scrollTo(newId, anchor: .center) inside withAnimation(.spring(response: 0.8, dampingFraction: 0.8)). Scroll indicators are hidden.","Automatic during synced-lyrics playback","/Users/melboonchan/Master/Projects/YTM/kaset/Sources/Kaset/Views/SyncedLyricsDisplayView.swift; /Users/melboonchan/Master/Projects/YTM/kaset/Sources/Kaset/Models/SyncedLyrics.swift","P0","Tested — Pass","Static audit + unit/VM tests; live-app smoke; UI tests in CI","Pass","","","N/A",""
"LYR-07","Lyrics & romanization","Tap a synced line to seek","As a listener, I want to tap a lyric line to jump playback to that moment so that I can replay or skip to a part of the song.","Each SyncedLineView has a Rectangle contentShape and onTapGesture that calls onTap, which invokes onSeek(line.timeInMs). LyricsView wraps this so it runs a Task calling playerService.seek(to: Double(timeMs)/1000.0), converting the line's millisecond timestamp to seconds. The whole line area (including empty space around the text) is tappable.","Tap/click any lyric line in synced view","/Users/melboonchan/Master/Projects/YTM/kaset/Sources/Kaset/Views/SyncedLyricsDisplayView.swift; /Users/melboonchan/Master/Projects/YTM/kaset/Sources/Kaset/Views/LyricsView.swift","P0","Tested — Pass","Static audit + unit/VM tests; live-app smoke; UI tests in CI","Pass","","","N/A",""
"LYR-08","Lyrics & romanization","Plain (unsynced) lyrics display with source attribution","As a listener, I want to read plain scrollable lyrics with their source so that I can still see words when synced timing is unavailable.","When the result is .plain, LyricsView shows the full lyrics.text in a ScrollView as selectable text (.textSelection(.enabled)) at size 15 medium, line spacing 8. If lyrics.source is non-nil it renders a Divider and the source string in caption/tertiary below the lyrics. Lines are preserved from the original text's newline structure.","Automatic when only plain lyrics are available","/Users/melboonchan/Master/Projects/YTM/kaset/Sources/Kaset/Views/LyricsView.swift; /Users/melboonchan/Master/Projects/YTM/kaset/Sources/Kaset/Models/Lyrics.swift","P0","Tested — Pass","Static audit + unit/VM tests; live-app smoke; UI tests in CI","Pass","","","N/A",""
"LYR-09","Lyrics & romanization","Loading state","As a listener, I want a clear loading indicator while lyrics are being fetched so that I know the app is working.","While syncedLyricsService.isLoading OR the view's isLoadingFallback is true (and a track is playing), the content area shows a centered ProgressView (20x20) above the text 'Loading lyrics...' in subheadline/secondary. isLoading is set true at the start of fetchLyrics and cleared in applyResolvedLyrics; isLoadingFallback brackets the plain-lyrics fallback fetch.","Automatic during lyric fetch","/Users/melboonchan/Master/Projects/YTM/kaset/Sources/Kaset/Views/LyricsView.swift; /Users/melboonchan/Master/Projects/YTM/kaset/Sources/Kaset/Services/Lyrics/SyncedLyricsService.swift","P1","Tested — Pass","Static audit + unit/VM tests; live-app smoke; UI tests in CI","Pass","","","N/A",""
"LYR-10","Lyrics & romanization","No-track-playing empty state","As a listener, I want a helpful message when nothing is playing so that I understand why no lyrics are shown.","When playerService.currentTrack == nil, the panel shows a 'play.circle' icon (size 40, tertiary), the headline 'No Song Playing', and the subheadline 'Play a song to view its lyrics here.' centered. This state takes priority over loading/result states in contentView.","Automatic when no track is loaded","/Users/melboonchan/Master/Projects/YTM/kaset/Sources/Kaset/Views/LyricsView.swift","P1","Tested — Pass","Static audit + unit/VM tests; live-app smoke; UI tests in CI","Pass","","","N/A",""
"LYR-11","Lyrics & romanization","No-lyrics-available state","As a listener, I want a clear message when a song has no lyrics so that I am not left staring at a blank panel.","When the resolved result is .unavailable (after all providers and the plain fallback fail), the panel shows a 'music.note' icon (size 40, tertiary), the headline 'No Lyrics Available', and the subheadline 'There aren't any lyrics available for this song.' centered.","Automatic when no lyrics found for the track","/Users/melboonchan/Master/Projects/YTM/kaset/Sources/Kaset/Views/LyricsView.swift","P1","Tested — Pass","Static audit + unit/VM tests; live-app smoke; UI tests in CI","Pass","","","N/A",""
"LYR-12","Lyrics & romanization","Enable/disable synced lyrics setting","As a user, I want a setting to enable or disable synced lyrics so that I can control whether the app fetches real-time lyrics.","General settings exposes a Toggle 'Enable Synced Lyrics' (help: 'Fetch and display real-time synced lyrics when available') bound to SettingsManager.syncedLyricsEnabled, persisted to UserDefaults under 'settings.syncedLyricsEnabled', defaulting to true. In loadLyrics, if syncedLyricsEnabled is true it calls syncedLyricsService.fetchLyrics; if false it sets currentLyrics = .unavailable and activeProvider = nil (skipping the synced/LRCLib pipeline), then the plain-lyrics fallback path still runs since the result is .unavailable.","Settings → General → 'Enable Synced Lyrics' toggle","/Users/melboonchan/Master/Projects/YTM/kaset/Sources/Kaset/Views/GeneralSettingsView.swift; /Users/melboonchan/Master/Projects/YTM/kaset/Sources/Kaset/Services/SettingsManager.swift; /Users/melboonchan/Master/Projects/YTM/kaset/Sources/Kaset/Views/LyricsView.swift","P1","Tested — Pass","Static audit + unit/VM tests; live-app smoke; UI tests in CI","Pass","","","N/A","With synced disabled, app still attempts plain lyrics via client.getLyrics fallback."
"LYR-13","Lyrics & romanization","Romanize non-Latin lyrics setting","As a listener of non-English music, I want romanized text shown under non-Latin lyrics so that I can read along even if I can't read the original script.","General settings exposes a Toggle 'Romanize Lyrics' (help: 'Show romanized text (romaji, pinyin, etc.) below non-Latin lyrics') bound to SettingsManager.romanizationEnabled, persisted under 'settings.romanizationEnabled', defaulting to true. When enabled, SyncedLyricsService.displayLyrics calls romanizationService.romanizeAll and populates each line's romanizedText. In SyncedLineView the romanized text renders as an italic secondary/tertiary subtitle (size 18 current / 14 otherwise) only when romanizedText is present.","Settings → General → 'Romanize Lyrics' toggle","/Users/melboonchan/Master/Projects/YTM/kaset/Sources/Kaset/Views/GeneralSettingsView.swift; /Users/melboonchan/Master/Projects/YTM/kaset/Sources/Kaset/Services/Lyrics/Romanization/RomanizationService.swift; /Users/melboonchan/Master/Projects/YTM/kaset/Sources/Kaset/Services/Lyrics/SyncedLyricsService.swift; /Users/melboonchan/Master/Projects/YTM/kaset/Sources/Kaset/Views/SyncedLyricsDisplayView.swift","P1","Fixed & retested","Static audit + unit/VM tests; live-app smoke; UI tests in CI","Pass (post-fix; 926 unit tests green; UI tests in CI)","F032(low): Romanization (with per-line NLLanguageRecognizer) runs synchronously on the MainActor during lyric resolution","low","Fixed (merged)",""
"LYR-14","Lyrics & romanization","Live re-apply romanization on setting change","As a listener, I want romanization to appear or disappear immediately when I toggle the setting so that I don't have to change tracks to see the effect.","SyncedLyricsService.observeRomanizationSetting uses withObservationTracking on SettingsManager.romanizationEnabled; on change it hops to MainActor, calls refreshCurrentRomanization, and re-registers the observer. refreshCurrentRomanization rebuilds currentLyrics = .synced(displayLyrics(from: currentBaseSyncedLyrics)) from the stored base lyrics, so toggling romanization adds or strips the romaji subtitles on the currently displayed synced lyrics without refetching. Only applies when currentBaseSyncedLyrics exists (synced result).","Automatic on 'Romanize Lyrics' toggle change","/Users/melboonchan/Master/Projects/YTM/kaset/Sources/Kaset/Services/Lyrics/SyncedLyricsService.swift","P2","Fixed & retested","Static audit + unit/VM tests; live-app smoke; UI tests in CI","Pass (post-fix; 926 unit tests green; UI tests in CI)","F032(low): Romanization (with per-line NLLanguageRecognizer) runs synchronously on the MainActor during lyric resolution","low","Fixed (merged)",""
"LYR-15","Lyrics & romanization","Multi-script romanization (JP/KO/ZH/Thai/Bengali/Hindi)","As a listener of music in many languages, I want correct romanization per script so that Japanese, Korean, Chinese, Thai, Bengali, and Hindi lyrics are all transliterated.","RomanizationService.romanize skips Latin-only text (ScriptDetector.isLatinOnly), then routes by ScriptDetector.dominantScript: japanese→JapaneseRomanizer (CFStringTokenizer Latin transcription), korean→KoreanRomanizer, chinese→ChineseRomanizer (pinyin), thai→ThaiRomanizer, bengali→BengaliRomanizer, hindi→HindiRomanizer; unknown/other→nil. Script detection uses Unicode ranges plus NLLanguageRecognizer to disambiguate kana-free CJK between Japanese and Chinese. Results are canonicalized by TextCanonicalizer (collapse spaces, fix ' ' contractions, remove spaces before , and ., normalize NBSP/thin/hair/narrow spaces, trim). A result equal to the original (or empty) yields nil so no redundant subtitle is shown.","Automatic per-line when romanization enabled","/Users/melboonchan/Master/Projects/YTM/kaset/Sources/Kaset/Services/Lyrics/Romanization/RomanizationService.swift; /Users/melboonchan/Master/Projects/YTM/kaset/Sources/Kaset/Services/Lyrics/Romanization/ScriptDetector.swift; /Users/melboonchan/Master/Projects/YTM/kaset/Sources/Kaset/Services/Lyrics/Romanization/TextCanonicalizer.swift; /Users/melboonchan/Master/Projects/YTM/kaset/Sources/Kaset/Services/Lyrics/Romanization/Romanizers/JapaneseRomanizer.swift","P1","Tested — Pass","Static audit + unit/VM tests; live-app smoke; UI tests in CI","Pass","","","N/A",""
"LYR-16","Lyrics & romanization","Romanization caching","As a user, I want romanization to be fast and not redone repeatedly so that scrolling and toggling stay smooth.","RomanizationService keeps an in-memory cache [original text → romanized String?]. romanize returns the cached value (including a cached nil) before doing any script detection/transliteration. The cache persists for the service lifetime and can be reset via clearCache(). romanizeAll iterates lines and only includes those with a non-nil romanization in the returned [UUID: String].","Internal (automatic)","/Users/melboonchan/Master/Projects/YTM/kaset/Sources/Kaset/Services/Lyrics/Romanization/RomanizationService.swift","P2","Tested — Pass","Static audit + unit/VM tests; live-app smoke; UI tests in CI","Pass","","","N/A",""
"LYR-17","Lyrics & romanization","Multi-provider concurrent fetch and ranking","As a listener, I want the app to query multiple lyrics sources at once and pick the best result so that I get the most accurate, preferably synced, lyrics.","SyncedLyricsService is wired with providers [YTMusicSyncedProvider(client), LRCLibProvider()]. fetchLyrics runs all providers concurrently in a TaskGroup, collects ProviderResults, then selects the best via isBetter: rank synced(2) > plain(1) > unavailable(0); on a plain-vs-plain tie it prefers the provider named 'YTMusic'; remaining ties prefer the lower providerIndex (earlier in the list). The chosen result is applied as the displayed lyrics and its provider name becomes activeProvider.","Automatic on lyrics fetch","/Users/melboonchan/Master/Projects/YTM/kaset/Sources/Kaset/Services/Lyrics/SyncedLyricsService.swift; /Users/melboonchan/Master/Projects/YTM/kaset/Sources/Kaset/AppServices.swift; /Users/melboonchan/Master/Projects/YTM/kaset/Sources/Kaset/Services/Lyrics/Providers/YTMusicSyncedProvider.swift; /Users/melboonchan/Master/Projects/YTM/kaset/Sources/Kaset/Services/Lyrics/Providers/LRCLibProvider.swift","P0","Tested — Pass","Static audit + unit/VM tests; live-app smoke; UI tests in CI","Pass","","","N/A",""
"LYR-18","Lyrics & romanization","Plain lyrics fallback via YouTube Music browse","As a listener, I want plain lyrics fetched as a last resort so that I still see words even when no synced provider has the song.","After fetchLyrics resolves, if currentLyrics is still .unavailable, LyricsView sets isLoadingFallback and calls client.getLyrics(videoId:). That client method hits the 'next' endpoint, extracts the lyrics browse ID (browseId prefixed 'MPLYt' via LyricsParser.extractLyricsBrowseId), then the 'browse' endpoint (cached with APICache.TTL.lyrics) parsed by LyricsParser into plain text + source. The result is applied via fallbackToPlainLyrics, which refuses to overwrite an existing .synced result, sets .plain when available (caching it) or .unavailable otherwise. Errors are logged via DiagnosticsLogger.api and leave the unavailable state. Re-checks the videoId is still current before applying.","Automatic when synced/LRCLib produce no lyrics","/Users/melboonchan/Master/Projects/YTM/kaset/Sources/Kaset/Views/LyricsView.swift; /Users/melboonchan/Master/Projects/YTM/kaset/Sources/Kaset/Services/Lyrics/SyncedLyricsService.swift; /Users/melboonchan/Master/Projects/YTM/kaset/Sources/Kaset/Services/API/YTMusicClient.swift; /Users/melboonchan/Master/Projects/YTM/kaset/Sources/Kaset/Services/API/Parsers/LyricsParser.swift","P1","Tested — Pass","Static audit + unit/VM tests; live-app smoke; UI tests in CI","Pass","","","N/A",""
"LYR-19","Lyrics & romanization","In-memory lyrics caching and stale-fetch protection","As a listener, I want re-opening lyrics for a recently played song to be instant and not show stale results so that switching tracks is smooth and correct.","SyncedLyricsService caches LyricResult per videoId. On fetch, a cached .synced result is applied immediately (no refetch). Other cached results are shown immediately as a placeholder while providers refetch to prevent flicker. resolveLyrics caches synced and plain results; if a cached .plain exists it is preferred over a freshly fetched plain. A monotonic fetchGeneration counter (incremented per fetch) is captured as requestID; applyResolvedLyrics no-ops if requestID != fetchGeneration, discarding stale concurrent fetches.","Internal (automatic on repeated/rapid track changes)","/Users/melboonchan/Master/Projects/YTM/kaset/Sources/Kaset/Services/Lyrics/SyncedLyricsService.swift","P1","Tested — Pass","Static audit + unit/VM tests; live-app smoke; UI tests in CI","Pass","","","N/A",""
"LYR-20","Lyrics & romanization","High-frequency playback position polling for synced lyrics","As a listener, I want synced lyrics to track playback smoothly so that line highlighting and scrolling feel responsive.","When currentLyrics becomes .synced (and on appear), LyricsView calls SingletonPlayerWebView.shared.startLyricsPoll(), which sets isLyricsPollActive and invokes the JS window.startLyricsPoll: a 100ms setInterval posting LYRICS_TIME with the <video> currentTime. The native handler converts it to playerService.currentTimeMs = Int(time*1000) on MainActor, driving line status and auto-scroll. For non-synced results, on .onDisappear, the poll is stopped (stopLyricsPoll clears the interval and isLyricsPollActive). The poll is also restored after a WebView reload if isLyricsPollActive was true.","Automatic when synced lyrics panel is active","/Users/melboonchan/Master/Projects/YTM/kaset/Sources/Kaset/Views/LyricsView.swift; /Users/melboonchan/Master/Projects/YTM/kaset/Sources/Kaset/Views/SingletonPlayerWebView.swift; /Users/melboonchan/Master/Projects/YTM/kaset/Sources/Kaset/Views/SingletonPlayerWebView+ObserverScript.swift","P0","Tested — Pass","Static audit + unit/VM tests; live-app smoke; UI tests in CI","Pass","","","N/A","100ms poll is higher frequency than the normal 1Hz state poll; tied to synced lyrics being displayed."
"LYR-21","Lyrics & romanization","LRCLib provider search and best-match selection","As a listener, I want lyrics matched to the exact recording I'm hearing so that timing and content line up with my version of the song.","LRCLibProvider queries https://lrclib.net/api/search with track_name and artist_name and a 'Boombox/1.0' User-Agent. Non-200 responses, malformed URLs, or decode/network errors return .unavailable. It filters out entries that are instrumental or have neither synced nor plain lyrics. Among valid entries it picks the one whose duration is closest to the track's duration (when a target duration is provided); otherwise the first. If the chosen entry has syncedLyrics it parses them via LRCParser into .synced (source 'LRCLib'); else if plainLyrics exist it returns .plain with source 'Source: LRCLib'; else .unavailable.","Internal provider call during fetch","/Users/melboonchan/Master/Projects/YTM/kaset/Sources/Kaset/Services/Lyrics/Providers/LRCLibProvider.swift; /Users/melboonchan/Master/Projects/YTM/kaset/Sources/Kaset/Services/API/Parsers/LRCParser.swift","P1","Tested — Pass","Static audit + unit/VM tests; live-app smoke; UI tests in CI","Pass","","","N/A","Duration-closest matching helps pick the right recording among multiple results."
"LYR-22","Lyrics & romanization","YouTube Music timed-lyrics provider","As a listener, I want synced lyrics from YouTube Music itself so that I get official timed lyrics when available.","YTMusicSyncedProvider.search calls client.getTimedLyrics(videoId:); any thrown error is caught and returns .unavailable. getTimedLyrics hits the 'next' endpoint and uses LyricsParser.extractTimedLyrics, which recursively searches the JSON for a timedLyricsModel, reading each lyricsData entry's lyricLine, startTimeMs, and optional durationMs into SyncedLyricLine (source 'YTMusic'). If no timed model is found it falls back to the lyrics browse ID + browse endpoint for plain lyrics; returns .unavailable if nothing is found.","Internal provider call during fetch","/Users/melboonchan/Master/Projects/YTM/kaset/Sources/Kaset/Services/Lyrics/Providers/YTMusicSyncedProvider.swift; /Users/melboonchan/Master/Projects/YTM/kaset/Sources/Kaset/Services/API/YTMusicClient.swift; /Users/melboonchan/Master/Projects/YTM/kaset/Sources/Kaset/Services/API/Parsers/LyricsParser.swift","P1","Tested — Pass","Static audit + unit/VM tests; live-app smoke; UI tests in CI","Pass","","","N/A",""
"LYR-23","Lyrics & romanization","LRC format parsing (timestamps, metadata offset, word timing, gaps)","As a listener, I want LRC-format lyrics parsed accurately so that line timing, intro gaps, and karaoke word timing display correctly.","LRCParser parses [mm:ss.xx] timestamps (centiseconds normalized to ms via parseCentsToMs), supports multiple timestamps per line, and applies an [offset:N] metadata tag to shift all times (clamped to >=0). Pure metadata lines are skipped; lines with no time tag are ignored. Optional <mm:ss.xx>word inline word-level timing is extracted into TimedWord arrays and stripped from the displayed text. Lines are sorted by time; an empty leading line at 0ms is auto-inserted if the first line starts after 300ms; each line's duration is set to the gap to the next line, with the final line defaulting to 5000ms. Empty input returns nil (treated as unavailable upstream).","Internal during LRCLib synced parsing","/Users/melboonchan/Master/Projects/YTM/kaset/Sources/Kaset/Services/API/Parsers/LRCParser.swift; /Users/melboonchan/Master/Projects/YTM/kaset/Sources/Kaset/Models/SyncedLyrics.swift","P1","Tested — Pass","Static audit + unit/VM tests; live-app smoke; UI tests in CI","Pass","","","N/A","Auto-insert of a leading blank line gives the intro a '♪' placeholder before the first sung line."
"LYR-24","Lyrics & romanization","Resizable lyrics side panel width","As a user, I want to resize the lyrics panel by dragging its edge so that I can balance lyrics visibility with the rest of the app.","The right sidebar (used for both lyrics and queue) has a drag handle on its leading edge. Hovering shows the resizeLeftRight cursor; dragging left widens and right narrows the panel. The proposed width is computed from the drag start width minus translation and clamped between SettingsManager.sidePanelWidthMin and sidePanelWidthMax, then stored to settings.sidePanelWidth (persisted across launches). The panel renders at settings.sidePanelWidth.","Drag the handle on the leading edge of the lyrics panel","/Users/melboonchan/Master/Projects/YTM/kaset/Sources/Kaset/Views/MainWindow.swift; /Users/melboonchan/Master/Projects/YTM/kaset/Sources/Kaset/Services/SettingsManager.swift","P2","Tested — Pass","Static audit + unit/VM tests; live-app smoke; UI tests in CI","Pass","","","N/A","Width persistence is shared between the lyrics and queue panels."
"NAV-01","Navigation, window, sidebar, command bar, onboarding","Sidebar navigation","As a listener, I want a left sidebar that lists every section of the app grouped by purpose, so that I can jump to any area with one click.","Sidebar renders a List bound to the navigation selection with four sections: a top unlabeled section (Search, Home); 'Library' (Library, Liked Music); 'Discover' (Explore, New Releases); 'Activity' (History). Each row is a NavigationLink showing the item's localized displayName and SF Symbol icon (search=magnifyingglass, home=house, library=square.stack.fill, likedMusic=heart.fill, explore=globe, newReleases=sparkles, history=clock.arrow.circlepath). Uses .listStyle(.sidebar) inside a GlassEffectContainer. Column width constrained to min 200 / ideal 220 / max 300. Selecting any non-nil item fires HapticService.navigation(). Selecting a row swaps the detail pane to that section's cached view via MainWindow.viewForNavigationItem.","Left sidebar List in the main window (NavigationSplitView leading column)","/Users/melboonchan/Master/Projects/YTM/kaset/Sources/Kaset/Views/Sidebar.swift; /Users/melboonchan/Master/Projects/YTM/kaset/Sources/Kaset/Views/MainWindow.swift","P0","Fixed & retested","Static audit + unit/VM tests; live-app smoke; UI tests in CI","Pass (post-fix; 926 unit tests green; UI tests in CI)","F020(medium): Switching sidebar tabs destroys each tab's NavigationStack, losing the user's drill-down position","medium","Fixed (merged)","NavigationItem enum (search/home/library/likedMusic/explore/newReleases/history) defined in MainWindow.swift."
"NAV-02","Navigation, window, sidebar, command bar, onboarding","Cmd-number shortcut badges","As a keyboard user, I want each sidebar row to reveal its ⌘-number while I hold Command, so that I can learn and use numeric navigation shortcuts.","On appear the sidebar installs a local NSEvent .flagsChanged monitor; while Command is held isCommandHeld becomes true and each row overlays a CmdShortcutBadge ('⌘N') on the trailing edge with an opacity+scale transition (0.12s easeInOut). Badge number derives from Sidebar.cmdOrder [search, home, library, likedMusic, explore, newReleases, history] -> index+1, only for indices < 9 (so search=⌘1, home=⌘2, library=⌘3, likedMusic=⌘4, explore=⌘5, newReleases=⌘6, history=⌘7). Releasing Command hides all badges. The monitor is removed on disappear and isCommandHeld reset to false. Badges are accessibilityHidden. These visuals must stay in sync with the actual Cmd+1..7 shortcuts declared in KasetApp.","Hold the Command key while the sidebar is visible","/Users/melboonchan/Master/Projects/YTM/kaset/Sources/Kaset/Views/Sidebar.swift; /Users/melboonchan/Master/Projects/YTM/kaset/Sources/Kaset/Models/ShortcutAction.swift","P2","Tested — Pass","Static audit + unit/VM tests; live-app smoke; UI tests in CI","Pass","","","N/A","cmdOrder differs from rendered grouping order; badge numbers follow cmdOrder, not visual order."
"NAV-03","Navigation, window, sidebar, command bar, onboarding","Numeric/menu section navigation shortcuts","As a power user, I want global Cmd+number shortcuts and a Go menu to switch sections instantly, so that I do not need the mouse.","KasetApp replaces the default .sidebar command group with Navigation buttons: Search (⌘1), Home (⌘2), Library (⌘3), Liked Music (⌘4), Explore (⌘5), New Releases (⌘6), History (⌘7) — each sets navigationSelection to the matching NavigationItem. A divider then exposes Find (⌘F) and Command Bar (⌘L). All shortcuts resolve through KeyboardShortcutsManager (.keyboardShortcut(for:) helper) so user overrides apply; defaults come from ShortcutAction.defaultShortcut. Setting navigationSelection updates the sidebar selection and detail view.","Cmd+1..7 keystrokes, or the app menu bar Navigation group","/Users/melboonchan/Master/Projects/YTM/kaset/Sources/Kaset/KasetApp.swift; /Users/melboonchan/Master/Projects/YTM/kaset/Sources/Kaset/Models/ShortcutAction.swift; /Users/melboonchan/Master/Projects/YTM/kaset/Sources/Kaset/Services/KeyboardShortcutsManager.swift","P0","Tested — Pass","Static audit + unit/VM tests; live-app smoke; UI tests in CI","Pass","","","N/A",""
"NAV-04","Navigation, window, sidebar, command bar, onboarding","Launch section restoration","As a returning user, I want the app to open to my preferred or last-used section, so that I resume where I expect.","navigationSelection initial value is SettingsManager.shared.launchNavigationItem. SettingsManager.launchPage resolves .lastUsed to the persisted lastUsedPage, otherwise uses the configured defaultLaunchPage (default .home). launchNavigationItem maps that LaunchPage to its NavigationItem, so on cold launch the detail pane and sidebar selection reflect the user's launch preference.","App cold launch (window opens)","/Users/melboonchan/Master/Projects/YTM/kaset/Sources/Kaset/KasetApp.swift; /Users/melboonchan/Master/Projects/YTM/kaset/Sources/Kaset/Services/SettingsManager.swift","P1","Tested — Pass","Static audit + unit/VM tests; live-app smoke; UI tests in CI","Pass","","","N/A",""
"NAV-05","Navigation, window, sidebar, command bar, onboarding","Sidebar collapse/restore","As a user, I want to hide and re-show the sidebar with a shortcut, so that I can maximize content space.","A hidden zero-opacity Button bound to ShortcutAction.toggleSidebar (default ⌃⌘S) toggles columnVisibility between .all and .detailOnly with a 0.2s easeInOut animation; it only fires while Boombox is frontmost (no global conflict). isSidebarCollapsed is true whenever columnVisibility != .all and is published into the environment. When the window becomes key (NSWindow.didBecomeKeyNotification) after returning from Dock/app switcher, columnVisibility is forced back to .all so the sidebar reliably returns. Detail view animates collapse over 0.2s.","⌃⌘S keyboard shortcut (or window re-activation)","/Users/melboonchan/Master/Projects/YTM/kaset/Sources/Kaset/Views/MainWindow.swift; /Users/melboonchan/Master/Projects/YTM/kaset/Sources/Kaset/Models/ShortcutAction.swift","P1","Tested — Pass","Static audit + unit/VM tests; live-app smoke; UI tests in CI","Pass","","","N/A","Replaces the standard ⌘-backslash sidebar toggle via CommandGroup(replacing: .sidebar)."
"NAV-06","Navigation, window, sidebar, command bar, onboarding","Sidebar now-playing panel","As a listener, I want a now-playing artwork card in the sidebar that lets me play/pause and jump to the current artist or album, so that I keep control while browsing.","When SettingsManager.showSidebarNowPlayingPanel is true, NowPlayingSidebarPanel shows above the profile section with a divider. It renders 156pt artwork (SongThumbnailView for the current track, or a quaternary placeholder with a CassetteIcon when nothing is playing) on a glass card. Hovering shows a center play/pause button (symbol replace transition, triggers HapticService.playback + playerService.playPause) and two glass chips: 'Focus' (sets playerPresentationMode to .focus, HapticService.navigation, disabled when no track) and 'Hide' (sets showSidebarNowPlayingPanel=false, HapticService.toggle). Title is tappable when the track's album hasNavigableId -> globalNavigation.openAlbum (with fallback thumbnail); subtitle is tappable when an artist hasNavigableId -> globalNavigation.openArtist; both fire HapticService.navigation and show pointing-hand cursor and help tooltips. Title/subtitle fall back to 'Nothing Playing'/'Choose something to play'; missing artists show 'Unknown Artist'.","Sidebar lower panel (visible only when the panel setting is enabled); hover reveals controls","/Users/melboonchan/Master/Projects/YTM/kaset/Sources/Kaset/Views/NowPlayingSidebarPanel.swift; /Users/melboonchan/Master/Projects/YTM/kaset/Sources/Kaset/Views/Sidebar.swift","P1","Tested — Pass","Static audit + unit/VM tests; live-app smoke; UI tests in CI","Pass","","","N/A",""
"NAV-07","Navigation, window, sidebar, command bar, onboarding","Floating now-playing panel when sidebar collapsed","As a user who collapses the sidebar, I want the now-playing card to float in the detail view, so that I do not lose now-playing controls.","When isSidebarCollapsed is true and showSidebarNowPlayingPanel is enabled, MainWindow renders a 200pt-wide floating copy of NowPlayingSidebarPanel anchored bottom-leading of the detail view, padded leading 16 / bottom 4 inside a region clipped 76pt above the PlayerBar so it appears to slide from behind the bar. It uses a move(.bottom)+opacity transition and only accepts hit testing when both conditions hold. Animations track changes to isSidebarCollapsed and the panel setting (0.2s easeInOut).","Collapse the sidebar while the now-playing panel setting is enabled","/Users/melboonchan/Master/Projects/YTM/kaset/Sources/Kaset/Views/MainWindow.swift; /Users/melboonchan/Master/Projects/YTM/kaset/Sources/Kaset/Views/NowPlayingSidebarPanel.swift","P2","Tested — Pass","Static audit + unit/VM tests; live-app smoke; UI tests in CI","Pass","","","N/A",""
"NAV-08","Navigation, window, sidebar, command bar, onboarding","Command bar (Cmd+L) search & quick actions","As a power user, I want a floating command bar to search music and trigger playback actions, so that I can act fast without leaving my current view.","⌘L (ShortcutAction.openCommandBar) sets showCommandBar=true; MainWindow observes this, sets isCommandBarPresented=true and immediately resets the binding so re-requests work. The bar appears as a 500-wide glass panel 72pt from the top with an opacity+scale(0.95) transition (0.15s). A full-screen transparent Rectangle behind it dismisses on outside tap. The text field auto-focuses on appear. When input is empty it shows 'Quick Actions' chips: Play/Pause (toggles based on isPlaying via resume/pause), Next, Previous, Shuffle (toggleShuffle) — each runs its action then dismisses the bar. Esc (onExitCommand) dismisses. A clear (x) button appears when input is non-empty, clearing text and suggestions.","⌘L shortcut or Navigation menu 'Command Bar'; dismiss via Esc or outside tap","/Users/melboonchan/Master/Projects/YTM/kaset/Sources/Kaset/Views/CommandBarView.swift; /Users/melboonchan/Master/Projects/YTM/kaset/Sources/Kaset/Views/MainWindow.swift","P0","Tested — Pass","Static audit + unit/VM tests; live-app smoke; UI tests in CI","Pass","","","N/A",""
"NAV-09","Navigation, window, sidebar, command bar, onboarding","Command bar autocomplete & search routing","As a user, I want the command bar to suggest queries and route my search to the Search tab, so that searching is fast and lands on results.","Typing debounces 150ms then calls client.getSearchSuggestions(query:); while loading a small ProgressView shows in the 'Suggestions' header. Up to 6 visible suggestions render as rows; the selected row (arrow keys: Down increments to max count-1, Up decrements to -1) is highlighted with accent overlay. If there are no suggestions, a 'Search ""<query>""' fallback row appears. Enter (onSubmit) runs the highlighted suggestion or the trimmed input. Selecting/submitting runs runSearch: switches navigationSelection to .search, calls globalNavigation.popSearchToRoot() (resets Search NavigationStack to root), sets searchViewModel.selectedFilter=.all and query, calls searchImmediately() when non-empty, dismisses the bar, then after ~100ms sets searchFocusTrigger=true to focus the Search field. Suggestion fetch is cancelled on input change/disappear; stale results are dropped if the query changed; errors clear suggestions silently.","Type in the command bar text field; arrow keys + Enter or click a suggestion","/Users/melboonchan/Master/Projects/YTM/kaset/Sources/Kaset/Views/CommandBarView.swift; /Users/melboonchan/Master/Projects/YTM/kaset/Sources/Kaset/Services/GlobalNavigationCoordinator.swift; /Users/melboonchan/Master/Projects/YTM/kaset/Sources/Kaset/Views/SearchView.swift","P0","Tested — Pass","Static audit + unit/VM tests; live-app smoke; UI tests in CI","Pass","","","N/A",""
"NAV-10","Navigation, window, sidebar, command bar, onboarding","Focus Search field (Cmd+F)","As a user, I want ⌘F to take me to the Search tab and focus its field, so that I can start typing immediately even from a deep detail page.","ShortcutAction.focusSearchField (default ⌘F) menu 'Find' sets navigationSelection=.search, calls globalNavigation.popSearchToRoot() so a deep pushed detail page is popped to the search root first, then after a ~100ms delay sets searchFocusTrigger=true. SearchView observes focusTrigger and sets its search field focus, and observes popSearchToRootSignal to reset its NavigationPath to empty.","⌘F shortcut or app menu Navigation > Find","/Users/melboonchan/Master/Projects/YTM/kaset/Sources/Kaset/KasetApp.swift; /Users/melboonchan/Master/Projects/YTM/kaset/Sources/Kaset/Views/SearchView.swift; /Users/melboonchan/Master/Projects/YTM/kaset/Sources/Kaset/Services/GlobalNavigationCoordinator.swift","P1","Tested — Pass","Static audit + unit/VM tests; live-app smoke; UI tests in CI","Pass","","","N/A",""
"NAV-11","Navigation, window, sidebar, command bar, onboarding","Cross-tab navigation to artist/album/playlist","As a user, I want clicking an artist or album from a non-stack surface to open it in the Library tab, so that detail navigation works from anywhere.","GlobalNavigationCoordinator.openArtist(_) sets pendingArtist + pendingTab=.library; openAlbum(_, fallbackThumbnail:) wraps the album as a Playlist destination (album.asPlaylistDestination) into pendingPlaylist + pendingTab=.library. MainWindow observes pendingTab: if set and differs from current selection it switches navigationSelection, then clears pendingTab so re-requests to the same tab are detected. LibraryView consumes pending state on appear and on changes to pendingArtist/pendingPlaylist by appending the Artist/Playlist to its navigationPath and clearing the pending fields. NavigationDestinationsModifier resolves Artist->ArtistDetailView, Playlist->PlaylistDetailView (or MoodCategoryDetailView when the id is a mood category).","Tapping the now-playing panel title/subtitle (or other surfaces) that call openArtist/openAlbum","/Users/melboonchan/Master/Projects/YTM/kaset/Sources/Kaset/Services/GlobalNavigationCoordinator.swift; /Users/melboonchan/Master/Projects/YTM/kaset/Sources/Kaset/Views/MainWindow.swift; /Users/melboonchan/Master/Projects/YTM/kaset/Sources/Kaset/Views/LibraryView.swift; /Users/melboonchan/Master/Projects/YTM/kaset/Sources/Kaset/Views/SharedViews/NavigationDestinationsModifier.swift","P0","Fixed & retested","Static audit + unit/VM tests; live-app smoke; UI tests in CI","Pass (post-fix; 926 unit tests green; UI tests in CI)","F020(medium): Switching sidebar tabs destroys each tab's NavigationStack, losing the user's drill-down position","medium","Fixed (merged)",""
"NAV-12","Navigation, window, sidebar, command bar, onboarding","Navigation destination registration","As a user, I want every linkable item type to open the correct detail screen, so that tapping playlists, artists, albums, mood categories, top songs, all-albums and podcasts always works.","The navigationDestinations(client:) modifier registers destinations for Playlist (PlaylistDetailView, but MoodCategoryDetailView when MoodCategory.isMoodCategory(id) and the id parses; falls back to PlaylistDetailView if parse fails), MoodCategory (MoodCategoryDetailView), Artist (ArtistDetailView, passing libraryViewModel), TopSongsDestination (TopSongsView), AllAlbumsDestination (AllAlbumsView), and PodcastShow (PodcastShowView with libraryViewModel injected). Lyrics sidebar is intentionally handled globally outside the NavigationSplitView, not here. Each destination builds a fresh view model from the shared client.","Tapping any NavigationLink/value-based link inside Library or Search stacks","/Users/melboonchan/Master/Projects/YTM/kaset/Sources/Kaset/Views/SharedViews/NavigationDestinationsModifier.swift","P0","Tested — Pass","Static audit + unit/VM tests; live-app smoke; UI tests in CI","Pass","","","N/A",""
"NAV-13","Navigation, window, sidebar, command bar, onboarding","Trackpad/scroll/mouse back-forward navigation","As a user, I want to swipe back and forward (or use mouse side buttons) within a navigation stack, so that browsing feels like Safari.","navigationSwipeGestures(path:) installs local monitors. (1) .swipe events: deltaX>0 flashes the back indicator and pops the stack (goBack); deltaX<0 flashes forward and restores (goForward). (2) Scroll-wheel swipes: only on phase .began, when swipe-tracking-from-scroll is enabled, with precise deltas, horizontal dominant (|dx|>|dy|, |dx|>0.1), and only if there is somewhere to go (path non-empty for back, forwardStack non-empty for forward); promotes to NSEvent.trackSwipeEvent with lockDirection+clampGestureAmount, drives a live Safari-style chevron indicator (leading when progress>0.02 and path non-empty; trailing when progress<-0.02 and forwardStack non-empty), and on completion (>=0.999 back / <=-0.999 forward) navigates then fades the indicator. (3) Other-mouse buttons: button 3 = back, button 4 = forward, consuming the event. goBack snapshots the path into forwardStack before removeLast; goForward pops the snapshot and restores it (marking isRestoringForward). Any external push (newCount>oldCount, not a forward restore) clears forwardStack.","Two/three-finger horizontal swipe, horizontal scroll momentum, or mouse buttons 4/5 inside Library or Search","/Users/melboonchan/Master/Projects/YTM/kaset/Sources/Kaset/Views/SharedViews/NavigationSwipeGestures.swift; /Users/melboonchan/Master/Projects/YTM/kaset/Sources/Kaset/Views/LibraryView.swift; /Users/melboonchan/Master/Projects/YTM/kaset/Sources/Kaset/Views/SearchView.swift","P1","Fixed & retested","Static audit + unit/VM tests; live-app smoke; UI tests in CI","Pass (post-fix; 926 unit tests green; UI tests in CI)","F025(medium): Swipe-back scroll tracking may capture horizontal carousel scrolls inside pushed detail views","medium","Fixed (merged)",""
"NAV-14","Navigation, window, sidebar, command bar, onboarding","Onboarding / unauthenticated landing","As a new user, I want a welcome screen explaining the app and a Sign in button, so that I understand the app and can log in.","While AuthService.state.isInitializing MainWindow shows the initializingView (CassetteIcon + ProgressView) to avoid an onboarding flash. When not logged in (and not initializing) it shows OnboardingView: CassetteIcon, 'Welcome to Boombox' title, subtitle, four FeatureRows (Background Playback, Native Interface, Media Keys, Your Library), and a glassProminent 'Sign in with Google' button that presents LoginSheet, plus caption help text. Min frame 500x500. When logged in it shows authenticatedContent.","App launch while logged out; 'Sign in with Google' button","/Users/melboonchan/Master/Projects/YTM/kaset/Sources/Kaset/Views/OnboardingView.swift; /Users/melboonchan/Master/Projects/YTM/kaset/Sources/Kaset/Views/MainWindow.swift","P0","Tested — Pass","Static audit + unit/VM tests; live-app smoke; UI tests in CI","Pass","","","N/A",""
"NAV-15","Navigation, window, sidebar, command bar, onboarding","Login sheet (embedded + Safari fallback)","As a user, I want to sign in to YouTube Music inside the app with a Safari fallback for passkeys, so that I can authenticate reliably.","LoginSheet (520x700) shows a header (title + caption that changes per mode, with a ProgressView while checking) and either embedded mode (LoginWebView; navigating to YouTube Music triggers a login check; a footer offers 'Use Safari sign-in') or safariFallback mode (SafariSignInFallbackView with onImportCompleted -> check, onUseEmbeddedSignIn -> back to embedded). On appear it polls every 2s and also checks when WebKit cookiesDidChange. checkForSuccessfulLoginAsync (guarded against re-entrancy) waits 300ms, reads SAPISID; if found it forces a cookie backup, waits 200ms more, calls authService.completeLogin(sapisid:), cancels polling, and dismisses. Poll task cancels on disappear.","Sign in button (Onboarding or login sheet), or auto-presented on re-auth","/Users/melboonchan/Master/Projects/YTM/kaset/Sources/Kaset/Views/LoginSheet.swift; /Users/melboonchan/Master/Projects/YTM/kaset/Sources/Kaset/Services/Auth/AuthService.swift","P0","Tested — Pass","Static audit + unit/VM tests; live-app smoke; UI tests in CI","Pass","","","N/A",""
"NAV-16","Navigation, window, sidebar, command bar, onboarding","Auth state transitions & re-auth handling","As a user, I want the app to react to login, logout and session expiry correctly, so that content refreshes and I am prompted to re-authenticate when needed.","On root .task the app calls authService.checkLoginStatus() (waits for initial cookie restore, reads SAPISID; sets .loggedIn or .loggedOut) then accountService.fetchAccounts(). MainWindow.handleAuthStateChange: .loggedOut clears accounts; .loggingIn shows the login sheet; .loggedIn hides the sheet, fetches accounts, and if transitioning from .loggingIn waits 500ms then parallel-refreshes Home/Explore/Library. Observing authService.needsReauth==true (set by sessionExpired on 401/403) presents the login sheet. Sign-in completion routes through completeLogin.","App launch, completing login, or API 401/403 triggering session expiry","/Users/melboonchan/Master/Projects/YTM/kaset/Sources/Kaset/Views/MainWindow.swift; /Users/melboonchan/Master/Projects/YTM/kaset/Sources/Kaset/Services/Auth/AuthService.swift; /Users/melboonchan/Master/Projects/YTM/kaset/Sources/Kaset/KasetApp.swift","P0","Tested — Pass","Static audit + unit/VM tests; live-app smoke; UI tests in CI","Pass","","","N/A",""
"NAV-17","Navigation, window, sidebar, command bar, onboarding","Sidebar profile / account switcher","As a multi-account user, I want a profile section at the bottom of the sidebar to see who I am and switch accounts, so that I can manage brand accounts.","SidebarProfileView shows: logged-in with currentAccount -> a button with avatar (CachedAsyncImage 64px target, circle clip, or placeholder), name, optional handle; if hasBrandAccounts it shows a chevron.up.chevron.down and tapping opens AccountSwitcherPopover (arrowEdge .top), otherwise tapping does nothing. Logged-in but account not yet fetched -> skeleton loading state; account fetch error (lastError set, not loading) -> error state ('Failed to load' / 'Tap to retry') that on tap clears the error and re-fetches. Logged-out -> 'Not signed in' with a person icon. AccountSwitcherPopover lists all accounts (selected highlighted), shows a header ProgressView while loading, and each row's onSelect calls accountService.switchAccount(to:) and dismisses on success (keeps popover open on error to allow retry).","Profile button at the bottom of the sidebar","/Users/melboonchan/Master/Projects/YTM/kaset/Sources/Kaset/Views/SidebarProfileView.swift; /Users/melboonchan/Master/Projects/YTM/kaset/Sources/Kaset/Views/AccountSwitcherPopover.swift","P1","Tested — Pass","Static audit + unit/VM tests; live-app smoke; UI tests in CI","Pass","","","N/A",""
"NAV-18","Navigation, window, sidebar, command bar, onboarding","Account switch content refresh & error toast","As a user switching accounts, I want all content to refresh for the new account and to be told if a switch fails, so that I always see the right data.","When accountService.currentAccount.id changes, MainWindow resets track status, invalidates APICache and URLCache, and (if the new id is non-nil) resets the history view model and parallel-refreshes Home/Explore/NewReleases/Liked/History/Library while re-fetching current track metadata. Account fetch/switch failures surface via AccountErrorToast: an error toast slides in from the top (spring 0.3s) on errorSequence change when lastError != nil, showing a YTMusicError's localizedDescription or 'Failed to load accounts...'/'Failed to switch account...' based on lastErrorWasFetch; it auto-dismisses after 4s or via the dismiss (x) button, clearing the error.","Selecting a different account in the switcher (success refreshes; failure shows toast)","/Users/melboonchan/Master/Projects/YTM/kaset/Sources/Kaset/Views/MainWindow.swift; /Users/melboonchan/Master/Projects/YTM/kaset/Sources/Kaset/Views/ToastView.swift","P1","Tested — Pass","Static audit + unit/VM tests; live-app smoke; UI tests in CI","Pass","","","N/A",""
"NAV-19","Navigation, window, sidebar, command bar, onboarding","Detail toolbar: refresh, display mode, density","As a user, I want a window toolbar to refresh the current page and switch its layout/density, so that I can tailor browsing.","The detail view toolbar shows a primaryAction Refresh button (arrow.clockwise, ShortcutAction.refreshPage default ⌘R) that runs refreshCurrentPage() for the active section and is disabled when currentPageSupportsRefresh is false (Search and no-selection do not support refresh). When currentPageSupportsViewMode (Library, Home) a segmented Display Mode picker bound to settings.displayMode appears; when currentPageSupportsDensity (Home, Library) a segmented Density picker bound to settings.displayDensity appears. refreshCurrentPage routes to the matching view model's refresh/load; Search/none are no-ops.","Window toolbar buttons/pickers (top of detail view)","/Users/melboonchan/Master/Projects/YTM/kaset/Sources/Kaset/Views/MainWindow.swift; /Users/melboonchan/Master/Projects/YTM/kaset/Sources/Kaset/Models/ShortcutAction.swift","P1","Tested — Pass","Static audit + unit/VM tests; live-app smoke; UI tests in CI","Pass","","","N/A",""
"NAV-20","Navigation, window, sidebar, command bar, onboarding","Right side panel (lyrics/queue) with drag-resize & swipe-switch","As a listener, I want a resizable right panel showing lyrics or the queue, dismissible with Esc, so that I can control my session alongside browsing.","A right overlay shows LyricsView when showLyrics, or QueueSidePanelView/QueueView when showQueue (mutually exclusive), animated 0.25s easeInOut, padded 76pt above the PlayerBar. A 8pt leading drag handle (resize cursor on hover) drags to resize: dragging left widens, right narrows, clamped to SettingsManager.sidePanelWidthMin/Max (280–600) and persisted to settings.sidePanelWidth (snapshot taken at drag start to avoid compounding). A SidePanelSwipeSwitchModifier allows switching between lyrics/queue by swipe. A hidden zero-opacity Esc button closes whichever panel is open (0.25s animation).","Show Lyrics/Queue (toggles), drag handle on the panel's left edge, Esc to close","/Users/melboonchan/Master/Projects/YTM/kaset/Sources/Kaset/Views/MainWindow.swift; /Users/melboonchan/Master/Projects/YTM/kaset/Sources/Kaset/Services/SettingsManager.swift","P1","Tested — Pass","Static audit + unit/VM tests; live-app smoke; UI tests in CI","Pass","","","N/A",""
"NAV-21","Navigation, window, sidebar, command bar, onboarding","Window lifecycle: close-hides, background audio, reopen","As a listener, I want closing the window to keep audio playing in the background and clicking the Dock icon to bring it back, so that I never lose playback.","AppDelegate.windowShouldClose orders the window out instead of closing (returns false) so the WebView survives for background audio (UI test mode closes normally). applicationShouldTerminateAfterLastWindowClosed returns false (true only in UI tests) so the app stays alive after closing the window; ⌘Q quits. applicationShouldHandleReopen and applicationDidBecomeActive call showMainWindowIfNeeded, which re-shows the stored main window (or finds it by frameAutosaveName 'BoomboxMainWindow' / any main-capable window). The window uses frame autosave so size/position persist across launches. The 'Boombox' Window menu item (ShortcutAction.showMainWindow default ⌘0) also brings the window forward and activates the app.","Closing the window (red button/⌘W), clicking the Dock icon, or Window menu > Boombox (⌘0)","/Users/melboonchan/Master/Projects/YTM/kaset/Sources/Kaset/AppDelegate.swift; /Users/melboonchan/Master/Projects/YTM/kaset/Sources/Kaset/KasetApp.swift","P0","Tested — Pass","Static audit + unit/VM tests; live-app smoke; UI tests in CI","Pass","","","N/A",""
"NAV-22","Navigation, window, sidebar, command bar, onboarding","Dock menu controls","As a user, I want a Dock-icon menu with now-playing info and playback/window controls, so that I can control the app without focusing the window.","applicationDockMenu builds a menu with a now-playing header (track title + artists, or 'No Track Playing'; titles truncated to 56 chars), then Play/Pause, Previous Track, Next Track (enabled when a current/pending track exists; fall back to direct SingletonPlayerWebView calls if PlayerService is nil), then Like/Unlike (with checkmark state, enabled with a current track), Show/Hide Lyrics and Show/Hide Queue (checkmark state; toggling shows+activates the main window), then Focus Player / Small Player toggles (enabled with a current track or when already in that mode; post a playerPresentationModeRequested notification and activate the window), and Show/Hide Now Playing Panel (toggles the setting and activates the window).","Right-click / long-press the app's Dock icon","/Users/melboonchan/Master/Projects/YTM/kaset/Sources/Kaset/AppDelegate.swift","P1","Tested — Pass","Static audit + unit/VM tests; live-app smoke; UI tests in CI","Pass","","","N/A",""
"NAV-23","Navigation, window, sidebar, command bar, onboarding","Menu bar status item & popover","As a user, I want an optional menu bar item with a mini player I can open via a global hotkey, so that I can control playback from the system menu bar.","When settings.menuBarItemEnabled is true, KasetApp lazily creates a MenuBarController and installs an NSStatusItem (radio.fill template icon, tooltip 'Boombox'). Clicking the status item or triggering the configured global hotkey (settings.menuBarHotkey, applied only when the menu bar item is enabled) toggles a transient NSPopover hosting MenuBarPlayerView (which can open the main window). The popover auto-sizes to content, dismisses on outside click (global mouse monitor), and routes scroll-wheel-over-popover to volume changes (0.01 sensitivity, clamped 0–1, HapticService.sliderBoundary at min/max). Disabling the setting removes the status item and unregisters the hotkey; changing the hotkey re-applies it.","Menu bar status item (when enabled in settings) or its global hotkey","/Users/melboonchan/Master/Projects/YTM/kaset/Sources/Kaset/Services/MenuBarController.swift; /Users/melboonchan/Master/Projects/YTM/kaset/Sources/Kaset/KasetApp.swift; /Users/melboonchan/Master/Projects/YTM/kaset/Sources/Kaset/Services/SettingsManager.swift","P1","Fixed & retested","Static audit + unit/VM tests; live-app smoke; UI tests in CI","Pass (post-fix; 926 unit tests green; UI tests in CI)","F033(low): MenuBarController popover event/scroll monitors leak when the transient popover auto-closes","low","Fixed (merged)",""
"NAV-24","Navigation, window, sidebar, command bar, onboarding","Player presentation mode switching (standard/focus/compact)","As a listener, I want to switch between the standard window, a focus player and a small player, so that I can choose how much chrome to see.","authenticatedContent switches on playerPresentationMode: .standard shows mainContent (sidebar + detail), .focus shows FocusPlayerView, .compact shows CompactPlayerView. Playback menu provides Focus Player (ShortcutAction.toggleFocusPlayer default ⇧⌘F, disabled with no current track) and Small Player (ShortcutAction.toggleSmallPlayer default ⇧⌘M) toggles back to .standard. Changing the mode hides/shows the window toolbar and toolbar background (visible only in .standard), animates 0.2s, mirrors the mode to AppDelegate, and calls transitionPlayerPresentationMode for same-window resizing. A .playerPresentationModeRequested notification (e.g. from the Dock menu) also switches modes with animation.","Playback menu (⇧⌘F / ⇧⌘M), now-playing panel Focus chip, or Dock menu","/Users/melboonchan/Master/Projects/YTM/kaset/Sources/Kaset/Views/MainWindow.swift; /Users/melboonchan/Master/Projects/YTM/kaset/Sources/Kaset/KasetApp.swift; /Users/melboonchan/Master/Projects/YTM/kaset/Sources/Kaset/AppDelegate.swift","P1","Tested — Pass","Static audit + unit/VM tests; live-app smoke; UI tests in CI","Pass","","","N/A",""
"NAV-25","Navigation, window, sidebar, command bar, onboarding","Initializing & no-selection states","As a user, I want clear placeholder states while the app checks login or when no section is selected, so that I am never shown a blank or flashing screen.","During auth initialization MainWindow shows the initializingView (tinted CassetteIcon size 60 + regular ProgressView, min frame 900x600) instead of onboarding, preventing an onboarding flash. The main content enforces minWidth 900 / minHeight 600. If navigationSelection is nil the detail pane shows a secondary 'Select an item from the sidebar' placeholder. Each section view is only constructed once its cached view model exists.","App launch (initializing) and any state where no sidebar item is selected","/Users/melboonchan/Master/Projects/YTM/kaset/Sources/Kaset/Views/MainWindow.swift","P2","Tested — Pass","Static audit + unit/VM tests; live-app smoke; UI tests in CI","Pass","","","N/A",""
"NAV-26","Navigation, window, sidebar, command bar, onboarding","Persistent hidden/mini WebView playback bootstrap","As a listener, I want playback to start reliably and confirm itself, so that the first track plays even with autoplay restrictions.","When playerService.pendingPlayVideoId is set, MainWindow mounts PersistentPlayerView (singleton WebView). It shows compact (120x68, 0.95 opacity, hit-testable, shadow) when showMiniPlayer is true with a close (x) button calling confirmPlaybackStarted(), otherwise collapses to 1x1, opacity 0, non-hit-testable. Hiding disables animation (no shrink) while showing eases in over 0.2s. When playerService.isPlaying becomes true and (showMiniPlayer or the session-autoplay gate has not opened), confirmPlaybackStarted() is called to open the gate. NowPlayingManager.shared is configured with the player service on .task.","Starting playback of any track (automatic; the mini WebView appears only on the first interaction)","/Users/melboonchan/Master/Projects/YTM/kaset/Sources/Kaset/Views/MainWindow.swift","P1","Tested — Pass","Static audit + unit/VM tests; live-app smoke; UI tests in CI","Pass","","","N/A",""
"NAV-27","Navigation, window, sidebar, command bar, onboarding","Current-track like sync across surfaces","As a user, I want my like/unlike actions to stay consistent across the player and Liked Music wherever I am, so that the UI never shows stale state.","MainWindow observes likeStatusManager.lastLikeEvent: if the event's videoId matches the current track it updates playerService.currentTrackLikeStatus, and it always forwards the event to likedMusicViewModel.handleLikeStatusChange so the Liked Music list stays in sync regardless of which tab is active.","Liking/unliking a song anywhere (player bar, list, Dock menu)","/Users/melboonchan/Master/Projects/YTM/kaset/Sources/Kaset/Views/MainWindow.swift","P2","Tested — Pass","Static audit + unit/VM tests; live-app smoke; UI tests in CI","Pass","","","N/A",""
"NAV-28","Navigation, window, sidebar, command bar, onboarding","Window menu show-main-window fallback","As a user, I want a reliable way to surface the main window from the Window menu, so that I can recover it even after closing.","KasetApp adds a 'Boombox' Window menu item after windowArrangement (ShortcutAction.showMainWindow default ⌘0). showMainWindow first looks for the window whose frameAutosaveName is 'BoomboxMainWindow', makes it key/front and activates the app; if not found it falls back to any window that canBecomeMain.","App menu Window > Boombox (⌘0)","/Users/melboonchan/Master/Projects/YTM/kaset/Sources/Kaset/KasetApp.swift","P2","Tested — Pass","Static audit + unit/VM tests; live-app smoke; UI tests in CI","Pass","","","N/A",""
"PLAY-01","Playback engine & player surfaces (bar, mini, menubar, now-playing sidebar, presentation modes)","Play / Pause toggle","As a listener, I want to play and pause the current track so that I can control audio on demand.","Tapping the play/pause control calls playPause(). If a restored session load is deferred (isPendingRestoredLoadDeferred) or a pending video must be loaded before playback, it routes to resume() which begins loading the pending video into SingletonPlayerWebView (state -> .loading). Otherwise: if a pendingPlayVideoId exists it forwards play/pause to the WebView; if currently playing it pauses; if paused it resumes. The icon toggles between play.fill and pause.fill with a symbol-replace transition. confirmPlaybackStarted() (from the WebView observer) sets state=.playing, hides the legacy mini player, and records hasUserInteractedThisSession=true (opening the autoplay gate so future loads auto-play without the popup). Play/Pause is also bound to the Space key in PlayerBar and the Playback menu (disabled when there is no currentTrack and no pendingPlayVideoId). Each press fires HapticService.playback().","Play/Pause button in PlayerBar, MenuBarPlayerView, Focus/Compact transport, NowPlayingSidebarPanel artwork hover button; Space key; Playback menu; remote command center / media keys","/Users/melboonchan/Master/Projects/YTM/kaset/Sources/Kaset/Services/Player/PlayerService.swift; /Users/melboonchan/Master/Projects/YTM/kaset/Sources/Kaset/Views/PlayerBar.swift; /Users/melboonchan/Master/Projects/YTM/kaset/Sources/Kaset/Services/Player/NowPlayingManager.swift","P0","Fixed & retested","Static audit + unit/VM tests; live-app smoke; UI tests in CI","Pass (post-fix; 926 unit tests green; UI tests in CI)","F024(medium): Global PlayerBar key shortcuts (Space, ⌘←/→/↑/↓) can intercept text editing in the Search field","medium","Fixed (merged)","Brief .loading is shown until the WebView observer confirms playback."
"PLAY-02","Playback engine & player surfaces (bar, mini, menubar, now-playing sidebar, presentation modes)","Next track (queue-aware skip)","As a listener, I want to skip to the next track so that I can move through my queue or mix.","next() clears restored-session state, then prioritizes the local queue. With shuffle on, it jumps to a random index (pushing the current index to a forward-skip stack so Back can return), plays it, and triggers infinite-mix fetch. With shuffle off: if not at the last item, it advances by one, plays, and fetches more mix songs if near the end; if at the end with repeat-all it wraps to index 0; if at the end with a mixContinuationToken it fetches more and only advances if new songs were appended; if at the end with repeat off and no continuation, it does nothing. Each advance persists the queue. With no local queue it forwards to SingletonPlayerWebView.next() only if a pendingPlayVideoId exists. Bound to Cmd+Right, the Playback menu Next button, and the remote next-track command. Fires HapticService.playback().","Next button in all player surfaces; Cmd+Right; Playback menu; remote/media next command","/Users/melboonchan/Master/Projects/YTM/kaset/Sources/Kaset/Services/Player/PlayerService.swift; /Users/melboonchan/Master/Projects/YTM/kaset/Sources/Kaset/Services/Player/PlayerService+Queue.swift; /Users/melboonchan/Master/Projects/YTM/kaset/Sources/Kaset/Views/PlayerBar.swift","P0","Fixed & retested","Static audit + unit/VM tests; live-app smoke; UI tests in CI","Pass (post-fix; 926 unit tests green; UI tests in CI)","F001(medium): Shuffle Next can replay the current track and never reach some songs (random index includes current index)","medium","Fixed (merged)","Repeat-one is NOT applied to the Next button; repeat-one replay only happens on natural track end."
"PLAY-03","Playback engine & player surfaces (bar, mini, menubar, now-playing sidebar, presentation modes)","Previous track / restart","As a listener, I want Previous to restart the current track or go back so that back-navigation feels natural.","previous() clears restored-session state. With a local queue: if progress > 3s it seeks to 0 (restart current track) using seek(to:) so progress updates immediately. If near the start (<=3s): it first pops the forward-skip stack to return to the exact index a prior next() left from (shuffle/seek-safe); else if currentIndex>0 it steps back one; else (at start) it restarts the current track at 0. With no local queue: if progress>3s it seeks to 0, otherwise forwards to SingletonPlayerWebView.previous(). Bound to Cmd+Left, the Playback menu Previous button, and the remote previous-track command. Fires HapticService.playback().","Previous button in all player surfaces; Cmd+Left; Playback menu; remote/media previous command","/Users/melboonchan/Master/Projects/YTM/kaset/Sources/Kaset/Services/Player/PlayerService.swift; /Users/melboonchan/Master/Projects/YTM/kaset/Sources/Kaset/Views/PlayerBar.swift","P0","Fixed & retested","Static audit + unit/VM tests; live-app smoke; UI tests in CI","Pass (post-fix; 926 unit tests green; UI tests in CI)","F001(medium): Shuffle Next can replay the current track and never reach some songs (random index includes current index)","medium","Fixed (merged)","3-second threshold mirrors standard music-player Back behavior."
"PLAY-04","Playback engine & player surfaces (bar, mini, menubar, now-playing sidebar, presentation modes)","Seek / scrubbing","As a listener, I want to scrub to any point in the track so that I can jump to a specific position.","Dragging the seek slider sets isSeeking=true and shows live elapsed/remaining times computed from seekValue*duration; on release performSeek() multiplies the normalized value by duration and calls seek(to:). seek(to:) clamps to [0, duration] (or >=0 when duration unknown). If a restored load is deferred it stores pendingRestoredSeek and updates progress without touching the WebView. Otherwise it clears restored state and either calls SingletonPlayerWebView.seek (updating progress immediately) or evaluates seekTo. The slider is disabled when duration<=0. While not seeking, the bar syncs seekValue from progress/duration and formats elapsed/-remaining strings only when the integer second changes (perf). In PlayerBar the seek bar replaces track info only when a track is playing AND (the sidebar now-playing panel is shown OR hovering OR seeking). The remote changePlaybackPositionCommand also calls seek(to:).","Seek slider in PlayerBar (on hover), MenuBarPlayerView scrubber, Focus/Compact NowPlayingProgressView; remote scrubbing","/Users/melboonchan/Master/Projects/YTM/kaset/Sources/Kaset/Views/PlayerBar.swift; /Users/melboonchan/Master/Projects/YTM/kaset/Sources/Kaset/Views/PlayerPresentationViews.swift; /Users/melboonchan/Master/Projects/YTM/kaset/Sources/Kaset/Views/MenuBarPlayerView.swift","P0","Tested — Pass","Static audit + unit/VM tests; live-app smoke; UI tests in CI","Pass","","","N/A","Times format as m:ss or h:mm:ss; guards against non-finite/negative values."
"PLAY-05","Playback engine & player surfaces (bar, mini, menubar, now-playing sidebar, presentation modes)","Volume control with perceptual curve","As a listener, I want to adjust volume smoothly so that loudness changes feel natural and persist.","The volume slider uses VolumeCurve (exponent 2.2): slider value maps to output via pow(value,2.2) and back via the inverse, giving finer low-end control. Dragging applies volume in real time (isAdjustingVolume) and on release; setVolume clamps to [0,1], persists to UserDefaults key playerVolume, and forwards to the WebView (setVolume or setVolume(int%)). The speaker icon switches among speaker.slash.fill (0), speaker.wave.1.fill (<0.5), speaker.wave.2.fill (>=0.5). Cmd+Up / Cmd+Down (and Playback menu Volume Up/Down) step by +/-0.1 of slider value via steppedOutputVolume. HapticService.sliderBoundary() fires when the slider crosses to exactly 0 or 1. Saved volume is restored on launch (clamped to 0..1).","Volume slider in PlayerBar / MenuBarPlayerView / NowPlayingVolumeControl; Cmd+Up/Down; Playback menu; menu-bar scroll-to-adjust","/Users/melboonchan/Master/Projects/YTM/kaset/Sources/Kaset/Utilities/VolumeCurve.swift; /Users/melboonchan/Master/Projects/YTM/kaset/Sources/Kaset/Views/PlayerBar.swift; /Users/melboonchan/Master/Projects/YTM/kaset/Sources/Kaset/Services/Player/PlayerService.swift","P0","Tested — Pass","Static audit + unit/VM tests; live-app smoke; UI tests in CI","Pass","","","N/A","Volume 0 is treated as mute (isMuted == volume==0)."
"PLAY-06","Playback engine & player surfaces (bar, mini, menubar, now-playing sidebar, presentation modes)","Mute / unmute","As a listener, I want to mute and unmute so that I can silence audio without losing my level.","toggleMute() mutes by saving the current volume into volumeBeforeMute (persisted to UserDefaults key playerVolumeBeforeMute) and setting volume to 0; unmuting restores volumeBeforeMute (falling back to 1.0 if it was 0). isMuted is derived from volume==0. The compact/now-playing volume control exposes a dedicated speaker button that toggles mute and updates its accessibility label (Mute/Unmute). The Playback menu shows Mute/Unmute and calls toggleMute(). volumeBeforeMute is restored on launch so unmute works after a restart.","Speaker button in NowPlayingVolumeControl; Playback menu Mute/Unmute; dragging volume to 0","/Users/melboonchan/Master/Projects/YTM/kaset/Sources/Kaset/Services/Player/PlayerService.swift; /Users/melboonchan/Master/Projects/YTM/kaset/Sources/Kaset/Views/PlayerPresentationViews.swift; /Users/melboonchan/Master/Projects/YTM/kaset/Sources/Kaset/KasetApp.swift","P1","Tested — Pass","Static audit + unit/VM tests; live-app smoke; UI tests in CI","Pass","","","N/A","Setting volume to 0 via the slider also counts as muted but does not separately stash volumeBeforeMute."
"PLAY-07","Playback engine & player surfaces (bar, mini, menubar, now-playing sidebar, presentation modes)","Shuffle toggle (playback mode)","As a listener, I want to toggle shuffle so that the next track is chosen randomly.","toggleShuffle() flips shuffleEnabled and, when SettingsManager.rememberPlaybackSettings is on, persists it to UserDefaults (playerShuffleEnabled). When on, next() picks a random queue index instead of advancing sequentially. The shuffle button tints red (active) vs primary, with accessibility value On/Off. Restored at launch only if rememberPlaybackSettings is enabled. Fires HapticService.toggle().","Shuffle button in PlayerBar and MenuBarPlayerView transport; Playback menu (Shuffle On/Off, shortcut)","/Users/melboonchan/Master/Projects/YTM/kaset/Sources/Kaset/Services/Player/PlayerService.swift; /Users/melboonchan/Master/Projects/YTM/kaset/Sources/Kaset/Views/PlayerBar.swift; /Users/melboonchan/Master/Projects/YTM/kaset/Sources/Kaset/Views/MenuBarPlayerView.swift","P1","Fixed & retested","Static audit + unit/VM tests; live-app smoke; UI tests in CI","Pass (post-fix; 926 unit tests green; UI tests in CI)","F001(medium): Shuffle Next can replay the current track and never reach some songs (random index includes current index)","medium","Fixed (merged)","Distinct from shuffleQueue() which one-time shuffles the queue array."
"PLAY-08","Playback engine & player surfaces (bar, mini, menubar, now-playing sidebar, presentation modes)","Repeat mode cycling","As a listener, I want to cycle repeat off/all/one so that playback loops the way I want.","cycleRepeatMode() rotates off -> all -> one -> off and (when rememberPlaybackSettings is on) persists the string to UserDefaults (playerRepeatMode), restored at launch with an unknown-value guard defaulting to off. The repeat button shows repeat (off/all) or repeat.1 (one), tinted red when not off, with accessibility value Off/All/One. Repeat-all wraps next() to index 0 at the end; repeat-one replays the current queue song on natural track end (handled in WebQueueSync, with in-place restart when aligned and forced full-page reload fallbacks for YouTube autoplay drift). Fires HapticService.toggle().","Repeat button in PlayerBar and MenuBarPlayerView; Playback menu (cycle repeat shortcut)","/Users/melboonchan/Master/Projects/YTM/kaset/Sources/Kaset/Services/Player/PlayerService.swift; /Users/melboonchan/Master/Projects/YTM/kaset/Sources/Kaset/Services/Player/PlayerService+WebQueueSync.swift; /Users/melboonchan/Master/Projects/YTM/kaset/Sources/Kaset/Views/PlayerBar.swift","P1","Tested — Pass","Static audit + unit/VM tests; live-app smoke; UI tests in CI","Pass","","","N/A","Repeat-one safety net throttles bursty WebView metadata to 450ms to avoid replay storms."
"PLAY-09","Playback engine & player surfaces (bar, mini, menubar, now-playing sidebar, presentation modes)","Like / unlike current track","As a listener, I want to thumbs-up the playing track so that it influences recommendations and my likes.","likeCurrentTrack() toggles: if already .like it sets .indifferent (removes the like), else .like. It optimistically updates currentTrackLikeStatus, then delegates to SongLikeStatusManager.like/unlike with the active account ID and the YTMusicClient, and applies the returned final status only if the active account and current videoId are unchanged. The like button shows hand.thumbsup.fill (red, bounce effect) when liked vs hand.thumbsup; disabled when no currentTrack. updateLikeStatus() from the WebView never overrides a cached SongLikeStatusManager value (WebView often reports INDIFFERENT defaults).","Like button in PlayerBar, MenuBarPlayerView footer, CompactPlayerActionRow, NowPlayingFocusActions","/Users/melboonchan/Master/Projects/YTM/kaset/Sources/Kaset/Services/Player/PlayerService+Library.swift; /Users/melboonchan/Master/Projects/YTM/kaset/Sources/Kaset/Views/PlayerBar.swift; /Users/melboonchan/Master/Projects/YTM/kaset/Sources/Kaset/Views/PlayerPresentationViews.swift","P1","Tested — Pass","Static audit + unit/VM tests; live-app smoke; UI tests in CI","Pass","","","N/A","Player surfaces expose Like only; dislike exists in the service (dislikeCurrentTrack) but is not surfaced here."
"PLAY-10","Playback engine & player surfaces (bar, mini, menubar, now-playing sidebar, presentation modes)","Play a song / play a queue (entry into playback)","As a listener, I want to start a song or a list of songs so that playback begins from a chosen point.","play(song:) sets state=.loading, sets currentTrack, marks isKasetInitiatedPlayback=true (to detect/correct YouTube autoplay override), seeds feedback tokens/library/like status from the song and the SongLikeStatusManager cache, sets pendingPlayVideoId, and only auto-loads the video into the WebView if hasUserInteractedThisSession is true (first playback stays hidden until confirmed). Missing feedback tokens trigger a background fetchSongMetadata. play(videoId:) builds a Loading... placeholder track and fetches metadata. playQueue(_:startingAt:) records undo, clamps the start index, clears mixContinuationToken, and plays the start song; playFromQueue(at:) plays an arbitrary queue index and fetches more mix songs if near the end.","Song rows / play buttons across the app, queue rows (MenuBarQueueRow onPlay -> playFromQueue), restored-session resume","/Users/melboonchan/Master/Projects/YTM/kaset/Sources/Kaset/Services/Player/PlayerService.swift; /Users/melboonchan/Master/Projects/YTM/kaset/Sources/Kaset/Services/Player/PlayerService+Queue.swift","P0","Tested — Pass","Static audit + unit/VM tests; live-app smoke; UI tests in CI","Pass","","","N/A","webLoadStrategy controls duplicate-videoId handling (in-place restart vs forced full page load)."
"PLAY-11","Playback engine & player surfaces (bar, mini, menubar, now-playing sidebar, presentation modes)","Radio & infinite mix queues","As a listener, I want radio and infinite mixes so that music keeps playing endlessly from a seed.","playWithRadio(song:) starts a one-song queue, plays it, then fetches a radio queue and reorders so the current song is at the front (deduping the seed). playWithMix(playlistId:startVideoId:) fetches a mix queue, stores a continuationToken, shuffles the returned songs for variety, sets the queue, and plays the first. fetchMoreMixSongsIfNeeded() runs when within 10 songs of the end (and not already fetching, and a token exists), fetching a continuation, filtering out videoIds already in the queue (dedup), appending new songs as a new array (to trigger @Observable), updating the token, and persisting. Failures are logged and leave the queue intact. next()/playFromQueue trigger the top-up.","Radio / Mix actions elsewhere in app; automatic top-up when nearing queue end","/Users/melboonchan/Master/Projects/YTM/kaset/Sources/Kaset/Services/Player/PlayerService+Queue.swift","P1","Tested — Pass","Static audit + unit/VM tests; live-app smoke; UI tests in CI","Pass","","","N/A","Mix continuation is cleared whenever a non-mix queue (playQueue/radio) or manual clear replaces it."
"PLAY-12","Playback engine & player surfaces (bar, mini, menubar, now-playing sidebar, presentation modes)","Queue undo / redo and edit operations","As a listener, I want to undo queue changes and edit the queue so that mistakes are recoverable.","Queue-mutating operations (playQueue, radio, mix, clear, insertNext, remove, reorder, shuffle, append) call recordQueueStateForUndo() first, capturing (queue,currentIndex) into a history capped at 10 and clearing redo. undoQueue()/redoQueue() pop the respective history, clamp currentIndex, persist, and clear the forward-skip stack; canUndoQueue/canRedoQueue gate availability. insertNextInQueue inserts after the current track; removeFromQueue(videoIds:) deletes matches and re-resolves currentIndex to the current track (or clamps); reorderQueue (IndexSet or videoIds) refuses to move/displace the current track and re-resolves its index; shuffleQueue keeps the current track at the front; appendToQueue adds to the end. All persist via saveQueueForPersistence and clear the forward-skip stack (except undo/redo which preserve their own).","Queue panel context menus / drag-and-drop / clear buttons (QueueView, QueueSidePanelView); service API","/Users/melboonchan/Master/Projects/YTM/kaset/Sources/Kaset/Services/Player/PlayerService.swift; /Users/melboonchan/Master/Projects/YTM/kaset/Sources/Kaset/Services/Player/PlayerService+Queue.swift","P1","Tested — Pass","Static audit + unit/VM tests; live-app smoke; UI tests in CI","Pass","","","N/A","Undo history is in-memory only (not persisted across launches)."
"PLAY-13","Playback engine & player surfaces (bar, mini, menubar, now-playing sidebar, presentation modes)","Queue panel vs lyrics panel (mutual exclusivity & display mode)","As a listener, I want to open the queue or lyrics so that I can review upcoming songs or read words.","showQueue and showLyrics are mutually exclusive: setting one true closes the other via didSet. The PlayerBar queue and lyrics buttons toggle these (red when active). queueDisplayMode (.popup vs .sidepanel) is toggled by toggleQueueDisplayMode(), persisted to UserDefaults (boombox.queue.displayMode) and restored at launch. In Focus/Compact presentation, the sidebar overlay shows LyricsView when showLyrics, else QueueSidePanelView or QueueView depending on queueDisplayMode, with a move+opacity transition. The menu-bar player has its own inline expand/collapse Show/Hide Queue toggle (isQueueExpanded) independent of showQueue.","Queue/Lyrics buttons in PlayerBar, CompactPlayerActionRow, NowPlayingFocusActions; Playback menu Show/Hide Lyrics; MenuBar Show/Hide Queue","/Users/melboonchan/Master/Projects/YTM/kaset/Sources/Kaset/Services/Player/PlayerService.swift; /Users/melboonchan/Master/Projects/YTM/kaset/Sources/Kaset/Views/PlayerBar.swift; /Users/melboonchan/Master/Projects/YTM/kaset/Sources/Kaset/Views/PlayerPresentationViews.swift","P1","Tested — Pass","Static audit + unit/VM tests; live-app smoke; UI tests in CI","Pass","","","N/A","Lyrics content/loading is owned by LyricsView (separate domain); this story covers the toggle wiring."
"PLAY-14","Playback engine & player surfaces (bar, mini, menubar, now-playing sidebar, presentation modes)","Now Playing sidebar panel","As a listener, I want a now-playing artwork panel in the sidebar so that I can see and act on the current track.","NowPlayingSidebarPanel shows large artwork (or a quaternary cassette-icon placeholder when no track), title, and artist on a glass card. Hovering the artwork reveals a centered play/pause button (only when a track exists) plus Focus and Hide actions: Focus switches playerPresentationMode to .focus (disabled when no track); Hide sets showSidebarNowPlayingPanel=false. The title is a button opening the album when the track has a navigable album id (Go to Album); the subtitle is a button opening the first navigable artist (Go to Artist); otherwise they render as plain text. The PlayerBar's leading chevron button toggles showSidebarNowPlayingPanel, with chevron direction adapting to sidebar collapse state (up/down when collapsed, left/right when expanded). When the sidebar is collapsed, a floating copy of the panel is rendered at the bottom-leading and only hit-tests when shown.","Sidebar now-playing card; PlayerBar chevron toggle; hover actions on artwork","/Users/melboonchan/Master/Projects/YTM/kaset/Sources/Kaset/Views/NowPlayingSidebarPanel.swift; /Users/melboonchan/Master/Projects/YTM/kaset/Sources/Kaset/Views/PlayerBar.swift; /Users/melboonchan/Master/Projects/YTM/kaset/Sources/Kaset/Views/MainWindow.swift","P1","Tested — Pass","Static audit + unit/VM tests; live-app smoke; UI tests in CI","Pass","","","N/A","Empty state strings: 'Nothing Playing' / 'Choose something to play'."
"PLAY-15","Playback engine & player surfaces (bar, mini, menubar, now-playing sidebar, presentation modes)","Focus Player (full-window presentation)","As a listener, I want a full-window now-playing view so that I can immerse in the current track.","Selecting Focus switches playerPresentationMode to .focus, hiding the window toolbar and rendering FocusPlayerView: an accent background derived from the high-quality artwork URL plus a regular-material overlay, large artwork beside a detail column (large-title title block, progress/seek slider, large transport controls, and Like/Lyrics/Queue focus actions). A trailing overlay shows lyrics or the queue when toggled. An exit button (top-trailing) plus the Escape key and an Escape keyboard shortcut return to .standard. The window adopts presentation chrome (hidden title, transparent titlebar, full-size content) via PlayerPresentationWindowCoordinator and restores it on exit. The Focus menu item / shortcut is disabled when there is no current track.","Sidebar Focus button; Playback menu 'Focus Player' (+shortcut); AppDelegate notification toggle","/Users/melboonchan/Master/Projects/YTM/kaset/Sources/Kaset/Views/PlayerPresentationViews.swift; /Users/melboonchan/Master/Projects/YTM/kaset/Sources/Kaset/Models/PlayerPresentationMode.swift; /Users/melboonchan/Master/Projects/YTM/kaset/Sources/Kaset/PlayerPresentationWindowCoordinator.swift","P1","Tested — Pass","Static audit + unit/VM tests; live-app smoke; UI tests in CI","Pass","","","N/A","Focus does not resize the window to a fixed frame; it only changes chrome (unlike compact)."
"PLAY-16","Playback engine & player surfaces (bar, mini, menubar, now-playing sidebar, presentation modes)","Small (Compact) Player (resized same-window presentation)","As a listener, I want a compact mini player window so that the app takes minimal space while playing.","Selecting Small Player switches to .compact, hiding the toolbar and rendering CompactPlayerView (accent background + material, centered artwork, title block, progress slider, regular transport, action row of Like/Lyrics/Queue/Output, and a mute+volume control). PlayerPresentationWindowCoordinator captures the standard frame/min sizes and chrome, then animates the window to a centered 420x640 frame (min 360x540) with presentation chrome; exiting restores the original frame, min sizes, and chrome. A back button (top-trailing) returns to .standard. The compact menu/shortcut stays enabled when already in compact even with no track (so the user can exit), but is disabled when no track and not already compact. Transitions are generation-guarded so rapid mode switches don't apply stale frames.","Playback menu 'Small Player' (+shortcut); back button; AppDelegate notification toggle","/Users/melboonchan/Master/Projects/YTM/kaset/Sources/Kaset/Views/PlayerPresentationViews.swift; /Users/melboonchan/Master/Projects/YTM/kaset/Sources/Kaset/PlayerPresentationWindowCoordinator.swift; /Users/melboonchan/Master/Projects/YTM/kaset/Sources/Kaset/KasetApp.swift","P1","Tested — Pass","Static audit + unit/VM tests; live-app smoke; UI tests in CI","Pass","","","N/A","compactFrame centers on the stored standard frame's midpoint."
"PLAY-17","Playback engine & player surfaces (bar, mini, menubar, now-playing sidebar, presentation modes)","Menu bar mini player","As a listener, I want a menu-bar popover player so that I can control playback without the main window.","When the menu-bar item is enabled, MenuBarController installs an NSStatusItem (radio.fill template icon). Clicking it toggles a transient NSPopover hosting MenuBarPlayerView: artwork (or cassette placeholder + 'Boombox'/'Nothing Playing'), audio-output menu, an Open Boombox button (macwindow) that activates and fronts the main window, a scrubber, transport (shuffle/prev/play/next/repeat, disabled when no track and no pending video), a volume row, a footer with Like and a Show/Hide Queue toggle that expands an inline queue list (capped ~6 rows; 'Queue is empty' when empty; current row highlighted red with a speaker icon and plays on tap via playFromQueue). A global event monitor dismisses on outside click; a local scroll monitor turns scroll-anywhere-in-popover into volume changes (0.01 sensitivity) with boundary haptics. A global hotkey can toggle the popover (only while the menu-bar item is enabled). The popover resizes to its intrinsic content as the queue expands.","Menu-bar status item click; global hotkey; Open Boombox button; queue rows; scroll-to-adjust volume","/Users/melboonchan/Master/Projects/YTM/kaset/Sources/Kaset/Services/MenuBarController.swift; /Users/melboonchan/Master/Projects/YTM/kaset/Sources/Kaset/Views/MenuBarPlayerView.swift","P1","Fixed & retested","Static audit + unit/VM tests; live-app smoke; UI tests in CI","Pass (post-fix; 926 unit tests green; UI tests in CI)","F002(low): MenuBar queue list uses unstable `id: \.offset` identity (the repo's own documented anti-pattern); F033(low): MenuBarController popover event/scroll monitors leak when the transient popover auto-closes","low","Fixed (merged)","Audio-output selection from the menu sets the system default output and gives success/error haptics."
"PLAY-18","Playback engine & player surfaces (bar, mini, menubar, now-playing sidebar, presentation modes)","Audio output device picker (system output switching)","As a listener, I want to choose the speaker/headphones so that audio plays where I want.","The PlayerBar audio-output button opens a popover listing live output devices (AudioOutputDeviceInfo.availableOutputDevices filters to devices with output channels that are alive, sorted by name). Selecting a selectable device calls setDefaultOutput (sets both default output and system output), with a checkmark on the active selectable device and success haptic; failure shows 'Could not switch to <name>.' and an error haptic. A Refresh button re-enumerates. The button icon reflects the current default output (AirPods/AirPlay/headphones/speaker) and tints red when the output is AirPods or AirPlay is connected. When no devices are reported, a 'No Output Devices' empty state is shown. A background loop refreshes the current output every 5 seconds (and available list while the picker is open). The menu-bar player exposes the same picker as a Menu with a Refresh Devices item and a 'No Output Devices' placeholder.","Audio-output button in PlayerBar (popover); audio-output menu in MenuBarPlayerView; Output button in CompactPlayerActionRow (AirPlay picker)","/Users/melboonchan/Master/Projects/YTM/kaset/Sources/Kaset/Utilities/AudioOutputDeviceInfo.swift; /Users/melboonchan/Master/Projects/YTM/kaset/Sources/Kaset/Views/PlayerBar.swift; /Users/melboonchan/Master/Projects/YTM/kaset/Sources/Kaset/Views/MenuBarPlayerView.swift","P2","Fixed & retested","Static audit + unit/VM tests; live-app smoke; UI tests in CI","Pass (post-fix; 926 unit tests green; UI tests in CI)","F002(low): MenuBar queue list uses unstable `id: \.offset` identity (the repo's own documented anti-pattern)","low","Fixed (merged)","AirPods detection excludes Beats and falls back to Apple-manufacturer Bluetooth; transport labels map common CoreAudio transport types."
"PLAY-19","Playback engine & player surfaces (bar, mini, menubar, now-playing sidebar, presentation modes)","AirPlay picker & connection status","As a listener, I want to send audio to AirPlay so that I can play to wireless targets.","showAirPlayPicker() marks airPlayWasRequested=true and invokes SingletonPlayerWebView.shared.showAirPlayPicker() (native picker). updateAirPlayStatus(isConnected:wasRequested:) updates isAirPlayConnected (and persists airPlayWasRequested across track changes). The compact player Output action button calls showAirPlayPicker and renders active (red) when isAirPlayConnected; the PlayerBar audio-output button also tints active when AirPlay is connected. Output controls are disabled in compact mode when there is no current track.","Output (airplayaudio) button in CompactPlayerActionRow; AirPlay-connected styling in PlayerBar","/Users/melboonchan/Master/Projects/YTM/kaset/Sources/Kaset/Services/Player/PlayerService.swift; /Users/melboonchan/Master/Projects/YTM/kaset/Sources/Kaset/Views/PlayerPresentationViews.swift","P2","Tested — Pass","Static audit + unit/VM tests; live-app smoke; UI tests in CI","Pass","","","N/A","AirPlay routing itself happens in the WebView/media session; this story covers the surfaced trigger and status."
"PLAY-20","Playback engine & player surfaces (bar, mini, menubar, now-playing sidebar, presentation modes)","Playback error state with retry","As a listener, I want a clear error with a retry option so that I can recover from failed playback.","When state == .error(message), the PlayerBar center section shows a warning triangle (orange), the error message (single line, secondary), and a 'Retry' capsule button that re-invokes play(song:) for the current track. This replaces the track-info/seek view. (The error case is a defined PlaybackState though most surfaces only branch on isPlaying.)","PlayerBar center section when state is .error","/Users/melboonchan/Master/Projects/YTM/kaset/Sources/Kaset/Views/PlayerBar.swift; /Users/melboonchan/Master/Projects/YTM/kaset/Sources/Kaset/Services/Player/PlayerService.swift","P2","Tested — Pass","Static audit + unit/VM tests; live-app smoke; UI tests in CI","Pass","","","N/A","Retry no-ops if currentTrack is nil."
"PLAY-21","Playback engine & player surfaces (bar, mini, menubar, now-playing sidebar, presentation modes)","Track metadata, artwork, and queue enrichment","As a listener, I want complete song info and artwork to fill in automatically so that the player never looks empty.","fetchSongMetadata(videoId:) calls YTMusicClient.getSong, then (if still the same track and same active account) merges full metadata into currentTrack while preserving better WebView-provided title/artists and existing album/thumbnail, updates like/library/feedback-token state, syncs known like status to SongLikeStatusManager, and enriches the matching queue entry only when it is missing artists/title/thumbnail (preserving album/duration/thumbnail). A background enrichment service runs every 30s, finds queue songs needing data (empty/Unknown artists, Loading.../empty title, or missing thumbnail), fetches and merges them one at a time with a 100ms inter-request delay, and persists. Missing artwork falls back to a quaternary cassette-icon placeholder across all surfaces; empty artist shows 'Unknown Artist'.","Automatic on play / queue advance / periodic background task","/Users/melboonchan/Master/Projects/YTM/kaset/Sources/Kaset/Services/Player/PlayerService+Library.swift; /Users/melboonchan/Master/Projects/YTM/kaset/Sources/Kaset/Services/Player/PlayerService+Queue.swift","P1","Tested — Pass","Static audit + unit/VM tests; live-app smoke; UI tests in CI","Pass","","","N/A","Album info is preserved because SongMetadataParser from the next endpoint hard-codes album: nil, which would otherwise break Go-to-album/artist links."
"PLAY-22","Playback engine & player surfaces (bar, mini, menubar, now-playing sidebar, presentation modes)","Playback session persistence & restoration","As a listener, I want my queue and position restored on relaunch so that I can pick up where I left off.","saveQueueForPersistence() encodes a PersistedPlaybackSession (queue, clamped index, currentVideoId, clamped progress, resolved duration) to UserDefaults (plus legacy queue/index keys); an empty queue clears all saved keys. It is called after every queue mutation and on applicationWillTerminate. At launch (applicationDidFinishLaunching) restoreQueueFromPersistence() decodes the session (or falls back to legacy keys), resolves the index by matching the saved videoId, and calls applyRestoredPlaybackSession which loads the track in a paused, resume-ready state: pendingPlayVideoId set, isPendingRestoredLoadDeferred=true, pendingRestoredSeek=clamped progress, state=.paused, and seeds like/library status (fetching metadata to correct it). The hidden WebView stays inert (PersistentPlayerView only auto-loads when shouldAutoloadPendingVideo). On first user resume, beginRestoredPlaybackLoad loads the video and the reconcile logic seeks to the saved position (1.5s tolerance) before optionally auto-resuming. UI-test mode skips persistence.","App launch / quit; first user resume after relaunch","/Users/melboonchan/Master/Projects/YTM/kaset/Sources/Kaset/Services/Player/PlayerService+Queue.swift; /Users/melboonchan/Master/Projects/YTM/kaset/Sources/Kaset/Services/Player/PlayerService+PlaybackRestoration.swift; /Users/melboonchan/Master/Projects/YTM/kaset/Sources/Kaset/AppDelegate.swift","P0","Tested — Pass","Static audit + unit/VM tests; live-app smoke; UI tests in CI","Pass","","","N/A","Saved session has no expiry; kept until overwritten or cleared (clearSavedQueue)."
"PLAY-23","Playback engine & player surfaces (bar, mini, menubar, now-playing sidebar, presentation modes)","WebView observer sync & queue-order enforcement","As a listener, I want Boombox's queue order to win over YouTube's autoplay so that playback follows my queue exactly.","updatePlaybackState (from the hidden WebView) updates progress/duration and flips state between playing/paused, flagging songNearingEnd within the last 2s. updateTrackMetadata reconciles observed title/artist/videoId against the intended queue track through layered handlers: suppress unexpected autoplay after the native queue ended (pause + keep queue song visible); confirm Kaset-initiated playback or re-play the intended track if YouTube loaded a different one (forced full-page reload); on near-end track changes, advance to the expected next index, override YouTube autoplay with next(), or re-assert the current track for repeat-one; handle queue drift by realigning currentIndex to the observed in-queue song or re-playing the intended track; and a final repeat-one safety net (throttled to 450ms). handleTrackEnded advances the native queue, ignores stale/duplicate ended events (except repeat-all wraparound), replays for repeat-one, or pauses and suppresses autoplay at the true end of the queue. While restoring, observer updates route through the reconcile-restored path instead.","Automatic, driven by the hidden SingletonPlayerWebView observer bridge","/Users/melboonchan/Master/Projects/YTM/kaset/Sources/Kaset/Services/Player/PlayerService+WebQueueSync.swift; /Users/melboonchan/Master/Projects/YTM/kaset/Sources/Kaset/Services/Player/PlayerService+PlaybackRestoration.swift","P0","Fixed & retested","Static audit + unit/VM tests; live-app smoke; UI tests in CI","Pass (post-fix; 926 unit tests green; UI tests in CI)","F003(low): Untracked reconciliation Tasks in WebQueueSync can double-act (advance + re-play) across consecutive STATE_UPDATEs, desyncing the queue","low","Fixed (merged)","This is the core engine that keeps the native queue authoritative against YouTube's DRM WebView autoplay; incomplete WebView metadata is tolerated by keeping queue metadata visible."
"PLAY-24","Playback engine & player surfaces (bar, mini, menubar, now-playing sidebar, presentation modes)","Media keys / remote command center & now-playing system integration","As a listener, I want hardware media keys and Control Center to control Boombox so that playback responds system-wide.","NowPlayingManager.configure(playerService:) (called once from MainWindow) registers MPRemoteCommandCenter handlers (removing prior targets to avoid duplicates): play->resume, pause->pause, togglePlayPause->playPause, nextTrack->next, previousTrack->previous, and changePlaybackPosition->seek(to:). It also syncs the media-control style setting to the WebView (next/previous vs seek style) and re-syncs whenever SettingsManager.mediaControlStyle changes via observation tracking. Now-playing info display itself is handled natively by the WKWebView media session.","System media keys, Control Center, AirPods/headset controls; Settings media-control style","/Users/melboonchan/Master/Projects/YTM/kaset/Sources/Kaset/Services/Player/NowPlayingManager.swift","P1","Tested — Pass","Static audit + unit/VM tests; live-app smoke; UI tests in CI","Pass","","","N/A","configure() is idempotent; subsequent calls are ignored once configured."
"PLAY-25","Playback engine & player surfaces (bar, mini, menubar, now-playing sidebar, presentation modes)","Sleep/wake handling & stop","As a listener, I want playback to pause on sleep and have a clean stop so that audio behaves predictably.","On NSWorkspace.willSleepNotification the AppDelegate records whether audio was playing and pauses the WebView if so; on didWakeNotification it logs the wake but intentionally does NOT auto-resume (to avoid surprising the user). stop() pauses the WebView (pauseVideo()), resets state to .idle, clears songNearingEnd/isKasetInitiatedPlayback/autoplay-suppression flags, nils currentTrack, and zeroes progress and duration.","System sleep/wake; service stop() API","/Users/melboonchan/Master/Projects/YTM/kaset/Sources/Kaset/AppDelegate.swift; /Users/melboonchan/Master/Projects/YTM/kaset/Sources/Kaset/Services/Player/PlayerService.swift","P2","Tested — Pass","Static audit + unit/VM tests; live-app smoke; UI tests in CI","Pass","","","N/A","wasPlayingBeforeSleep is tracked but only logged on wake."
"QUE-01","Queue & radio","Open/close queue panel","As a listener, I want to toggle the Up Next queue panel open and closed so that I can see and manage what plays next.","Tapping the Queue button (list.bullet icon in compact/focus player chrome and PlayerBar) calls HapticService.toggle() and flips playerService.showQueue with AppAnimation.standard. The icon swaps to list.bullet.rectangle.fill and turns red while active; accessibilityValue reports 'Showing'/'Hidden'. The button is disabled when currentTrack == nil. showQueue is mutually exclusive with showLyrics: setting showQueue=true sets showLyrics=false (didSet observers). When showQueue is true the right sidebar overlay renders either QueueSidePanelView or QueueView depending on queueDisplayMode, transitioning in from the trailing edge with move+opacity. Pressing Escape (hidden zero-opacity button, no modifiers) closes the panel with a 0.25s easeInOut animation.","Queue button in player chrome / PlayerBar; Escape key","/Users/melboonchan/Master/Projects/YTM/kaset/Sources/Kaset/Views/PlayerPresentationViews.swift; /Users/melboonchan/Master/Projects/YTM/kaset/Sources/Kaset/Views/PlayerBar.swift; /Users/melboonchan/Master/Projects/YTM/kaset/Sources/Kaset/Views/MainWindow.swift; /Users/melboonchan/Master/Projects/YTM/kaset/Sources/Kaset/Services/Player/PlayerService.swift","P0","Fixed & retested","Static audit + unit/VM tests; live-app smoke; UI tests in CI","Pass (post-fix; 926 unit tests green; UI tests in CI)","F024(medium): Global PlayerBar key shortcuts (Space, ⌘←/→/↑/↓) can intercept text editing in the Search field","medium","Fixed (merged)","Escape closes both lyrics and queue if showing. Button disabled with no current track."
"QUE-02","Queue & radio","View queue (empty + populated states)","As a listener, I want to see the songs queued to play with the current track highlighted so that I know what is playing and what is coming up.","In popup mode (QueueView), the panel has an 'Up Next' header and renders rows in a ScrollView/LazyVStack keyed by videoId. Each row shows leading indicator (animated 3-bar waveform in red for the current track when playing, tertiary when paused; otherwise the 1-based track number), a 40x40 thumbnail, title (semibold red for current track, otherwise primary), artist (or 'Unknown Artist' when artistsDisplay is empty), and duration formatted as m:ss (hidden when duration is nil). The current row has a red 0.1-opacity background; hovered rows get a 0.05 primary-opacity background. When queue.isEmpty, an empty state shows a list.bullet icon, 'No Queue' headline, and 'Play songs from a playlist or album to build your queue.'","Queue panel content area","/Users/melboonchan/Master/Projects/YTM/kaset/Sources/Kaset/Views/QueueView.swift; /Users/melboonchan/Master/Projects/YTM/kaset/Sources/Kaset/Views/QueueSidePanelView.swift","P0","Tested — Pass","Static audit + unit/VM tests; live-app smoke; UI tests in CI","Pass","","","N/A","Side panel header also shows a live '<n> songs' count."
"QUE-03","Queue & radio","Switch queue display mode (popup vs side panel)","As a listener, I want to switch the queue between a compact popup and a full-width editable side panel so that I can reorder and manage tracks more easily.","In the popup (QueueView) header, an 'Edit' button (square.and.pencil, help 'Open queue in side panel') calls toggleQueueDisplayMode(), switching queueDisplayMode .popup -> .sidepanel and persisting it to UserDefaults key 'boombox.queue.displayMode'. The side panel header shows a 'Done' button (checkmark, help 'Close side panel') that toggles back to .popup. The chosen mode persists across launches (restored in init). queueDisplayMode is read by PlayerPresentationSidebarOverlay and MainWindow to choose between QueueSidePanelView and QueueView.","'Edit' button (popup header) / 'Done' button (side panel header)","/Users/melboonchan/Master/Projects/YTM/kaset/Sources/Kaset/Views/QueueView.swift; /Users/melboonchan/Master/Projects/YTM/kaset/Sources/Kaset/Views/QueueSidePanelView.swift; /Users/melboonchan/Master/Projects/YTM/kaset/Sources/Kaset/Models/QueueDisplayMode.swift; /Users/melboonchan/Master/Projects/YTM/kaset/Sources/Kaset/Services/Player/PlayerService.swift","P1","Tested — Pass","Static audit + unit/VM tests; live-app smoke; UI tests in CI","Pass","","","N/A","Mode persisted; QueueDisplayMode is Codable with displayName/description."
"QUE-04","Queue & radio","Play a song from the queue","As a listener, I want to tap any song in the queue to jump to and play it so that I can skip around the queue.","Tapping a row (onTapGesture in popup, click gesture / selection in side panel via tableViewSelectionDidChange) calls playFromQueue(at: index). That guards 0 <= index < queue.count, clears the forward-skip navigation stack, sets currentIndex = index, plays the song at that index, then calls fetchMoreMixSongsIfNeeded() (infinite mix top-up) and saveQueueForPersistence(). In the side panel, selecting a row immediately deselects it (selectionHighlightStyle .none, allowsEmptySelection). Clicking the title/artist labels navigates instead of playing when those destinations are navigable (see QUE-12).","Tap/click on a queue row","/Users/melboonchan/Master/Projects/YTM/kaset/Sources/Kaset/Views/QueueView.swift; /Users/melboonchan/Master/Projects/YTM/kaset/Sources/Kaset/Views/QueueSidePanelView.swift; /Users/melboonchan/Master/Projects/YTM/kaset/Sources/Kaset/Views/QueueTableCellView.swift; /Users/melboonchan/Master/Projects/YTM/kaset/Sources/Kaset/Services/Player/PlayerService+Queue.swift","P0","Tested — Pass","Static audit + unit/VM tests; live-app smoke; UI tests in CI","Pass","","","N/A",""
"QUE-05","Queue & radio","Add song to Play Next / Add to Queue","As a listener, I want to add a song to play next or to the end of the queue so that I can build a listening session without interrupting the current track.","Row context menus expose 'Play Next' (text.insert) and 'Add to Queue' (text.append). 'Play Next' calls SongActionsHelper.addToQueueNext -> insertNextInQueue([song]): records undo state, clears forward-skip stack, inserts at min(currentIndex+1, queue.count), persists. 'Add to Queue' calls addToQueueLast -> appendToQueue([song]): records undo state, appends to end, persists. AddToQueueContextMenu provides the same two buttons reused across the app. Album-level helpers (addSongsToQueueNext/Last, addAlbumToQueueNext/Last) clean 'Album'/'Album, ' artist tokens, apply fallback artist/album/thumbnail, and insert/append batches. Empty song arrays are ignored.","Row context menu ('Play Next' / 'Add to Queue')","/Users/melboonchan/Master/Projects/YTM/kaset/Sources/Kaset/Views/SharedViews/SongActionsHelper.swift; /Users/melboonchan/Master/Projects/YTM/kaset/Sources/Kaset/Views/QueueView.swift; /Users/melboonchan/Master/Projects/YTM/kaset/Sources/Kaset/Views/QueueSidePanelView.swift; /Users/melboonchan/Master/Projects/YTM/kaset/Sources/Kaset/Services/Player/PlayerService+Queue.swift","P0","Tested — Pass","Static audit + unit/VM tests; live-app smoke; UI tests in CI","Pass","","","N/A","appendToQueue records undo but does NOT clear the forward-skip stack, unlike insertNextInQueue."
"QUE-06","Queue & radio","Remove a song from the queue","As a listener, I want to remove a song from the queue so that it won't play.","The 'Remove from Queue' menu item (minus.circle, destructive) is shown only for non-current rows and calls removeFromQueue(videoIds: [videoId]). That records undo, clears forward-skip stack, removes all matching videoIds, then re-resolves currentIndex (finds the current track's new index, else clamps to last index), and persists. In the popup there is also onRemove wired the same way. The current track has no Remove item. removeFromQueue accepts a Set so it can remove multiple ids at once.","Row context menu 'Remove from Queue'; swipe gesture (QUE-07)","/Users/melboonchan/Master/Projects/YTM/kaset/Sources/Kaset/Views/QueueView.swift; /Users/melboonchan/Master/Projects/YTM/kaset/Sources/Kaset/Views/QueueSidePanelView.swift; /Users/melboonchan/Master/Projects/YTM/kaset/Sources/Kaset/Services/Player/PlayerService+Queue.swift","P0","Tested — Pass","Static audit + unit/VM tests; live-app smoke; UI tests in CI","Pass","","","N/A",""
"QUE-07","Queue & radio","Swipe-to-remove in side panel","As a listener using a trackpad, I want to swipe a queue row sideways to remove it so that I can quickly prune the queue.","In the side panel's DraggableTableView, a two-finger horizontal trackpad swipe drags the row with the finger in real time once horizontal movement exceeds a 10pt commit threshold and dominates vertical motion (clamped to 1.2x row width). On release, if accumulated horizontal delta >= 100pt, horizontal exceeds vertical, the row isn't the current track, and not within a 0.5s cooldown, the row animates out (0.2s, slide in swipe direction + fade) and onRemove(videoId) fires. Otherwise the row animates back to its origin (cancel). The target row is captured at gesture .began so content scroll doesn't change the removed row. A 0.5s cooldown prevents re-trigger from leftover momentum events. The current track row cannot be swipe-removed.","Two-finger horizontal swipe on a side panel row","/Users/melboonchan/Master/Projects/YTM/kaset/Sources/Kaset/Views/QueueSidePanelView.swift","P1","Tested — Pass","Static audit + unit/VM tests; live-app smoke; UI tests in CI","Pass","","","N/A","Only available in side panel mode (NSTableView). Popup mode has no swipe."
"QUE-08","Queue & radio","Reorder queue via drag-and-drop","As a listener, I want to drag queue rows to reorder upcoming songs so that I can control playback order.","In the side panel, rows are draggable except the current track (pasteboardWriterForRow returns nil for currentIndex, sets isDragging=true). validateDrop accepts only .above drop operations and rejects drops onto or from the current index or onto the same row, returning .move. acceptDrop calls onReorder(srcRow, destRow) -> reorderQueue(from:to:). reorderQueue refuses to move the current track or drop onto it, records undo, clears forward-skip stack, moves items, re-resolves currentIndex to follow the current track, and persists. A '.gap' drop feedback style shows where the item lands. While dragging, table reloads are suppressed (isDragging guard) to avoid disrupting the drag. The side panel deliberately uses regularMaterial (not GlassEffectContainer) because glass breaks NSTableView drop targets.","Drag a side panel row to a new position","/Users/melboonchan/Master/Projects/YTM/kaset/Sources/Kaset/Views/QueueSidePanelView.swift; /Users/melboonchan/Master/Projects/YTM/kaset/Sources/Kaset/Services/Player/PlayerService+Queue.swift","P1","Tested — Pass","Static audit + unit/VM tests; live-app smoke; UI tests in CI","Pass","","","N/A","Drag-and-drop is side-panel-only; the popup list has no reordering."
"QUE-09","Queue & radio","Clear queue (keep current track)","As a listener, I want to clear the upcoming songs while keeping the current track so that I can start fresh without stopping playback.","The popup header shows a red 'Clear' button only when queue.count > 1. It calls clearQueue(): records undo, clears forward-skip stack and mixContinuationToken, then keeps only the current track (queue = [currentTrack], currentIndex = 0). If there is no current track it sets queue=[] and currentIndex=0. Persists in all cases. Playback of the current track is not interrupted.","'Clear' button in popup header","/Users/melboonchan/Master/Projects/YTM/kaset/Sources/Kaset/Views/QueueView.swift; /Users/melboonchan/Master/Projects/YTM/kaset/Sources/Kaset/Services/Player/PlayerService+Queue.swift","P1","Tested — Pass","Static audit + unit/VM tests; live-app smoke; UI tests in CI","Pass","","","N/A","Clears mix continuation, so infinite-mix top-up stops."
"QUE-10","Queue & radio","Clear entire queue (stop + remove all)","As a listener, I want to clear the whole queue including the current track so that I can stop and empty everything.","The side panel footer 'Clear' button (trash, red) is disabled when queue.isEmpty. When tapped it first awaits stop() if isPlaying, then calls clearQueueEntirely(): clears forward-skip stack and mixContinuationToken, sets queue=[] and currentIndex=0, records undo, and persists. saveQueueForPersistence detects the empty queue and removes all saved playback-session keys from UserDefaults.","'Clear' button in side panel footer","/Users/melboonchan/Master/Projects/YTM/kaset/Sources/Kaset/Views/QueueSidePanelView.swift; /Users/melboonchan/Master/Projects/YTM/kaset/Sources/Kaset/Services/Player/PlayerService+Queue.swift","P1","Tested — Pass","Static audit + unit/VM tests; live-app smoke; UI tests in CI","Pass","","","N/A",""
"QUE-11","Queue & radio","Shuffle queue","As a listener, I want to shuffle the upcoming songs while keeping the current track playing so that I get variety without restarting.","The side panel footer 'Shuffle' button (shuffle icon) is disabled when queue.isEmpty and calls shuffleQueue(). shuffleQueue requires queue.count > 1, records undo, clears forward-skip stack, removes the current song, shuffles the remainder, reinserts the current song at index 0, sets currentIndex=0, and persists. If the current song can't be resolved it shuffles the whole array and sets currentIndex=0.","'Shuffle' button in side panel footer","/Users/melboonchan/Master/Projects/YTM/kaset/Sources/Kaset/Views/QueueSidePanelView.swift; /Users/melboonchan/Master/Projects/YTM/kaset/Sources/Kaset/Services/Player/PlayerService+Queue.swift","P1","Tested — Pass","Static audit + unit/VM tests; live-app smoke; UI tests in CI","Pass","","","N/A","Distinct from global shuffleEnabled playback flag; this physically reorders the queue array."
"QUE-12","Queue & radio","Undo / redo queue edits","As a listener, I want to undo and redo queue changes so that I can recover from accidental edits.","Side panel footer has 'Undo' (arrow.uturn.backward) and 'Redo' (arrow.uturn.forward) buttons. Undo is disabled unless canUndoQueue (undo history non-empty); Redo unless canRedoQueue. Every mutating queue op (play/insert/remove/reorder/shuffle/clear/append/radio/mix) calls recordQueueStateForUndo() which pushes (queue, currentIndex) onto a history capped at 10 states (oldest dropped) and clears redo history. undoQueue() pops the last undo state, pushes the current state to redo, restores queue + clamped index, persists, and clears forward-skip stack. redoQueue() is symmetric. History is in-memory only (not persisted across launches).","'Undo' / 'Redo' buttons in side panel footer","/Users/melboonchan/Master/Projects/YTM/kaset/Sources/Kaset/Views/QueueSidePanelView.swift; /Users/melboonchan/Master/Projects/YTM/kaset/Sources/Kaset/Services/Player/PlayerService.swift","P1","Tested — Pass","Static audit + unit/VM tests; live-app smoke; UI tests in CI","Pass","","","N/A","Code comment in recordQueueStateForUndo says 'up to 3' but the actual cap (queueUndoMaxCount) is 10."
"QUE-13","Queue & radio","Navigate to album/artist from a queue row","As a listener, I want to jump to a queued song's album or artist page so that I can explore related music.","When a song's album.hasNavigableId is true, the row title becomes a clickable button (pointing-hand cursor, help 'Go to Album') and a 'Go to Album' (square.stack) context-menu item appears, both calling globalNavigation.openAlbum(album, fallbackThumbnail: song.thumbnailURL). When a primary artist hasNavigableId, the artist text is clickable (help 'Go to Artist') and a 'Go to Artist' (person) menu item appears calling globalNavigation.openArtist(artist). In the side panel, NavigableLabel intercepts the click (swallowing it on mouseDown/drain-to-mouseUp) so navigation fires instead of the row's play handler; if no navigation closure is set the click falls through to play the row. When neither album nor artist is navigable, the title/artist are plain non-clickable text.","Click title/artist in a row; context menu 'Go to Album'/'Go to Artist'","/Users/melboonchan/Master/Projects/YTM/kaset/Sources/Kaset/Views/QueueView.swift; /Users/melboonchan/Master/Projects/YTM/kaset/Sources/Kaset/Views/QueueSidePanelView.swift; /Users/melboonchan/Master/Projects/YTM/kaset/Sources/Kaset/Views/QueueTableCellView.swift","P1","Tested — Pass","Static audit + unit/VM tests; live-app smoke; UI tests in CI","Pass","","","N/A",""
"QUE-14","Queue & radio","Favorite / share a queued song","As a listener, I want to favorite or share a song directly from the queue so that I can save or send it without leaving the queue.","Each row context menu includes a Favorites toggle: in the popup via FavoritesContextMenu.menuItem; in the side panel a native item titled 'Add to Favorites' (heart) or 'Remove from Favorites' (heart.slash) based on favoritesManager.isPinned(song), calling favoritesManager.toggle(song). A 'Share' item (square.and.arrow.up) appears only when song.shareURL != nil; in the side panel it calls ShareContextMenu.showSharePicker(for: url) (popup uses ShareContextMenu.menuItem). Separators delimit these groups.","Row context menu (Favorites / Share)","/Users/melboonchan/Master/Projects/YTM/kaset/Sources/Kaset/Views/QueueView.swift; /Users/melboonchan/Master/Projects/YTM/kaset/Sources/Kaset/Views/QueueSidePanelView.swift","P2","Tested — Pass","Static audit + unit/VM tests; live-app smoke; UI tests in CI","Pass","","","N/A",""
"QUE-15","Queue & radio","Start radio from a song","As a listener, I want to start a radio station based on a song so that I get an endless stream of similar music.","The 'Start Radio' action (dot.radiowaves.left.and.right) appears in row context menus and across the app (Home, Search, Explore, Artist, Liked, History, Playlist, TopSongs, Mood, Favorites, New Releases) via StartRadioContextMenu.menuItem / direct calls. It runs playWithRadio(song:): clears forward-skip stack, records undo, clears mixContinuationToken, sets queue=[song], currentIndex=0, immediately plays the song, then fetchAndApplyRadioQueue(for: song.videoId) populates similar songs in the background, and persists. Radio is fetched via getRadioQueue using the 'next' endpoint with playlistId 'RDAMVM<videoId>', isAudioOnly, tunerSetting AUTOMIX_SETTING_NORMAL.","'Start Radio' context-menu item / radio buttons across the app","/Users/melboonchan/Master/Projects/YTM/kaset/Sources/Kaset/Views/SharedViews/StartRadioContextMenu.swift; /Users/melboonchan/Master/Projects/YTM/kaset/Sources/Kaset/Services/Player/PlayerService+Queue.swift; /Users/melboonchan/Master/Projects/YTM/kaset/Sources/Kaset/Services/API/YTMusicClient.swift","P0","Tested — Pass","Static audit + unit/VM tests; live-app smoke; UI tests in CI","Pass","","","N/A",""
"QUE-16","Queue & radio","Radio queue fetch + seed-song placement","As a listener, I want the radio queue to keep my chosen song first and append similar tracks so that playback continues from what I picked.","fetchAndApplyRadioQueue parses radio songs via RadioQueueParser (which reads the deeply-nested singleColumnMusicWatchNextResultsRenderer -> playlistPanelRenderer structure, handles both direct and wrapped playlistPanelVideoRenderer, parses title/artists/thumbnail/duration, joins multi-artist runs while skipping separator tokens, and normalizes protocol-relative '//' thumbnail URLs to https). If no songs return, it does nothing. It aborts if currentTrack changed away from the seed videoId ('Track changed, discarding radio queue'). If the radio list already contains the seed, it puts the seed first then the rest; otherwise it prepends the seed. On success it records undo, replaces the queue, sets currentIndex=0, and persists. Failures are logged as warnings and leave the single-song queue intact.","Background side effect of Start Radio","/Users/melboonchan/Master/Projects/YTM/kaset/Sources/Kaset/Services/Player/PlayerService+Queue.swift; /Users/melboonchan/Master/Projects/YTM/kaset/Sources/Kaset/Services/API/Parsers/RadioQueueParser.swift","P0","Tested — Pass","Static audit + unit/VM tests; live-app smoke; UI tests in CI","Pass","","","N/A","RadioQueueParser returns empty result (songs:[], token:nil) when structure can't be parsed; logs sorted top keys at debug."
"QUE-17","Queue & radio","Play an artist/personalized mix","As a listener, I want to play an artist 'Mix' so that I get a personalized shuffled radio station for that artist.","The artist detail 'Mix' button (play.circle) calls playWithMix(playlistId:startVideoId:). It clears forward-skip stack, records undo, then (if a YTMusicClient exists) calls getMixQueue (next endpoint, given playlistId, optional startVideoId, isAudioOnly, AUTOMIX_SETTING_NORMAL). If songs return non-empty, it stores the continuation token, shuffles the returned songs (so each Mix click differs), sets the queue, currentIndex=0, currentTrack to the first song, plays it, and persists. If the client is missing it logs a warning and no-ops; if the API returns empty or throws it logs a warning and leaves the prior queue unchanged.","'Mix' button on artist detail","/Users/melboonchan/Master/Projects/YTM/kaset/Sources/Kaset/Views/ArtistDetailView.swift; /Users/melboonchan/Master/Projects/YTM/kaset/Sources/Kaset/Services/Player/PlayerService+Queue.swift; /Users/melboonchan/Master/Projects/YTM/kaset/Sources/Kaset/Services/API/YTMusicClient.swift","P1","Tested — Pass","Static audit + unit/VM tests; live-app smoke; UI tests in CI","Pass","","","N/A",""
"QUE-18","Queue & radio","Infinite mix auto-extension","As a listener, I want a mix to keep adding fresh songs as I approach the end so that playback never runs out.","After playing from the queue (playFromQueue), fetchMoreMixSongsIfNeeded() runs. It computes songsRemaining = queue.count - currentIndex - 1 and only proceeds when a mixContinuationToken exists, no fetch is already in flight (isFetchingMoreMixSongs), a client exists, and songsRemaining <= 10. It sets isFetchingMoreMixSongs=true, calls getMixQueueContinuation, deduplicates against existing queue videoIds, appends only new songs (reassigning the array so @Observable updates fire), updates the continuation token for the next batch, persists, and clears the in-flight flag. Failures are logged and the flag is reset. This applies only to mix queues (radio/regular queues without a continuation token do not auto-extend).","Automatic, triggered when playing near the end of a mix","/Users/melboonchan/Master/Projects/YTM/kaset/Sources/Kaset/Services/Player/PlayerService+Queue.swift; /Users/melboonchan/Master/Projects/YTM/kaset/Sources/Kaset/Services/API/Parsers/RadioQueueParser.swift","P1","Tested — Pass","Static audit + unit/VM tests; live-app smoke; UI tests in CI","Pass","","","N/A","Deduplication by videoId prevents repeats across continuation batches."
"QUE-19","Queue & radio","Play a queue from playlist/album/etc.","As a listener, I want to start playback of a collection of songs so that the whole set becomes my queue.","playQueue(songs, startingAt:) ignores empty arrays, clears forward-skip stack, records undo, clamps the start index to bounds, replaces the queue, sets currentIndex, clears mixContinuationToken (this is not a mix), plays the song at the start index, and persists. This is the entry point used by Play-All actions, album play, shuffle-all, etc. across the app.","Play / Play All buttons in playlists, albums, artist pages","/Users/melboonchan/Master/Projects/YTM/kaset/Sources/Kaset/Services/Player/PlayerService+Queue.swift; /Users/melboonchan/Master/Projects/YTM/kaset/Sources/Kaset/Views/SharedViews/SongActionsHelper.swift","P0","Tested — Pass","Static audit + unit/VM tests; live-app smoke; UI tests in CI","Pass","","","N/A",""
"QUE-20","Queue & radio","Queue persistence across launches","As a listener, I want my queue and playback position to be restored when I reopen the app so that I can resume where I left off.","After every queue mutation, saveQueueForPersistence() encodes the queue plus a PersistedPlaybackSession (queue, clamped currentIndex, currentVideoId, clamped progress, resolved duration) to UserDefaults keys boombox.saved.queue/.queueIndex/.playbackSession; an empty queue removes those keys instead. restoreQueueFromPersistence() decodes the session first (preferring the saved currentVideoId to resolve the index, else clamping savedIndex), falling back to a legacy queue/index payload (progress 0). Empty or corrupt payloads are removed and return false. Saved queue has no expiry. Persistence is skipped entirely in UI-test mode (UITestConfig.isUITestMode).","Automatic on every queue change / app launch","/Users/melboonchan/Master/Projects/YTM/kaset/Sources/Kaset/Services/Player/PlayerService+Queue.swift","P1","Tested — Pass","Static audit + unit/VM tests; live-app smoke; UI tests in CI","Pass","","","N/A",""
"QUE-21","Queue & radio","Background queue metadata enrichment","As a listener, I want incomplete queue entries (missing artist/title/thumbnail) to be filled in automatically so that the queue looks complete and album/artist links work.","startQueueEnrichmentService() runs a loop every 30 seconds calling enrichQueueMetadata(). identifySongsNeedingEnrichment flags songs with no/empty/'Unknown Artist' artists, empty or 'Loading...' titles, or nil thumbnails. For each, it fetches full details via client.getSong, re-checks the slot still holds the same videoId, and merges enriched fields while preserving the existing album/duration/thumbnail when the API returns nil (so 'Go to album'/'Go to artist' links survive). It throttles 100ms between multi-song batches, updates the queue in place, then persists. Failures per song are logged and skipped. stopQueueEnrichmentService cancels the task. No-ops when no client is available or nothing needs enrichment.","Automatic background service started at PlayerService init","/Users/melboonchan/Master/Projects/YTM/kaset/Sources/Kaset/Services/Player/PlayerService+Queue.swift","P2","Tested — Pass","Static audit + unit/VM tests; live-app smoke; UI tests in CI","Pass","","","N/A",""
"QUE-22","Queue & radio","Enforce native queue order vs YouTube autoplay","As a listener, I want playback to follow my queue order exactly even when the underlying WebView tries to autoplay something else so that my queue is authoritative.","updateTrackMetadata/handleTrackEnded reconcile WebView-reported track changes against the queue: they suppress unexpected autoplay after the native queue ends (pausing and keeping the last queue song visible), confirm Kaset-initiated playback, advance currentIndex on natural near-end transitions, override YouTube autoplay by calling next() when the observed track diverges from the expected queue track, realign currentIndex when playback jumps to another in-queue song, and apply repeat-one/repeat-all-wraparound logic without double-advancing on stale 'ended' events. canAdvanceNativeQueueAfterTrackEnd also considers a non-nil mixContinuationToken so a mix continues past the visible end.","Automatic, driven by WebView playback callbacks","/Users/melboonchan/Master/Projects/YTM/kaset/Sources/Kaset/Services/Player/PlayerService+WebQueueSync.swift","P1","Tested — Pass","Static audit + unit/VM tests; live-app smoke; UI tests in CI","Pass","","","N/A","Heavy edge-case handling for repeat modes, shuffle, and lossy/out-of-order WebView metadata."
"QUE-23","Queue & radio","Swipe between queue and lyrics side panels","As a listener, I want to swipe horizontally on the right panel to switch between the queue and lyrics so that I can move between them quickly.","While either showLyrics or showQueue is true, SidePanelSwipeSwitchModifier interprets a horizontal trackpad gesture inside the panel: swiping right past ~1.0 brings lyrics (showLyrics=true, showQueue=false) if not already shown; swiping left past ~-1.0 brings the queue (showQueue=true, showLyrics=false) if not already shown, each with a 0.22s easeInOut animation and HapticService.toggle(). Mutual exclusivity is enforced by the showLyrics/showQueue didSet observers.","Horizontal trackpad swipe on the right side panel","/Users/melboonchan/Master/Projects/YTM/kaset/Sources/Kaset/Views/SharedViews/SidePanelSwipeSwitchModifier.swift; /Users/melboonchan/Master/Projects/YTM/kaset/Sources/Kaset/Services/Player/PlayerService.swift","P2","Tested — Pass","Static audit + unit/VM tests; live-app smoke; UI tests in CI","Pass","","","N/A",""
"QUE-24","Queue & radio","Now-playing waveform indicator","As a listener, I want an animated waveform on the currently playing queue row so that I can spot the active track at a glance.","The current row's leading indicator shows a 3-bar waveform instead of a track number. In the popup it uses an SF Symbol 'waveform' with .variableColor.iterative repeating symbol effect, red and active while isPlaying, tertiary when paused. In the side panel, QueueTableCellView builds a custom WaveformView (3 CALayer bars) that animates at 30fps with sine-driven heights while isPlaying (red tint), and resets to a static centered shape when paused (tertiary tint). updateAppearance is called on every queue/playback update so the indicator stays in sync; the waveform is torn down on cell reuse and the timer invalidated on deinit.","Automatic on the current queue row","/Users/melboonchan/Master/Projects/YTM/kaset/Sources/Kaset/Views/QueueView.swift; /Users/melboonchan/Master/Projects/YTM/kaset/Sources/Kaset/Views/QueueTableCellView.swift","P2","Tested — Pass","Static audit + unit/VM tests; live-app smoke; UI tests in CI","Pass","","","N/A",""
"QUE-25","Queue & radio","Queue row thumbnail loading + fallback","As a listener, I want queue row artwork to load reliably with a fallback so that rows aren't blank when the primary image is missing.","Side panel cells load a 40x40 thumbnail asynchronously via ImageCache.shared.image, trying song.thumbnailURL.highQualityThumbnailURL first then song.fallbackThumbnailURL. The result is applied only if the task wasn't cancelled and the cell still represents the same song id (guards against reuse race). Prior tasks are cancelled on reconfigure and prepareForReuse, and the image is cleared on reuse. The popup uses SongThumbnailView (40x40, corner radius 4). Rows with no resolvable artwork stay empty rather than showing a wrong image.","Automatic per queue row render","/Users/melboonchan/Master/Projects/YTM/kaset/Sources/Kaset/Views/QueueTableCellView.swift; /Users/melboonchan/Master/Projects/YTM/kaset/Sources/Kaset/Views/QueueView.swift","P2","Tested — Pass","Static audit + unit/VM tests; live-app smoke; UI tests in CI","Pass","","","N/A",""
"SET-01","Settings, hotkeys, system integration (menubar, notifications, media keys, haptics, network, share)","General settings: account status and sign out","As a signed-in user, I want to see my YouTube Music account status and sign out from settings so that I can confirm my login and switch accounts.","GeneralSettingsView reads AuthService.state. The Account row shows the headline 'Account' and a caption: 'Signed in to YouTube Music' when authService.state.isLoggedIn is true, otherwise 'Not signed in'. A 'Sign Out' button is rendered only when isLoggedIn is true; tapping it runs an async Task calling authService.signOut(). When not logged in no button appears.","App menu > Settings (Cmd+,) > General tab > Account row","/Users/melboonchan/Master/Projects/YTM/kaset/Sources/Kaset/Views/GeneralSettingsView.swift; /Users/melboonchan/Master/Projects/YTM/kaset/Sources/Kaset/KasetApp.swift","P1","Tested — Pass","Static audit + unit/VM tests; live-app smoke; UI tests in CI","Pass","","","N/A","accountStatusText and the Sign Out button visibility are both driven by authService.state.isLoggedIn."
"SET-02","Settings, hotkeys, system integration (menubar, notifications, media keys, haptics, network, share)","Now Playing notifications toggle","As a user, I want to enable or disable Now Playing notifications so that I control whether macOS shows a banner when the track changes.","Toggle 'Show Now Playing Notifications' is bound to settings.showNowPlayingNotifications (default true). Changing it writes the Bool to UserDefaults key 'settings.showNowPlayingNotifications'. NotificationService's observation loop polls playerService every 500ms; when enabled it posts a silent local notification (title=track.title, body=artistsDisplay or 'Unknown Artist', sound=nil, identifier 'track-change-<id>', delivered immediately) once playback is active for a new fully-resolved track. When disabled, postTrackNotification returns early and logs a debug skip. Notifications are skipped entirely when there is no app bundle or under unit tests.","Settings > General > 'Show Now Playing Notifications' toggle","/Users/melboonchan/Master/Projects/YTM/kaset/Sources/Kaset/Views/GeneralSettingsView.swift; /Users/melboonchan/Master/Projects/YTM/kaset/Sources/Kaset/Services/SettingsManager.swift; /Users/melboonchan/Master/Projects/YTM/kaset/Sources/Kaset/Services/Notification/NotificationService.swift","P0","Tested — Pass","Static audit + unit/VM tests; live-app smoke; UI tests in CI","Pass","","","N/A",""
"SET-03","Settings, hotkeys, system integration (menubar, notifications, media keys, haptics, network, share)","Track-change notifications with deduplication","As a user, I want a notification when a new song starts playing so that I know what is playing without opening the app.","NotificationService runs an async observation loop (500ms tick) tracking previousTrack and previousIsPlaying. It posts a notification only when: currentTrack exists, track.id != lastNotifiedTrackId, track.title != 'Loading...', isPlaying is true, AND (track changed OR playback just started). After posting it sets lastNotifiedTrackId to dedupe repeats. Foreground notifications are still shown ([.banner]) via AppDelegate's UNUserNotificationCenterDelegate. Authorization for .alert is requested once at init. requestAuthorization and posting both guard against missing bundle identifier and unit-test mode.","Automatic on track change while playing","/Users/melboonchan/Master/Projects/YTM/kaset/Sources/Kaset/Services/Notification/NotificationService.swift; /Users/melboonchan/Master/Projects/YTM/kaset/Sources/Kaset/AppDelegate.swift; /Users/melboonchan/Master/Projects/YTM/kaset/Sources/Kaset/AppServices.swift","P0","Tested — Pass","Static audit + unit/VM tests; live-app smoke; UI tests in CI","Pass","","","N/A","Edge cases: skips 'Loading...' placeholder track; dedupes by lastNotifiedTrackId; silent (no sound)."
"SET-04","Settings, hotkeys, system integration (menubar, notifications, media keys, haptics, network, share)","Menu bar item enable/disable","As a user, I want to add or remove a menu bar item with a compact player so that I can control playback from the status bar.","Toggle 'Show in Menu Bar' (help: 'Add a menu bar item with a compact player.') binds settings.menuBarItemEnabled (default false; forced false in UI test mode). On change, KasetApp.onChange installs/removes the status item via MenuBarController.setEnabled and re-applies the hotkey. setEnabled(true) lazily allocates an NSStatusItem with the 'radio.fill' template symbol, tooltip 'Boombox', and click target; setEnabled(false) dismisses the popover, removes the status item, and unregisters the global hotkey. The controller is created lazily on first appearance (skipped under unit tests). State persists to UserDefaults 'settings.menuBarItemEnabled'.","Settings > General > 'Show in Menu Bar' toggle","/Users/melboonchan/Master/Projects/YTM/kaset/Sources/Kaset/Views/GeneralSettingsView.swift; /Users/melboonchan/Master/Projects/YTM/kaset/Sources/Kaset/Services/MenuBarController.swift; /Users/melboonchan/Master/Projects/YTM/kaset/Sources/Kaset/KasetApp.swift; /Users/melboonchan/Master/Projects/YTM/kaset/Sources/Kaset/Services/SettingsManager.swift","P0","Tested — Pass","Static audit + unit/VM tests; live-app smoke; UI tests in CI","Pass","","","N/A",""
"SET-05","Settings, hotkeys, system integration (menubar, notifications, media keys, haptics, network, share)","Menu bar popover compact player","As a user, I want to click the menu bar icon to open a compact player so that I can see and control the current track quickly.","Clicking the status item toggles an NSPopover (behavior .transient, animated) hosting MenuBarPlayerView, anchored to the button's minY edge with intrinsic content sizing. The popover shows artwork (or a cassette placeholder when no track), title/artist (or 'Boombox'/'Nothing Playing'), a scrubber (disabled when duration<=0, shows elapsed/remaining times), transport row (shuffle, previous, play/pause, next, repeat — prev/play/next disabled unless currentTrack or pendingPlayVideoId exists), a volume slider, an audio-output device menu, and a footer with Like (disabled when no track) and Show/Hide Queue toggle. A global mouse-down monitor dismisses on outside click; clicking the macwindow button calls openApp to bring the main window forward and dismiss. A second click on the status item dismisses.","Click menu bar status item (or global hotkey)","/Users/melboonchan/Master/Projects/YTM/kaset/Sources/Kaset/Services/MenuBarController.swift; /Users/melboonchan/Master/Projects/YTM/kaset/Sources/Kaset/Views/MenuBarPlayerView.swift","P0","Fixed & retested","Static audit + unit/VM tests; live-app smoke; UI tests in CI","Pass (post-fix; 926 unit tests green; UI tests in CI)","F002(low): MenuBar queue list uses unstable `id: \.offset` identity (the repo's own documented anti-pattern); F033(low): MenuBarController popover event/scroll monitors leak when the transient popover auto-closes","low","Fixed (merged)","Queue list expands inline, capped at ~6 rows; empty queue shows 'Queue is empty'."
"SET-06","Settings, hotkeys, system integration (menubar, notifications, media keys, haptics, network, share)","Volume-on-scroll inside menu bar popover","As a user, I want to scroll anywhere inside the menu bar popover to adjust volume so that I can change loudness quickly without targeting the slider.","While the popover is shown a local scrollWheel monitor is active. Scrolls whose event.window matches the popover window adjust volume: delta uses scrollingDeltaY (precise) or deltaY, sensitivity 0.01, applied to the current slider value derived via VolumeCurve, clamped to [0,1]; changes below 0.001 are ignored. setVolume is applied via VolumeCurve.outputVolume. When the value hits a boundary (0 or 1 crossing) HapticService.sliderBoundary() fires. The monitor is removed when the popover dismisses.","Scroll wheel/trackpad over the open menu bar popover","/Users/melboonchan/Master/Projects/YTM/kaset/Sources/Kaset/Services/MenuBarController.swift","P2","Tested — Pass","Static audit + unit/VM tests; live-app smoke; UI tests in CI","Pass","","","N/A",""
"SET-07","Settings, hotkeys, system integration (menubar, notifications, media keys, haptics, network, share)","Global menu bar hotkey recorder","As a user, I want to assign a global keyboard shortcut that opens the menu bar player so that I can summon it from any app.","A HotkeyRecorderField bound to settings.menuBarHotkey appears in both General settings ('Menu Bar Shortcut') and the Hotkeys tab ('Menu Bar Player'/'Global Hotkeys' section). The row is disabled (greyed) when settings.menuBarItemEnabled is false. Recording requires a modifier (requireModifiers default true) since Carbon needs one to register; the recorded shortcut persists to UserDefaults 'settings.menuBarHotkey' (JSON-encoded HotkeyShortcut). On change KasetApp re-applies via MenuBarController.applyHotkey, which registers the Carbon hotkey only when menuBarEnabled and a shortcut exist, otherwise unregisters. Triggering the hotkey toggles the popover (no-op if no status item).","Settings > General (or Hotkeys tab) > Menu Bar Shortcut recorder","/Users/melboonchan/Master/Projects/YTM/kaset/Sources/Kaset/Views/GeneralSettingsView.swift; /Users/melboonchan/Master/Projects/YTM/kaset/Sources/Kaset/Views/HotkeysSettingsView.swift; /Users/melboonchan/Master/Projects/YTM/kaset/Sources/Kaset/Views/HotkeyRecorderField.swift; /Users/melboonchan/Master/Projects/YTM/kaset/Sources/Kaset/Services/GlobalHotkeyService.swift; /Users/melboonchan/Master/Projects/YTM/kaset/Sources/Kaset/Services/MenuBarController.swift; /Users/melboonchan/Master/Projects/YTM/kaset/Sources/Kaset/Models/HotkeyShortcut.swift","P1","Fixed & retested","Static audit + unit/VM tests; live-app smoke; UI tests in CI","Pass (post-fix; 926 unit tests green; UI tests in CI)","F030(medium): GlobalHotkeyService never removes its installed Carbon event handler and has no deinit (handler leak + use-after-free risk)","medium","Fixed (merged)","GlobalHotkeyService uses Carbon RegisterEventHotKey with per-instance ID filtering; logs failures via DiagnosticsLogger."
"SET-08","Settings, hotkeys, system integration (menubar, notifications, media keys, haptics, network, share)","Hotkey recorder field interaction (record/cancel/clear)","As a user, I want to click a shortcut field and press a key combo to record it, with the ability to cancel or clear, so that I can customize shortcuts intuitively.","HotkeyRecorderField shows the current shortcut's displayString or a placeholder. Clicking toggles recording: the button label turns red and reads 'Press shortcut…', and a local keyDown monitor is installed. Pressing Escape with no modifiers cancels recording (returns nil, swallowing the event). A valid combo (built via HotkeyShortcut.from(event:requireModifiers:)) is captured, assigned to the binding, and recording stops; the chord event is swallowed so it doesn't reach the app. Insufficient input (plain key when requireModifiers=true) keeps listening. A 'Clear' button appears (when not recording and a shortcut exists) and sets the binding to nil. The monitor is removed on stop and onDisappear.","Any HotkeyRecorderField in Settings","/Users/melboonchan/Master/Projects/YTM/kaset/Sources/Kaset/Views/HotkeyRecorderField.swift; /Users/melboonchan/Master/Projects/YTM/kaset/Sources/Kaset/Models/HotkeyShortcut.swift","P1","Tested — Pass","Static audit + unit/VM tests; live-app smoke; UI tests in CI","Pass","","","N/A","label() maps Space/Return/Tab/Esc/Delete/arrows to friendly names; falls back to 'Key <code>'."
"SET-09","Settings, hotkeys, system integration (menubar, notifications, media keys, haptics, network, share)","In-app shortcut customization per action","As a user, I want to customize the in-app keyboard shortcut for any playback, navigation, or window action so that I can use bindings that fit my workflow.","HotkeysSettingsView lists all ShortcutAction cases grouped by Category (Playback, Navigation, Window). Each row shows the action's display name and a HotkeyRecorderField (requireModifiers=false so plain keys like Space are allowed; placeholder is the default shortcut's displayString). Setting a value calls KeyboardShortcutsManager.setOverride; the binding reads override(for:) ?? defaultShortcut. A 'Reset' button appears per-row only when an override exists, clearing it back to default. The active shortcut is applied to menu Buttons via View.keyboardShortcut(for:) which reads KeyboardShortcutsManager.shared and re-binds on customization. A header note clarifies in-app shortcuts only fire while Boombox is active.","Settings > Hotkeys tab > per-action recorder rows","/Users/melboonchan/Master/Projects/YTM/kaset/Sources/Kaset/Views/HotkeysSettingsView.swift; /Users/melboonchan/Master/Projects/YTM/kaset/Sources/Kaset/Services/KeyboardShortcutsManager.swift; /Users/melboonchan/Master/Projects/YTM/kaset/Sources/Kaset/Models/ShortcutAction.swift; /Users/melboonchan/Master/Projects/YTM/kaset/Sources/Kaset/Views/SharedViews/HotkeyShortcut+SwiftUI.swift","P0","Fixed & retested","Static audit + unit/VM tests; live-app smoke; UI tests in CI","Pass (post-fix; 926 unit tests green; UI tests in CI)","F035(low): In-app shortcut recorder lets users bind reserved macOS shortcuts (⌘Q/⌘W/⌘M/⌘,) with no warning","low","Fixed (merged)","21 actions across 3 categories; defaults defined in ShortcutAction.defaultShortcut."
"SET-10","Settings, hotkeys, system integration (menubar, notifications, media keys, haptics, network, share)","Shortcut conflict detection","As a user, I want to be warned when two actions share the same shortcut so that I can avoid ambiguous bindings.","For each row, KeyboardShortcutsManager.conflict(for:excluding:) checks whether any other action's active shortcut equals the current one. If a conflict exists, a caption in orange reads 'Conflicts with <other action display name>'. Detection compares the effective shortcut (override or default) across all actions, excluding the row's own action. The warning is informational and does not block saving the binding.","Settings > Hotkeys tab (caption under conflicting action rows)","/Users/melboonchan/Master/Projects/YTM/kaset/Sources/Kaset/Views/HotkeysSettingsView.swift; /Users/melboonchan/Master/Projects/YTM/kaset/Sources/Kaset/Services/KeyboardShortcutsManager.swift","P1","Tested — Pass","Static audit + unit/VM tests; live-app smoke; UI tests in CI","Pass","","","N/A",""
"SET-11","Settings, hotkeys, system integration (menubar, notifications, media keys, haptics, network, share)","Reset all shortcuts to defaults","As a user, I want to reset every customized shortcut to its default in one action so that I can recover from a misconfiguration.","The Hotkeys tab footer has a 'Reset All to Defaults' button, disabled when manager.overrides is empty. Tapping it calls KeyboardShortcutsManager.resetAll() which removes all overrides and persists (clearing the UserDefaults key 'settings.shortcutOverrides' when empty). All recorder rows revert to their default shortcuts and the per-row Reset buttons disappear.","Settings > Hotkeys tab > 'Reset All to Defaults' button","/Users/melboonchan/Master/Projects/YTM/kaset/Sources/Kaset/Views/HotkeysSettingsView.swift; /Users/melboonchan/Master/Projects/YTM/kaset/Sources/Kaset/Services/KeyboardShortcutsManager.swift","P1","Tested — Pass","Static audit + unit/VM tests; live-app smoke; UI tests in CI","Pass","","","N/A","Overrides are JSON-encoded; empty dict removes the key entirely."
"SET-12","Settings, hotkeys, system integration (menubar, notifications, media keys, haptics, network, share)","In-app playback shortcuts via menu commands","As a user, I want keyboard shortcuts for play/pause, next/previous, volume, shuffle, repeat, lyrics, and player modes so that I can control playback without the mouse.","KasetApp's Playback CommandMenu wires Buttons to playerService actions, each carrying .keyboardShortcut(for:) bound to the corresponding ShortcutAction (defaults: Play/Pause=Space, Next=Cmd+Right, Previous=Cmd+Left, Volume Up=Cmd+Up, Volume Down=Cmd+Down, Shuffle=Cmd+S, Repeat=Cmd+Opt+R, Lyrics=Cmd+Y, Focus Player=Cmd+Shift+F, Small Player=Cmd+Shift+M). Volume changes step by 0.1 via VolumeCurve.steppedOutputVolume. Play/Pause is disabled when no currentTrack and no pendingPlayVideoId; Focus/Small Player buttons are disabled without a currentTrack (Small Player remains enabled in compact mode). A Mute/Unmute item exists with no shortcut. Labels reflect live state (Play vs Pause, Shuffle On/Off, repeat mode label, Show/Hide Lyrics, Enter/Exit modes).","Menu bar > Playback menu, or the bound keyboard shortcuts","/Users/melboonchan/Master/Projects/YTM/kaset/Sources/Kaset/KasetApp.swift; /Users/melboonchan/Master/Projects/YTM/kaset/Sources/Kaset/Views/SharedViews/HotkeyShortcut+SwiftUI.swift; /Users/melboonchan/Master/Projects/YTM/kaset/Sources/Kaset/Models/ShortcutAction.swift","P0","Tested — Pass","Static audit + unit/VM tests; live-app smoke; UI tests in CI","Pass","","","N/A","volumeUp/volumeDown ShortcutActions exist but volume step actions in menu use steppedOutputVolume; toggleSmallPlayer/toggleFocusPlayer drive playerPresentationMode."
"SET-13","Settings, hotkeys, system integration (menubar, notifications, media keys, haptics, network, share)","In-app navigation shortcuts via menu commands","As a user, I want keyboard shortcuts to jump to Search, Home, Library, Liked Music, Explore, New Releases, History, focus search, and the command bar so that I can navigate quickly.","KasetApp replaces the .sidebar command group with Buttons setting navigationSelection (Search=Cmd+1, Home=Cmd+2, Library=Cmd+3, Liked Music=Cmd+4, Explore=Cmd+5, New Releases=Cmd+6, History=Cmd+7). 'Find' (Cmd+F) selects Search, pops the Search stack to root via globalNavigation.popSearchToRoot(), then sets searchFocusTrigger after a 100ms delay. 'Command Bar' (Cmd+L) sets showCommandBar=true. 'Boombox' under windowArrangement (Cmd+0) shows/activates the main window. All use .keyboardShortcut(for:) so customizations re-bind them.","Menu bar navigation/window menus, or bound shortcuts","/Users/melboonchan/Master/Projects/YTM/kaset/Sources/Kaset/KasetApp.swift; /Users/melboonchan/Master/Projects/YTM/kaset/Sources/Kaset/Models/ShortcutAction.swift","P1","Tested — Pass","Static audit + unit/VM tests; live-app smoke; UI tests in CI","Pass","","","N/A","goToNewReleases default Cmd+6, goToHistory Cmd+7, showMainWindow Cmd+0."
"SET-14","Settings, hotkeys, system integration (menubar, notifications, media keys, haptics, network, share)","Refresh page and toggle sidebar shortcuts","As a user, I want shortcuts to refresh the current page and toggle the sidebar so that I can manage the view without the mouse.","The toolbar Refresh button (arrow.clockwise) carries .keyboardShortcut(for: .refreshPage) (default Cmd+R), is disabled when the current page does not support refresh, and on activation runs refreshCurrentPage(). A hidden, zero-opacity Button in MainWindow background carries .keyboardShortcut(for: .toggleSidebar) (default Cmd+Ctrl+S) and toggles columnVisibility between .all and .detailOnly with animation. A separate hidden Escape button (no modifiers) closes the lyrics or queue side panel when either is shown.","Toolbar Refresh button / bound shortcuts","/Users/melboonchan/Master/Projects/YTM/kaset/Sources/Kaset/Views/MainWindow.swift; /Users/melboonchan/Master/Projects/YTM/kaset/Sources/Kaset/Models/ShortcutAction.swift","P1","Tested — Pass","Static audit + unit/VM tests; live-app smoke; UI tests in CI","Pass","","","N/A","Esc-to-close panel is a hidden shortcut, only present while showLyrics or showQueue is true."
"SET-15","Settings, hotkeys, system integration (menubar, notifications, media keys, haptics, network, share)","Haptic feedback toggle and gating","As a user, I want to enable or disable haptic feedback so that I get tactile responses on Force Touch trackpads only when I want them.","Toggle 'Haptic Feedback' (help: 'Provide tactile feedback for actions on Force Touch trackpads') binds settings.hapticFeedbackEnabled (default true), persisted to UserDefaults. HapticService.perform gates on isEnabled, which returns false when the preference is off OR when NSWorkspace accessibilityDisplayShouldReduceMotion is true; otherwise it performs an NSHapticFeedbackManager pattern mapped per FeedbackType (playbackAction/success/error=.generic, toggle/navigation=.alignment, sliderBoundary=.levelChange) at performanceTime .now. Disabled performs log a debug skip.","Settings > General > 'Haptic Feedback' toggle","/Users/melboonchan/Master/Projects/YTM/kaset/Sources/Kaset/Views/GeneralSettingsView.swift; /Users/melboonchan/Master/Projects/YTM/kaset/Sources/Kaset/Services/HapticService.swift; /Users/melboonchan/Master/Projects/YTM/kaset/Sources/Kaset/Services/SettingsManager.swift","P1","Tested — Pass","Static audit + unit/VM tests; live-app smoke; UI tests in CI","Pass","","","N/A","Respects system Reduce Motion accessibility setting."
"SET-16","Settings, hotkeys, system integration (menubar, notifications, media keys, haptics, network, share)","Contextual haptic feedback across controls","As a user, I want subtle haptics when I play/pause, toggle, hit slider limits, navigate, or succeed/fail an action so that interactions feel responsive.","Throughout the UI, HapticService convenience calls fire on actions: playback() on play/pause/skip (PlayerBar, MenuBarPlayerView, NowPlayingSidebarPanel, PlayerPresentationViews), toggle() on shuffle/repeat/like/queue/lyrics and panel swipe switches, sliderBoundary() when volume/seek sliders hit 0/100% (PlayerBar, PlayerPresentationViews, MenuBarController scroll), navigation() on sidebar selection and panel navigation, success() on add-to-library/favorites/audio-output set and search successes, error() on failures (e.g. audio output set failure, like failure). InteractiveCardStyle/PressableButtonStyle accept an optional hapticFeedback type performed on press. All are gated by SET-15.","Various playback/navigation/library controls","/Users/melboonchan/Master/Projects/YTM/kaset/Sources/Kaset/Services/HapticService.swift; /Users/melboonchan/Master/Projects/YTM/kaset/Sources/Kaset/Views/PlayerBar.swift; /Users/melboonchan/Master/Projects/YTM/kaset/Sources/Kaset/Views/SharedViews/InteractiveCardStyle.swift; /Users/melboonchan/Master/Projects/YTM/kaset/Sources/Kaset/Views/SharedViews/SidePanelSwipeSwitchModifier.swift; /Users/melboonchan/Master/Projects/YTM/kaset/Sources/Kaset/Views/Sidebar.swift","P2","Tested — Pass","Static audit + unit/VM tests; live-app smoke; UI tests in CI","Pass","","","N/A","Side-panel swipe (left/right) switches between queue and lyrics and fires toggle haptic."
"SET-17","Settings, hotkeys, system integration (menubar, notifications, media keys, haptics, network, share)","Network connectivity monitoring and offline UI","As a user, I want the app to detect when I am offline so that pages show a clear no-connection message instead of failing silently.","NetworkMonitor (shared) uses NWPathMonitor on a utility DispatchQueue, updating isConnected, isExpensive, isConstrained, and interfaceType on each path update on the main actor; statusDescription summarizes them ('No internet connection' when disconnected, else interface description with '(expensive)'/'(low data mode)' suffixes). Content pages (Home, Explore, New Releases, Library, Liked Music, History, Search) observe isConnected and, when false, render an ErrorView titled 'No Connection' with message 'Please check your internet connection and try again.' and a retry action that re-runs the page's refresh/load. Connectivity transitions are logged.","Automatic on each content page when offline","/Users/melboonchan/Master/Projects/YTM/kaset/Sources/Kaset/Services/NetworkMonitor.swift; /Users/melboonchan/Master/Projects/YTM/kaset/Sources/Kaset/Views/HomeView.swift; /Users/melboonchan/Master/Projects/YTM/kaset/Sources/Kaset/Views/SearchView.swift; /Users/melboonchan/Master/Projects/YTM/kaset/Sources/Kaset/Views/ExploreView.swift; /Users/melboonchan/Master/Projects/YTM/kaset/Sources/Kaset/Views/LibraryView.swift","P0","Tested — Pass","Static audit + unit/VM tests; live-app smoke; UI tests in CI","Pass","","","N/A","Offline check takes precedence over the loadingState switch in each view."
"SET-18","Settings, hotkeys, system integration (menubar, notifications, media keys, haptics, network, share)","Share via native macOS share picker (SwiftUI menus)","As a user, I want to share songs, albums, playlists, artists, and podcast shows so that I can send links to others via macOS sharing services.","ShareContextMenu.menuItem(for:) builds a 'Share' button (square.and.arrow.up label) only when the item's shareURL is non-nil. Activation calls showSharePicker(for:) which opens NSSharingServicePicker at the current mouse location: it finds the window under the mouse, converts screen->window->view coordinates, and presents relative to a 1x1 rect at that point (falling back to the key window's contentView). URLs are built per type: songs use music.youtube.com/watch?v=<videoId>; playlists use /playlist?list=<id>; albums use /browse/<id> only if hasNavigableId (MPRE/OLAK); artists use /channel/<publicChannelId> only if present; podcast shows use /browse/<id> only if hasNavigableId (MPSPP). All IDs are percent-encoded.","Right-click / context menu > Share on a song/album/playlist/artist/show","/Users/melboonchan/Master/Projects/YTM/kaset/Sources/Kaset/Views/SharedViews/ShareContextMenu.swift; /Users/melboonchan/Master/Projects/YTM/kaset/Sources/Kaset/Services/ShareService.swift","P1","Tested — Pass","Static audit + unit/VM tests; live-app smoke; UI tests in CI","Pass","","","N/A","Items without a navigable/valid ID simply have no Share menu item."
"SET-19","Settings, hotkeys, system integration (menubar, notifications, media keys, haptics, network, share)","Share from AppKit queue context menu","As a user, I want to share a queued song from the queue side panel's right-click menu so that sharing works even in the AppKit-hosted list.","QueueSidePanelView's AppKit Coordinator builds an NSMenu per row; a 'Share' NSMenuItem (square.and.arrow.up image) is added only when song.shareURL != nil. Selecting it calls contextMenuShare, which on the main actor calls ShareContextMenu.showSharePicker(for: url) to present the native picker at the mouse location. Songs lacking a shareURL omit the item entirely.","Queue side panel > right-click a song > Share","/Users/melboonchan/Master/Projects/YTM/kaset/Sources/Kaset/Views/QueueSidePanelView.swift; /Users/melboonchan/Master/Projects/YTM/kaset/Sources/Kaset/Views/SharedViews/ShareContextMenu.swift; /Users/melboonchan/Master/Projects/YTM/kaset/Sources/Kaset/Services/ShareService.swift","P2","Tested — Pass","Static audit + unit/VM tests; live-app smoke; UI tests in CI","Pass","","","N/A",""
"SET-20","Settings, hotkeys, system integration (menubar, notifications, media keys, haptics, network, share)","Default launch page selection","As a user, I want to choose which page opens when I launch the app so that I land where I prefer.","Picker 'Default Page on Launch' binds settings.defaultLaunchPage over LaunchPage.allCases (Home, Explore, New Releases, Liked Music, Playlists, Last Used). The selection persists to UserDefaults 'settings.defaultLaunchPage'. On launch, launchPage resolves 'Last Used' to lastUsedPage (else the chosen page) and launchNavigationItem maps it to a NavigationItem (Playlists->library, Last Used fallback->home); KasetApp initializes navigationSelection from SettingsManager.shared.launchNavigationItem.","Settings > General > 'Default Page on Launch' picker","/Users/melboonchan/Master/Projects/YTM/kaset/Sources/Kaset/Views/GeneralSettingsView.swift; /Users/melboonchan/Master/Projects/YTM/kaset/Sources/Kaset/Services/SettingsManager.swift; /Users/melboonchan/Master/Projects/YTM/kaset/Sources/Kaset/KasetApp.swift","P1","Tested — Pass","Static audit + unit/VM tests; live-app smoke; UI tests in CI","Pass","","","N/A",""
"SET-21","Settings, hotkeys, system integration (menubar, notifications, media keys, haptics, network, share)","Content language selection","As a user, I want to choose the app/content language so that the interface and fetched content use my preferred language.","Picker 'Content Language' binds settings.contentLanguage over ContentLanguage.allCases (System Default, English, 한국어, العربية, Türkçe, Bahasa Indonesia, Français). Changing it persists the raw value, calls AppLocalization.setLanguage(languageCode) and APICache.shared.invalidateAll() to drop stale localized content. The chosen locale also drives KasetApp's environment(\.locale) and the MainWindow .id (forcing a rebuild), and apiLanguageCode feeds the YouTube Music API 'hl' parameter (derived from system locale when System Default).","Settings > General > 'Content Language' picker","/Users/melboonchan/Master/Projects/YTM/kaset/Sources/Kaset/Views/GeneralSettingsView.swift; /Users/melboonchan/Master/Projects/YTM/kaset/Sources/Kaset/Services/SettingsManager.swift; /Users/melboonchan/Master/Projects/YTM/kaset/Sources/Kaset/KasetApp.swift","P1","Tested — Pass","Static audit + unit/VM tests; live-app smoke; UI tests in CI","Pass","","","N/A","Switching language invalidates the API cache and rebuilds the window via .id(contentLanguage)."
"SET-22","Settings, hotkeys, system integration (menubar, notifications, media keys, haptics, network, share)","Now Playing widget control style","As a user, I want to choose whether Control Center shows skip forward/backward or next/previous buttons so that the Now Playing widget matches my preference.","Picker 'Now Playing Controls' (help: 'Choose which buttons appear in the Now Playing widget in Control Center') binds settings.mediaControlStyle over MediaControlStyle.allCases (Skip Forward/Backward, Next/Previous Track; default nextPreviousTrack). The raw value persists to UserDefaults 'settings.mediaControlStyle' and is consumed by the now-playing/MPRemoteCommandCenter integration to choose which transport commands are exposed.","Settings > General > 'Now Playing Controls' picker","/Users/melboonchan/Master/Projects/YTM/kaset/Sources/Kaset/Views/GeneralSettingsView.swift; /Users/melboonchan/Master/Projects/YTM/kaset/Sources/Kaset/Services/SettingsManager.swift","P1","Tested — Pass","Static audit + unit/VM tests; live-app smoke; UI tests in CI","Pass","","","N/A","Default is nextPreviousTrack."
"SET-23","Settings, hotkeys, system integration (menubar, notifications, media keys, haptics, network, share)","Lyrics and romanization preferences","As a user, I want to toggle synced lyrics and romanization so that I control how lyrics are fetched and displayed.","Two toggles bind settings.syncedLyricsEnabled (default true; help 'Fetch and display real-time synced lyrics when available') and settings.romanizationEnabled (default true; help 'Show romanized text (romaji, pinyin, etc.) below non-Latin lyrics'). Each persists to its UserDefaults key and is read by the lyrics rendering/SyncedLyricsService pipeline to decide whether to fetch synced lyrics and show romanized text under non-Latin lines.","Settings > General > 'Enable Synced Lyrics' / 'Romanize Lyrics' toggles","/Users/melboonchan/Master/Projects/YTM/kaset/Sources/Kaset/Views/GeneralSettingsView.swift; /Users/melboonchan/Master/Projects/YTM/kaset/Sources/Kaset/Services/SettingsManager.swift","P2","Tested — Pass","Static audit + unit/VM tests; live-app smoke; UI tests in CI","Pass","","","N/A",""
"SET-24","Settings, hotkeys, system integration (menubar, notifications, media keys, haptics, network, share)","Remember shuffle and repeat across restarts","As a user, I want the app to remember my shuffle and repeat settings between launches so that playback resumes the way I left it.","Toggle 'Remember Shuffle & Repeat' (help: 'Save shuffle and repeat settings across app restarts') binds settings.rememberPlaybackSettings (default false). When enabled, shuffle/repeat state is persisted (UserDefaults 'playerShuffleEnabled'/'playerRepeatMode'). When disabled, the setter immediately removes both stored keys to prevent stale restoration. Persisted to UserDefaults 'settings.rememberPlaybackSettings'.","Settings > General > 'Remember Shuffle & Repeat' toggle","/Users/melboonchan/Master/Projects/YTM/kaset/Sources/Kaset/Views/GeneralSettingsView.swift; /Users/melboonchan/Master/Projects/YTM/kaset/Sources/Kaset/Services/SettingsManager.swift","P2","Tested — Pass","Static audit + unit/VM tests; live-app smoke; UI tests in CI","Pass","","","N/A","Disabling clears playerShuffleEnabled and playerRepeatMode keys."
"SET-25","Settings, hotkeys, system integration (menubar, notifications, media keys, haptics, network, share)","Image cache size display and clearing","As a user, I want to see how much disk my image cache uses and clear it so that I can reclaim space.","The Image Cache row shows a caption with the current disk cache size, computed in a .task via ImageCache.shared.diskCacheSize() and formatted with ByteCountFormatter (.file); it initially reads 'Calculating...'. A button reads 'Clear Cache' or 'Clearing...' while busy and is disabled during clearing. Tapping runs clearCache(): sets isClearing, awaits ImageCache.shared.clearAllCaches(), refreshes the displayed size, and re-enables.","Settings > General > Image Cache row > 'Clear Cache' button","/Users/melboonchan/Master/Projects/YTM/kaset/Sources/Kaset/Views/GeneralSettingsView.swift","P2","Tested — Pass","Static audit + unit/VM tests; live-app smoke; UI tests in CI","Pass","","","N/A",""
"SET-26","Settings, hotkeys, system integration (menubar, notifications, media keys, haptics, network, share)","App version display","As a user, I want to see the app version and build so that I can report issues accurately.","The About section shows a 'Version' row whose trailing text is built from Bundle CFBundleShortVersionString and CFBundleVersion: 'version (build)' when a build exists, otherwise just the version; missing values fall back to 'Unknown'/empty.","Settings > General > About > Version row","/Users/melboonchan/Master/Projects/YTM/kaset/Sources/Kaset/Views/GeneralSettingsView.swift","P2","Tested — Pass","Static audit + unit/VM tests; live-app smoke; UI tests in CI","Pass","","","N/A",""
"SET-27","Settings, hotkeys, system integration (menubar, notifications, media keys, haptics, network, share)","Settings window tabbed navigation","As a user, I want a tabbed Settings window for General and Hotkeys so that preferences are organized.","SettingsView presents a TabView with two tabs: 'General' (gearshape icon) hosting GeneralSettingsView and 'Hotkeys' (keyboard icon) hosting HotkeysSettingsView, with a minimum frame of 460x480. It is presented via the SwiftUI Settings scene (Cmd+,), injected with the content-language locale and AuthService. GeneralSettingsView uses a grouped Form with General and About sections (minWidth 400, minHeight 300).","App menu > Settings… (Cmd+,)","/Users/melboonchan/Master/Projects/YTM/kaset/Sources/Kaset/KasetApp.swift; /Users/melboonchan/Master/Projects/YTM/kaset/Sources/Kaset/Views/GeneralSettingsView.swift; /Users/melboonchan/Master/Projects/YTM/kaset/Sources/Kaset/Views/HotkeysSettingsView.swift","P1","Tested — Pass","Static audit + unit/VM tests; live-app smoke; UI tests in CI","Pass","","","N/A",""
"SET-28","Settings, hotkeys, system integration (menubar, notifications, media keys, haptics, network, share)","Dock menu now-playing controls","As a user, I want a Dock right-click menu with now-playing info and controls so that I can manage playback without focusing the app.","AppDelegate.applicationDockMenu builds an NSMenu: a disabled header showing truncated track title and artist (or 'No Track Playing'); Play/Pause, Previous, Next (enabled when currentTrack or pendingPlayVideoId exists); Like/Unlike (state .on when liked, enabled with a current track); Show/Hide Lyrics, Show/Hide Queue (toggle and bring the main window forward); Focus Player/Small Player toggles (gated on currentTrack except when exiting), and Show/Hide Now Playing Panel toggling SettingsManager.showSidebarNowPlayingPanel. Playback actions fall back to SingletonPlayerWebView when playerService is unavailable.","Right-click the app's Dock icon","/Users/melboonchan/Master/Projects/YTM/kaset/Sources/Kaset/AppDelegate.swift; /Users/melboonchan/Master/Projects/YTM/kaset/Sources/Kaset/Services/SettingsManager.swift","P1","Tested — Pass","Static audit + unit/VM tests; live-app smoke; UI tests in CI","Pass","","","N/A","Presentation-mode toggles post .playerPresentationModeRequested consumed by KasetApp."
"SET-29","Settings, hotkeys, system integration (menubar, notifications, media keys, haptics, network, share)","Background playback and window close behavior","As a user, I want closing the window to keep audio playing and clicking the Dock icon to reopen so that music continues uninterrupted.","AppDelegate keeps the app alive after the last window closes (applicationShouldTerminateAfterLastWindowClosed returns true only in UI test mode). windowShouldClose hides the window (orderOut) instead of closing it (returns false) outside UI tests so the WebView stays alive for audio. applicationShouldHandleReopen and applicationDidBecomeActive call showMainWindowIfNeeded, which finds the window by stored reference, then by frameAutosaveName 'BoomboxMainWindow', then any main-capable window, and makes it key/front if hidden. The main window's frame autosaves under 'BoomboxMainWindow'.","Close the main window; later click the Dock icon","/Users/melboonchan/Master/Projects/YTM/kaset/Sources/Kaset/AppDelegate.swift","P1","Tested — Pass","Static audit + unit/VM tests; live-app smoke; UI tests in CI","Pass","","","N/A","Cmd+Q fully quits; close just hides."
"SET-30","Settings, hotkeys, system integration (menubar, notifications, media keys, haptics, network, share)","System sleep/wake handling and queue persistence","As a user, I want playback to pause on system sleep and my queue to persist across launches so that the app behaves predictably around sleep and restart.","AppDelegate registers for NSWorkspace willSleep/didWake. On willSleep it records whether audio was playing and pauses via SingletonPlayerWebView.shared.pause(); on didWake it logs the wake (does NOT auto-resume by design). On applicationDidFinishLaunching it restores the saved queue (playerService.restoreQueueFromPersistence) after a delayed window-delegate setup; on applicationWillTerminate it saves the queue (saveQueueForPersistence). The notification center delegate is set so foreground notifications still appear.","Automatic on system sleep/wake and app launch/quit","/Users/melboonchan/Master/Projects/YTM/kaset/Sources/Kaset/AppDelegate.swift","P1","Tested — Pass","Static audit + unit/VM tests; live-app smoke; UI tests in CI","Pass","","","N/A","No auto-resume on wake; wasPlayingBeforeSleep is only logged."
"SRCH-01","Search & suggestions & recent searches","Open Search tab","As a user, I want to open the Search screen via the sidebar, a keyboard shortcut, or the command bar so that I can start looking for music.","Selecting the ""Search"" sidebar item or pressing the Go to Search shortcut (default Cmd+1) sets navigationSelection = .search and shows SearchView. When SearchView appears (onAppear), the search text field is auto-focused (isSearchFieldFocused = true). The screen renders a search field, a Divider, the content area, and a PlayerBar pinned to the bottom via safeAreaInset. Navigation title is localized ""Search"".","Sidebar ""Search"" item; Cmd+1 (Go to Search); command bar / Find menu route","Sources/Kaset/Views/SearchView.swift; Sources/Kaset/Views/MainWindow.swift; Sources/Kaset/KasetApp.swift; Sources/Kaset/Models/ShortcutAction.swift","P0","Tested — Pass","Static audit + unit/VM tests; live-app smoke; UI tests in CI","Pass","","","N/A","SearchView is constructed in MainWindow at case .search with the shared SearchViewModel and searchFocusTrigger binding."
"SRCH-02","Search & suggestions & recent searches","Focus search field via shortcut/command bar","As a user, I want a keyboard shortcut and the command bar to jump me to the search field so that I can type a query without using the mouse.","Pressing Focus Search Field (default Cmd+F) or the ""Find"" menu switches to the Search tab, calls globalNavigation.popSearchToRoot() (which increments popSearchToRootSignal so SearchView resets its NavigationStack to root), then after ~100ms sets searchFocusTrigger = true. SearchView observes focusTrigger via onChange: when true it sets isSearchFieldFocused = true and immediately resets focusTrigger back to false. The command bar's runSearch does the same: switches to .search, pops to root, sets the VM filter to .all and query, runs searchImmediately(), and re-focuses the field after ~100ms.","Cmd+F (Focus Search Field); Find menu item; command bar Enter","Sources/Kaset/KasetApp.swift; Sources/Kaset/Views/CommandBarView.swift; Sources/Kaset/Views/SearchView.swift; Sources/Kaset/Services/GlobalNavigationCoordinator.swift","P1","Tested — Pass","Static audit + unit/VM tests; live-app smoke; UI tests in CI","Pass","","","N/A","focusTrigger is a one-shot Bool binding the view self-resets to false."
"SRCH-03","Search & suggestions & recent searches","Type query with debounced search","As a user, I want to type in the search field and have results appear automatically so that I do not have to press a button for every keystroke.","Typing updates viewModel.query. The query didSet cancels in-flight search and suggestion tasks; if the new query differs from lastSearchedQuery it clears results to .empty, sets loadingState .idle, and clears the search continuation. onChange(of: query) resets selectedSuggestionIndex to -1 and calls fetchSuggestions(). Calling search() debounces 300ms (Task.sleep) before performSearch; it cancels prior tasks, clears suggestions and continuation. If query is empty it resets results/idle and returns without a network call. Note: search() is only invoked on submit/suggestion-select, not on every keystroke — keystrokes drive suggestions, not auto-search.","Typing in the search text field","Sources/Kaset/Views/SearchView.swift; Sources/Kaset/ViewModels/SearchViewModel.swift","P0","Tested — Pass","Static audit + unit/VM tests; live-app smoke; UI tests in CI","Pass","","","N/A","placeholder text: ""Search songs, albums, artists...""."
"SRCH-04","Search & suggestions & recent searches","Submit search (Enter)","As a user, I want to press Enter to run my search so that I see results for exactly what I typed.","onSubmit fires HapticService.success(). If a suggestion is highlighted (selectedSuggestionIndex within bounds), it calls selectSuggestion(thatSuggestion); otherwise it calls viewModel.search() (300ms debounce then performSearch). performSearch sets loadingState .loading, picks the client call based on selectedFilter (.all -> client.search, else filtered variants), guards against cancellation/query change before applying results, sets loadingState .loaded, logs counts, and records the query into RecentSearchesStore if at least one result returned.","Enter key in the search field","Sources/Kaset/Views/SearchView.swift; Sources/Kaset/ViewModels/SearchViewModel.swift; Sources/Kaset/Services/API/YTMusicClient.swift","P0","Tested — Pass","Static audit + unit/VM tests; live-app smoke; UI tests in CI","Pass","","","N/A","Success haptic fires even on empty/failed query."
"SRCH-05","Search & suggestions & recent searches","Autocomplete suggestions dropdown","As a user, I want a dropdown of query suggestions as I type so that I can pick a refined search quickly.","fetchSuggestions cancels prior suggestion task; if query empty it clears suggestions and returns. Otherwise debounces 150ms, then performFetchSuggestions calls client.getSearchSuggestions(query). Results are applied only if query is unchanged. Errors are logged at debug and silently swallowed (no error UI). showSuggestions is true only when query is non-empty AND suggestions is non-empty AND results is empty — so the dropdown hides once results load. The dropdown renders at most the first 7 suggestions, each a magnifyingglass icon + query text (1 line) + up-left arrow, separated by indented dividers, with glass effect, materialize transition, and a drop shadow, positioned 44pt below the field.","Typing in the search field (dropdown auto-appears)","Sources/Kaset/Views/SearchView.swift; Sources/Kaset/ViewModels/SearchViewModel.swift; Sources/Kaset/Services/API/Parsers/SearchSuggestionsParser.swift; Sources/Kaset/Models/SearchSuggestion.swift","P0","Tested — Pass","Static audit + unit/VM tests; live-app smoke; UI tests in CI","Pass","","","N/A","Suggestions are not cached (ephemeral). Parser handles both searchSuggestionRenderer and historySuggestionRenderer."
"SRCH-06","Search & suggestions & recent searches","Select a suggestion","As a user, I want to click a suggestion so that it becomes my query and runs the search.","Tapping a suggestion row calls viewModel.selectSuggestion(suggestion): cancels the suggestions task, clears suggestions, sets query to suggestion.query, and calls search() (300ms debounce). The dropdown hides (suggestions empty). The query change triggers the standard search/results flow and, on success with results, records the query to recent searches.","Click a row in the suggestions dropdown","Sources/Kaset/Views/SearchView.swift; Sources/Kaset/ViewModels/SearchViewModel.swift","P0","Tested — Pass","Static audit + unit/VM tests; live-app smoke; UI tests in CI","Pass","","","N/A",""
"SRCH-07","Search & suggestions & recent searches","Keyboard navigation of suggestions","As a user, I want to use arrow keys and Escape within the suggestions dropdown so that I can choose a suggestion without the mouse.","When showSuggestions is true: Down arrow increments selectedSuggestionIndex up to suggestions.count-1 (handled); Up arrow decrements down to -1 (handled, where -1 means no highlight); Escape calls viewModel.clearSuggestions() and hides the dropdown (handled). When showSuggestions is false these key presses return .ignored (pass through). The highlighted row is tinted with accentColor at 15% opacity. Pressing Enter with a valid highlighted index selects that suggestion instead of running a raw-text search. Note: arrow navigation can move the index across the full suggestions array even though only the first 7 are rendered.","Arrow keys / Escape while typing with dropdown open","Sources/Kaset/Views/SearchView.swift; Sources/Kaset/ViewModels/SearchViewModel.swift","P1","Tested — Pass","Static audit + unit/VM tests; live-app smoke; UI tests in CI","Pass","","","N/A","selectedSuggestionIndex resets to -1 on query change and on suggestions change."
"SRCH-08","Search & suggestions & recent searches","Clear search field","As a user, I want a clear (x) button in the search field so that I can quickly reset my query and results.","An xmark.circle.fill button appears only when query is non-empty (accessibility label ""Clear search""). Tapping it calls viewModel.clear(): cancels search and suggestion tasks, sets query to """", results to .empty, suggestions to [], lastSearchedQuery/lastSearchedFilter to nil, loadingState to .idle, and clears the search continuation. The UI returns to the idle empty/recent-searches state.","x button inside the search field capsule","Sources/Kaset/Views/SearchView.swift; Sources/Kaset/ViewModels/SearchViewModel.swift","P1","Tested — Pass","Static audit + unit/VM tests; live-app smoke; UI tests in CI","Pass","","","N/A",""
"SRCH-09","Search & suggestions & recent searches","Result-type filter chips","As a user, I want filter chips (All, Songs, Albums, Artists, Featured/Community playlists, Podcasts) so that I can narrow results to one content type.","Filter chips render only when results is non-empty, in a horizontal non-indicator ScrollView, one per SearchFilter case. Tapping a chip sets selectedFilter (animated with AppAnimation.spring). The selected chip is filled accentColor with white text; others use secondary 20% fill. selectedFilter.didSet, when the value changed, query is non-empty, and lastSearchedQuery != nil, runs searchWithFilter() which performs a fresh filtered network search (no debounce): .all->client.search, .songs->searchSongsWithPagination, .albums->searchAlbums, .artists->searchArtists, .featuredPlaylists->searchFeaturedPlaylists, .communityPlaylists->searchCommunityPlaylists, .podcasts->searchPodcasts. Each chip exposes accessibility identifier and a Selected/Not selected accessibility value.","Tap a filter chip below the search field","Sources/Kaset/Views/SearchView.swift; Sources/Kaset/ViewModels/SearchViewModel.swift; Sources/Kaset/Services/API/YTMusicClient.swift","P0","Fixed & retested","Static audit + unit/VM tests; live-app smoke; UI tests in CI","Pass (post-fix; 926 unit tests green; UI tests in CI)","F017(medium): Search filter chips vanish when a filtered search returns zero results, trapping the user on the empty filter","medium","Fixed (merged)","Featured and Community playlists both display as Playlist items via results.playlists."
"SRCH-10","Search & suggestions & recent searches","Ordered shelf rendering on All tab","As a user, I want the All tab to mirror YouTube Music's own result ordering (Top result, Songs, Albums, etc.) so that the most relevant content appears first.","On the .all filter, if results.sections is non-empty, the results list renders each SearchSection in YouTube's returned order. Each section shows a header: its title (e.g. ""Songs"", ""Albums"", ""Community playlists"") or, for the top-result card (isTopResult), the localized ""Top result"" header; untitled non-top shelves render no header. The parser builds sections from musicCardShelfRenderer (top result + its related contents), musicShelfRenderer (titled shelves), and recurses through itemSectionRenderer wrappers to preserve order. If sections is empty (filtered tabs) the view falls back to a flat filteredItems list. Section IDs are stable (""top"", shelf title, or shelf-index) to avoid SwiftUI teardown across personalized re-queries.","Run a search with the All filter selected","Sources/Kaset/Views/SearchView.swift; Sources/Kaset/Models/SearchResponse.swift; Sources/Kaset/Services/API/Parsers/SearchResponseParser.swift","P0","Fixed & retested","Static audit + unit/VM tests; live-app smoke; UI tests in CI","Pass (post-fix; 926 unit tests green; UI tests in CI)","F015(low): Podcast shows are silently dropped from combined ('All') search results","low","Fixed (merged)",""
"SRCH-11","Search & suggestions & recent searches","Result row display & artwork","As a user, I want each result to show artwork, title, type, and subtitle so that I can identify it at a glance.","Each result row shows a 48x48 thumbnail from item.thumbnailURL.highQualityThumbnailURL via CachedAsyncImage; while loading or missing, a quaternary placeholder rectangle with a type icon (music.note/square.stack/person/music.note.list/mic.fill) is shown. Artist thumbnails are clipped to a 24pt-radius circle; all others to a 6pt-radius rounded rect. Title is one line; below it resultType (Song/Album/Artist/Playlist/Podcast) and, if present, a bullet + subtitle (artists for songs/albums, author for podcasts, stripped ""Playlist • "" author for playlists; artists have no subtitle). Songs (item.videoId != nil) show a trailing play.circle indicator. Rows use the interactiveRow button style.","View search results list","Sources/Kaset/Views/SearchView.swift; Sources/Kaset/Models/SearchResponse.swift","P0","Tested — Pass","Static audit + unit/VM tests; live-app smoke; UI tests in CI","Pass","","","N/A",""
"SRCH-12","Search & suggestions & recent searches","Tap a result to play or navigate","As a user, I want tapping a result to play a song or open the album/artist/playlist/podcast so that I can act on it immediately.","handleItemTap: tapping a song calls playerService.playWithRadio(song:) (plays it and builds a radio queue of similar songs in the background); tapping an artist pushes the Artist onto navigationPath; tapping an album wraps it into a Playlist (id/title/thumbnail/trackCount/author) and pushes it; tapping a playlist pushes the Playlist; tapping a podcast show pushes the PodcastShow. Pushed destinations are resolved by the navigationDestinations(client:) modifier on the NavigationStack.","Click a result row","Sources/Kaset/Views/SearchView.swift; Sources/Kaset/Views/SharedViews/NavigationDestinationsModifier.swift","P0","Tested — Pass","Static audit + unit/VM tests; live-app smoke; UI tests in CI","Pass","","","N/A",""
"SRCH-13","Search & suggestions & recent searches","Song result context menu","As a user, I want a right-click menu on a song result so that I can queue, play, favorite, like/dislike, add to library, share, or jump to its artist/album.","Right-clicking a song shows: AddToQueueContextMenu (play next / add to queue), Play (playWithRadio), Favorites toggle, Like/Dislike, Start Radio, Add to Library (SongActionsHelper.addToLibrary via playerService), Share, and conditionally Go to Artist (NavigationLink to the first artist with a navigable id) and Go to Album (NavigationLink to a Playlist built from the song's album when album.hasNavigableId). Items are separated by Dividers.","Right-click / context menu on a song result row","Sources/Kaset/Views/SearchView.swift","P1","Tested — Pass","Static audit + unit/VM tests; live-app smoke; UI tests in CI","Pass","","","N/A",""
"SRCH-14","Search & suggestions & recent searches","Album result context menu","As a user, I want a context menu on an album result so that I can view, play, queue, favorite, or share it.","Right-clicking an album shows: View Album (pushes a Playlist wrapper onto navigationPath), Play (SongActionsHelper.playAlbum), Play Next (addAlbumToQueueNext), Add to Queue (addAlbumToQueueLast), Favorites toggle, and Share. All album playback actions use viewModel.client and playerService.","Right-click / context menu on an album result row","Sources/Kaset/Views/SearchView.swift","P1","Tested — Pass","Static audit + unit/VM tests; live-app smoke; UI tests in CI","Pass","","","N/A",""
"SRCH-15","Search & suggestions & recent searches","Artist / playlist / podcast context menus","As a user, I want context menus on artist, playlist, and podcast results so that I can open, favorite, share, or add them appropriately.","Artist menu: View Artist (push), Favorites toggle, Share. Playlist menu: Add to Library (SongActionsHelper.addPlaylistToLibrary with client + libraryViewModel), Favorites toggle, Share, View Playlist (push). Podcast menu: View Podcast (push) and Favorites toggle. Each pushes its destination onto navigationPath where applicable.","Right-click / context menu on artist, playlist, or podcast result rows","Sources/Kaset/Views/SearchView.swift","P1","Tested — Pass","Static audit + unit/VM tests; live-app smoke; UI tests in CI","Pass","","","N/A",""
"SRCH-16","Search & suggestions & recent searches","Pagination / load more for filtered results","As a user, I want to load more results for a filtered search so that I can browse beyond the first page.","hasMoreResults is false for the .all filter (no pagination for mixed results) and otherwise reflects client.hasMoreSearchResults (continuation token present). When hasMoreResults is true, a loadMoreView appears at the bottom: if loadingState == .loadingMore it shows a small ProgressView with ""Loading more...""; otherwise it shows a ""Load More"" button that also auto-triggers loadMore() via .task when it becomes visible (infinite scroll). loadMore() guards filter != .all, loadingState == .loaded, and hasMoreResults; sets .loadingMore; fetches client.getSearchContinuation(); merges continuation songs/albums/artists/playlists/podcastShows and new continuationToken into results; returns to .loaded. If continuation is nil it returns to .loaded. On error it logs and reverts to .loaded to allow retry.","Scroll to bottom of a filtered results list / tap Load More","Sources/Kaset/Views/SearchView.swift; Sources/Kaset/ViewModels/SearchViewModel.swift; Sources/Kaset/Services/API/YTMusicClient.swift; Sources/Kaset/Services/API/Parsers/SearchResponseParser.swift","P1","Fixed & retested","Static audit + unit/VM tests; live-app smoke; UI tests in CI","Pass (post-fix; 926 unit tests green; UI tests in CI)","F015(low): Podcast shows are silently dropped from combined ('All') search results","low","Fixed (merged)",""
"SRCH-17","Search & suggestions & recent searches","Recent searches list","As a user, I want to see my recent searches when the field is empty so that I can re-run them quickly.","When query is empty and RecentSearchesStore.shared.recent is non-empty, the empty state shows a scrollable ""Recent Searches"" list with a ""Clear All"" button. Each row has a clock.arrow.circlepath icon, the query text, and a remove (x) button (help/accessibility label ""Remove from history""). Tapping the query text fires HapticService.success(), sets viewModel.query to the entry, and runs searchImmediately() (no debounce). Recent entries are persisted in UserDefaults (key settings.recentSearches), newest-first, capped at 10, deduped case-insensitively (re-recording promotes to top). Only queries that returned at least one result are recorded (in performSearch).","Empty search field shows recent searches; tap a recent row","Sources/Kaset/Views/SearchView.swift; Sources/Kaset/Services/RecentSearchesStore.swift; Sources/Kaset/ViewModels/SearchViewModel.swift","P1","Tested — Pass","Static audit + unit/VM tests; live-app smoke; UI tests in CI","Pass","","","N/A",""
"SRCH-18","Search & suggestions & recent searches","Remove / clear recent searches","As a user, I want to delete individual recent searches or clear them all so that I can manage my search history.","Tapping a recent row's x button calls RecentSearchesStore.remove(entry), which removes all exact matches from recent and writes the array back to UserDefaults. Tapping ""Clear All"" calls clearAll(), which empties recent and removes the UserDefaults key. The list updates immediately (store is @Observable). Whitespace/empty queries are never recorded; record() trims whitespace and ignores empties.","x button on a recent row; Clear All button","Sources/Kaset/Views/SearchView.swift; Sources/Kaset/Services/RecentSearchesStore.swift","P2","Tested — Pass","Static audit + unit/VM tests; live-app smoke; UI tests in CI","Pass","","","N/A",""
"SRCH-19","Search & suggestions & recent searches","Empty / idle states","As a user, I want clear guidance when I have not searched yet so that I know what to do.","In loadingState .idle: if query is empty and there are no recent searches, the view shows a magnifyingglass icon, ""Search for your favorite music"", and ""Find songs, albums, artists, and playlists"". If query is empty and recents exist, the recent searches list is shown instead. If query is non-empty but no search has run (idle), it shows the same magnifyingglass layout but with the prompt ""Press Enter to search"".","Open Search with no/partial query","Sources/Kaset/Views/SearchView.swift","P1","Tested — Pass","Static audit + unit/VM tests; live-app smoke; UI tests in CI","Pass","","","N/A",""
"SRCH-20","Search & suggestions & recent searches","Loading state","As a user, I want a loading indicator while a search runs so that I know the app is working.","When loadingState is .loading or .loadingMore, the content area shows a LoadingView with localized text ""Searching..."". (Pagination's inline ""Loading more..."" indicator is separate and shown within the results list, see SRCH-16.)","After submitting a search or changing filter","Sources/Kaset/Views/SearchView.swift","P1","Tested — Pass","Static audit + unit/VM tests; live-app smoke; UI tests in CI","Pass","","","N/A","Both .loading and .loadingMore map the whole content area to the Searching... LoadingView; loadMore relies on the inline indicator inside the results list when results already exist."
"SRCH-21","Search & suggestions & recent searches","No results state","As a user, I want a clear message when a search returns nothing so that I know to try a different query.","When loadingState is .loaded and filteredItems is empty, the view shows a magnifyingglass icon, ""No results found"", and ""Try searching for something else"". Because empty results are not recorded to history, a no-result query will not appear in recent searches.","Search that yields no items for the active filter","Sources/Kaset/Views/SearchView.swift; Sources/Kaset/ViewModels/SearchViewModel.swift","P1","Tested — Pass","Static audit + unit/VM tests; live-app smoke; UI tests in CI","Pass","","","N/A",""
"SRCH-22","Search & suggestions & recent searches","Error state & retry","As a user, I want to see an error with a retry option when a search fails so that I can recover without retyping.","On a failed search (non-cancellation error, query unchanged), performSearch sets loadingState .error(LoadingError(from: error)) and the content area shows an ErrorView with that error and a retry action that calls viewModel.search() again. CancellationError (from cancelled URLSession requests or task cancellation) is ignored and does not surface an error. Suggestion fetch failures never show an error (silent).","Search that fails (server/network error)","Sources/Kaset/Views/SearchView.swift; Sources/Kaset/ViewModels/SearchViewModel.swift","P1","Tested — Pass","Static audit + unit/VM tests; live-app smoke; UI tests in CI","Pass","","","N/A",""
"SRCH-23","Search & suggestions & recent searches","Offline / no-connection state","As a user, I want a no-connection message when I am offline so that I understand why search is not working.","SearchView watches NetworkMonitor.shared. When isConnected is false, the entire content area is replaced by an ErrorView titled ""No Connection"" with message ""Please check your internet connection and try again."" and a retry action that calls viewModel.search(). This takes precedence over all loadingState-based views.","Open or use Search while offline","Sources/Kaset/Views/SearchView.swift","P1","Tested — Pass","Static audit + unit/VM tests; live-app smoke; UI tests in CI","Pass","","","N/A",""
"SRCH-24","Search & suggestions & recent searches","Search result caching","As a user, I want repeated searches to return quickly so that browsing back and forth feels fast.","All search() endpoint calls (search and the filtered variants) pass ttl: APICache.TTL.search (2 minutes), so identical search requests within that window are served from cache. Suggestions (getSearchSuggestions via music/get_search_suggestions) are explicitly NOT cached because they are ephemeral.","Re-running the same search within 2 minutes","Sources/Kaset/Services/API/YTMusicClient.swift; Sources/Kaset/Services/API/APICache.swift","P2","Tested — Pass","Static audit + unit/VM tests; live-app smoke; UI tests in CI","Pass","","","N/A",""
"SRCH-25","Search & suggestions & recent searches","Back navigation, swipe gestures & pop-to-root","As a user, I want to navigate into details from search and swipe/return to root so that moving around feels native.","SearchView wraps content in a NavigationStack bound to navigationPath and applies navigationSwipeGestures(path:) for swipe-based back navigation through pushed detail pages. When globalNavigation.popSearchToRootSignal changes (from popSearchToRoot(), invoked by Cmd+F / Find / command bar search), onChange resets navigationPath to an empty NavigationPath so the user lands back on the search root before a new query runs.","Swipe gesture / system back; Cmd+F or command bar while on a detail page","Sources/Kaset/Views/SearchView.swift; Sources/Kaset/Views/SharedViews/NavigationSwipeGestures.swift; Sources/Kaset/Services/GlobalNavigationCoordinator.swift","P2","Tested — Pass","Static audit + unit/VM tests; live-app smoke; UI tests in CI","Pass","","","N/A",""
"SRCH-26","Search & suggestions & recent searches","Stale-response / race-condition guarding","As a user, I want results to always match my latest query so that fast typing does not show stale or wrong results.","performSearch captures currentQuery and currentFilter, and before applying results re-checks !Task.isCancelled and self.query == currentQuery, discarding the response (logged at debug) if the query changed mid-request. performFetchSuggestions similarly applies suggestions only if query is unchanged. The query didSet, search(), searchImmediately(), searchWithFilter(), clear(), and selectSuggestion() all cancel prior searchTask/suggestionsTask and clear the continuation to prevent overlap; tasks are also cancelled in deinit.","Rapid typing / fast filter switching during in-flight requests","Sources/Kaset/ViewModels/SearchViewModel.swift","P1","Tested — Pass","Static audit + unit/VM tests; live-app smoke; UI tests in CI","Pass","","","N/A",""
"WEB-01","WebKit web player & DRM playback bridge","Singleton DRM playback WebView","As a listener, I want a single hidden YouTube Music WebView to power all audio playback so that DRM-protected songs play natively without multiple players competing.","SingletonPlayerWebView.shared lazily creates exactly one WKWebView via getWebView(webKitManager:playerService:) on first use. The configuration comes from WebKitManager.createWebViewConfiguration() (shared persistent default data store, element fullscreen enabled, mediaTypesRequiringUserActionForPlayback empty so audio autoplays, AirPlay enabled). A 'singletonPlayer' script message handler plus four injected user scripts are attached: media-control bootstrap (document start), audio-only suppression (document start), mediaSession override (document end), and the playback observer (document end). The webView uses the spoofed Safari 26.4 user agent (WebKitManager.userAgent) and is set isInspectable only in DEBUG. Subsequent calls return the existing instance. No static volume init script is injected (volume is set per-load instead).","Triggered the first time PersistentPlayerView (hosted in MainWindow when playerService.pendingPlayVideoId is non-nil) requests the WebView; not directly user-visible.","/Users/melboonchan/Master/Projects/YTM/kaset/Sources/Kaset/Views/SingletonPlayerWebView.swift; /Users/melboonchan/Master/Projects/YTM/kaset/Sources/Kaset/Services/WebKit/WebKitManager.swift; /Users/melboonchan/Master/Projects/YTM/kaset/Sources/Kaset/Views/MiniPlayerViews.swift; /Users/melboonchan/Master/Projects/YTM/kaset/Sources/Kaset/Views/MainWindow.swift","P0","Tested — Pass","Static audit + unit/VM tests; live-app smoke; UI tests in CI","Pass","","","N/A","Single source of audio truth; ensureInHierarchy() exists but normal hosting is via PersistentPlayerView's makeNSView/updateNSView re-parenting."
"WEB-02","WebKit web player & DRM playback bridge","Hidden vs first-run mini player tile","As a listener, I want playback to normally stay invisible but get a one-time visible tile on my very first play so that autoplay restrictions are satisfied without cluttering the UI afterward.","PersistentPlayerView is rendered in MainWindow's overlay only when playerService.pendingPlayVideoId is set. When showMiniPlayer is true the tile is 120x68, clipped to a 6pt rounded rectangle at 0.95 opacity with an xmark.circle.fill dismiss button; tapping the button calls confirmPlaybackStarted() (records hasUserInteractedThisSession and sets state .playing). When showMiniPlayer is false the WebView is forced to 1x1 with opacity 0 (effectively hidden). After the first confirmed interaction, future plays load the video directly without showing the tile. The WebView is re-parented into the current container in makeNSView/updateNSView via removeFromSuperview + addSubview with autoresizing.","MainWindow overlay tile / its xmark dismiss button.","/Users/melboonchan/Master/Projects/YTM/kaset/Sources/Kaset/Views/MainWindow.swift; /Users/melboonchan/Master/Projects/YTM/kaset/Sources/Kaset/Views/MiniPlayerViews.swift; /Users/melboonchan/Master/Projects/YTM/kaset/Sources/Kaset/Services/Player/PlayerService.swift","P1","Tested — Pass","Static audit + unit/VM tests; live-app smoke; UI tests in CI","Pass","","","N/A","DisplayMode enum (hidden/miniPlayer/video) is declared on SingletonPlayerWebView but actual sizing/visibility is driven by MainWindow + showMiniPlayer."
"WEB-03","WebKit web player & DRM playback bridge","Load a track into the player","As a listener, I want selecting a song to navigate the hidden player to that track so that the right audio starts playing.","loadVideo(videoId:strategy:) guards on a non-nil webView (logs error and returns otherwise). With .standard strategy it skips navigation when videoId == currentVideoId. It updates currentVideoId immediately to prevent duplicate loads, reads the current volume from PlayerService, pauses the existing video element via JS, then sets window.__kasetTargetVolume to the current volume and loads https://music.youtube.com/watch?v=<videoId>. If the watch URL cannot be built it logs an error and returns. PlayerService.play(song:) only calls loadVideo when hasUserInteractedThisSession is true; otherwise it keeps the hidden WebView idle until the first confirmed interaction.","Any 'play' action across the app (song rows, play buttons) routes through PlayerService.play then SingletonPlayerWebView.loadVideo.","/Users/melboonchan/Master/Projects/YTM/kaset/Sources/Kaset/Views/SingletonPlayerWebView.swift; /Users/melboonchan/Master/Projects/YTM/kaset/Sources/Kaset/Services/Player/PlayerService.swift","P0","Tested — Pass","Static audit + unit/VM tests; live-app smoke; UI tests in CI","Pass","","","N/A",""
"WEB-04","WebKit web player & DRM playback bridge","Same-track reload strategies (repeat-one / resync)","As a listener, I want repeat-one and queue-correction reloads to behave intelligently so that re-playing the same song is fast and a desynced player gets fully reloaded.","loadVideo accepts VideoLoadStrategy: .standard skips when videoId matches currentVideoId; .preferInPlaceWhenSameVideoId calls restartInPlaceFromBeginning() (seek(0)+play, no page reload) when the id matches; .forceFullPageWhenSameVideoId performs a full webView.load even when the id matches (DOM/WebView resync). Different ids always trigger a full watch-URL load. restartInPlaceFromBeginning seeks the video element to 0 then plays. These strategies are chosen by PlayerService for repeat-one replay and queue-drift correction.","Internal: invoked by PlayerService repeat-one and WebQueueSync reconciliation paths.","/Users/melboonchan/Master/Projects/YTM/kaset/Sources/Kaset/Views/SingletonPlayerWebView.swift; /Users/melboonchan/Master/Projects/YTM/kaset/Sources/Kaset/Views/SingletonPlayerWebView+PlaybackControls.swift; /Users/melboonchan/Master/Projects/YTM/kaset/Sources/Kaset/Services/Player/PlayerService+WebQueueSync.swift","P1","Tested — Pass","Static audit + unit/VM tests; live-app smoke; UI tests in CI","Pass","","","N/A",""
"WEB-05","WebKit web player & DRM playback bridge","Play / pause / resume bridge","As a listener, I want play and pause controls to drive the hidden player so that I can control playback from the native UI.","playPause() injects JS that clicks the YouTube '.play-pause-button.ytmusic-player-bar' if present, else falls back to toggling the <video> element's play()/pause(), returning 'clicked'/'played'/'paused'/'no-element'; JS errors are logged. play() calls video.play() only when paused (returns 'already-playing' otherwise). pause() calls video.pause() only when playing. PlayerService routes commands here when pendingPlayVideoId is set; the legacy evaluatePlayerCommand maps 'pause'/'play'/'pauseVideo()'/'playVideo()' to the same methods.","Play/pause buttons in PlayerBar, CompactPlayerView, FocusPlayerView, MenuBar, plus media-key togglePlayPause via NowPlayingManager.","/Users/melboonchan/Master/Projects/YTM/kaset/Sources/Kaset/Views/SingletonPlayerWebView+PlaybackControls.swift; /Users/melboonchan/Master/Projects/YTM/kaset/Sources/Kaset/Services/Player/PlayerService.swift","P0","Tested — Pass","Static audit + unit/VM tests; live-app smoke; UI tests in CI","Pass","","","N/A",""
"WEB-06","WebKit web player & DRM playback bridge","Next / previous bridge","As a listener, I want next/previous to work even when there is no native queue so that I can skip tracks within YouTube's own queue.","next() clicks '.next-button.ytmusic-player-bar' (returns 'clicked' or 'no-button'); previous() clicks '.previous-button.ytmusic-player-bar'; both log JS errors. These are only used as a fallback by PlayerService when the native queue is empty (and for previous, only when progress <= 3s). With a populated native queue, skipping is handled in Swift instead. The mediaSession override can also post REMOTE_NEXT/REMOTE_PREVIOUS which call PlayerService.next()/previous().","Next/previous buttons (no-queue fallback) and remote media keys in next/prev mode.","/Users/melboonchan/Master/Projects/YTM/kaset/Sources/Kaset/Views/SingletonPlayerWebView+PlaybackControls.swift; /Users/melboonchan/Master/Projects/YTM/kaset/Sources/Kaset/Services/Player/PlayerService.swift","P1","Tested — Pass","Static audit + unit/VM tests; live-app smoke; UI tests in CI","Pass","","","N/A",""
"WEB-07","WebKit web player & DRM playback bridge","Seek bridge","As a listener, I want dragging the progress slider to jump the song to that position so that I can scrub through a track.","seek(to:) injects JS setting document.querySelector('video').currentTime to the requested seconds (returns 'seeked' or 'no-video'). PlayerService.seek clamps to [0, duration], routes to the WebView when pendingPlayVideoId is set, and optimistically updates self.progress so the UI reflects the new position immediately. During a deferred restored session, seek stores the value as pendingRestoredSeek instead of issuing it.","Progress sliders in NowPlayingProgressView (Compact/Focus players), PlayerBar, plus media-key changePlaybackPosition.","/Users/melboonchan/Master/Projects/YTM/kaset/Sources/Kaset/Views/SingletonPlayerWebView+PlaybackControls.swift; /Users/melboonchan/Master/Projects/YTM/kaset/Sources/Kaset/Views/PlayerPresentationViews.swift; /Users/melboonchan/Master/Projects/YTM/kaset/Sources/Kaset/Services/Player/PlayerService.swift","P0","Tested — Pass","Static audit + unit/VM tests; live-app smoke; UI tests in CI","Pass","","","N/A",""
"WEB-08","WebKit web player & DRM playback bridge","Volume control bridge","As a listener, I want the volume slider and mute to set the player's volume reliably so that loudness matches my preference.","setVolume(_:) clamps to [0,1], sets window.__kasetTargetVolume, sets window.__kasetIsSettingVolume=true to suppress the volumechange enforcer (reset after 50ms), assigns the <video>.volume, and also calls ytmusic-player.playerApi.setVolume and movie_player.setVolume with the value scaled to 0-100 (results joined for logging). PlayerService.setVolume persists the clamped value to UserDefaults 'playerVolume', maps the slider value through VolumeCurve, and routes to the WebView when a pending video exists. toggleMute saves volumeBeforeMute (persisted), sets volume to 0, and restores it on unmute.","Volume slider and mute button in NowPlayingVolumeControl and PlayerBar.","/Users/melboonchan/Master/Projects/YTM/kaset/Sources/Kaset/Views/SingletonPlayerWebView+PlaybackControls.swift; /Users/melboonchan/Master/Projects/YTM/kaset/Sources/Kaset/Views/PlayerPresentationViews.swift; /Users/melboonchan/Master/Projects/YTM/kaset/Sources/Kaset/Services/Player/PlayerService.swift","P0","Tested — Pass","Static audit + unit/VM tests; live-app smoke; UI tests in CI","Pass","","","N/A",""
"WEB-09","WebKit web player & DRM playback bridge","Volume enforcement against YouTube resets","As a listener, I want my chosen volume to stick even though YouTube keeps resetting it so that tracks don't suddenly blast or go silent.","The observer script's enforceVolumeNow() reverts the <video>.volume back to window.__kasetTargetVolume (within 0.01 tolerance) and re-applies it via the YouTube playerApi/movie_player, guarded by an isEnforcingVolume flag to prevent feedback loops. Enforcement runs on 'playing', 'loadedmetadata', 'loadeddata', 'canplay', and external 'volumechange' (skipped while __kasetIsSettingVolume or isEnforcingVolume). On first video detection it runs a startup burst: every 200ms for 3 seconds (15 iterations) to catch delayed resets. After each page load, didFinish re-applies the saved PlayerService.volume to the video element and YouTube APIs (logging 'applied'/'no-video-yet'/error).","Automatic, runs inside the player WebView on media lifecycle events.","/Users/melboonchan/Master/Projects/YTM/kaset/Sources/Kaset/Views/SingletonPlayerWebView+ObserverScript.swift; /Users/melboonchan/Master/Projects/YTM/kaset/Sources/Kaset/Views/SingletonPlayerWebView.swift","P1","Tested — Pass","Static audit + unit/VM tests; live-app smoke; UI tests in CI","Pass","","","N/A",""
"WEB-10","WebKit web player & DRM playback bridge","Audio-only playback enforcement","As a listener, I want the player to always stay in Song (audio) mode so that I never get charged data/CPU for video I don't see.","An injected audio-only script installs once (window.__boomboxAudioOnlyInstalled guard). It injects CSS hiding ytmusic-av-toggle and any 'Video' labelled controls/Song-vs-Video dialogs (display/visibility/pointer-events none). It locates Song/Video toggle containers, clicks the Song control if not already selected, and hides every Video control (sets aria-hidden, tabindex -1, inline display:none). applyAudioOnlyPlayback runs immediately, on DOMContentLoaded, yt-navigate-finish, yt-page-data-updated, via a debounced (50ms) scheduleApply, and a MutationObserver on the document. Label matching is locale-tolerant via word-boundary regex and a 30-char cap. Exposed as window.__boomboxApplyAudioOnlyPlayback.","Automatic at document start in the player WebView.","/Users/melboonchan/Master/Projects/YTM/kaset/Sources/Kaset/Views/SingletonPlayerWebView+AudioOnlyScript.swift","P1","Tested — Pass","Static audit + unit/VM tests; live-app smoke; UI tests in CI","Pass","","","N/A",""
"WEB-11","WebKit web player & DRM playback bridge","Playback state & metadata observer bridge","As a listener, I want the native UI (title, artist, artwork, progress, play state, like state) to stay in sync with what's actually playing in the hidden player.","The observer script waits for ytmusic-player-bar, then posts STATE_UPDATE messages. isPlaying is read from the <video>.paused property (locale-agnostic). Progress/duration come from #progress-bar value/aria-valuemax. Title/artist come from the player-bar DOM, preferring the player API getVideoData() when DOM lags. thumbnailUrl from the player-bar image. likeStatus from ytmusic-like-button-renderer's like-status attribute (LIKE/DISLIKE/else INDIFFERENT). trackChanged is computed from title/artist/videoId deltas. Updates are throttled to ~2/sec, polled at 1Hz during playback, and triggered by a debounced (100ms) MutationObserver on the player bar (title/aria-label/like-status/value/aria-valuemax) and on waiting/seeked events. The coordinator parses STATE_UPDATE into updatePlaybackState, updates like status only when trackChanged (or repeat-one), and reconciles metadata via updateTrackMetadata.","Automatic; drives PlayerBar, now-playing surfaces, menu bar, and Now Playing remote info.","/Users/melboonchan/Master/Projects/YTM/kaset/Sources/Kaset/Views/SingletonPlayerWebView+ObserverScript.swift; /Users/melboonchan/Master/Projects/YTM/kaset/Sources/Kaset/Views/SingletonPlayerWebView.swift; /Users/melboonchan/Master/Projects/YTM/kaset/Sources/Kaset/Services/Player/PlayerService+WebQueueSync.swift; /Users/melboonchan/Master/Projects/YTM/kaset/Sources/Kaset/Services/Player/PlayerService+PlaybackRestoration.swift","P0","Fixed & retested","Static audit + unit/VM tests; live-app smoke; UI tests in CI","Pass (post-fix; 926 unit tests green; UI tests in CI)","F004(low): Live observer updates overwrite a known duration with 0 during track transitions (inconsistent with the restore path)","low","Fixed (merged)",""
"WEB-12","WebKit web player & DRM playback bridge","Track-end detection & queue enforcement","As a listener, I want my native queue and repeat settings to be honored when a track ends so that the next song is the one I expect, not YouTube's autoplay pick.","On the <video> 'ended' event the script posts TRACK_ENDED with the observed videoId and stops polling. handleTrackEnded ignores stale/duplicate ended events whose observed id differs from the expected current track (except repeat-all wraparound and repeat-one replay). With an empty queue it replays for repeat-one or marks ended. With a queue it advances via next() unless at the end with repeat off and no continuation, in which case it sets shouldSuppressAutoplayAfterQueueEnd, marks ended, and pauses to block YouTube autoplay. The WebQueueSync handlers (Kaset-initiated, near-end change, queue drift, repeat-one safety net) re-assert the intended queue track using force-full-page or in-place strategies when YouTube diverges.","Automatic on natural track completion.","/Users/melboonchan/Master/Projects/YTM/kaset/Sources/Kaset/Views/SingletonPlayerWebView+ObserverScript.swift; /Users/melboonchan/Master/Projects/YTM/kaset/Sources/Kaset/Views/SingletonPlayerWebView.swift; /Users/melboonchan/Master/Projects/YTM/kaset/Sources/Kaset/Services/Player/PlayerService+WebQueueSync.swift","P0","Tested — Pass","Static audit + unit/VM tests; live-app smoke; UI tests in CI","Pass","","","N/A",""
"WEB-13","WebKit web player & DRM playback bridge","Media-key behavior style (seek vs next/prev)","As a listener, I want to choose whether hardware/lock-screen seek-forward/back keys act as scrub or as next/previous track so that media keys match my preference.","The mediaControlOverride script reads window.__kasetUseNextPrev (from localStorage 'kasetUseNextPrev'). When true it registers mediaSession nexttrack/previoustrack handlers that post REMOTE_NEXT/REMOTE_PREVIOUS (and nulls seekforward/seekbackward), continuously re-applying via a requestAnimationFrame loop and re-attaching on video events (playing/loadedmetadata/etc.) plus a MutationObserver, because YouTube re-registers handlers. When false, seekforward/seekbackward handlers scrub the video by the requested offset (default 15s, clamped to [0, duration]). setMediaControlStyle(useNextPrev:) syncs the running page and bootstrap state. NowPlayingManager observes SettingsManager.mediaControlStyle and pushes changes to the WebView; the bootstrap script seeds localStorage at document start.","Settings 'Media controls' preference; applied via NowPlayingManager to the WebView and to MPRemoteCommandCenter.","/Users/melboonchan/Master/Projects/YTM/kaset/Sources/Kaset/Views/SingletonPlayerWebView.swift; /Users/melboonchan/Master/Projects/YTM/kaset/Sources/Kaset/Services/Player/NowPlayingManager.swift; /Users/melboonchan/Master/Projects/YTM/kaset/Sources/Kaset/Services/SettingsManager.swift","P1","Tested — Pass","Static audit + unit/VM tests; live-app smoke; UI tests in CI","Pass","","","N/A",""
"WEB-14","WebKit web player & DRM playback bridge","AirPlay output picker","As a listener, I want to send audio to AirPlay devices (Apple TV, HomePod) so that I can play music on external speakers.","AirPlay is enabled in the WebView configuration (allowsAirPlayForMediaPlayback = true). showAirPlayPicker() injects JS that calls video.webkitShowPlaybackTargetPicker() after setting window.__kasetAirPlayRequested = true; it returns 'no-video'/'unsupported'/'picker-shown', with warnings logged for missing video or unsupported API and a warning when webView is nil. PlayerService.showAirPlayPicker sets airPlayWasRequested=true before invoking. The Compact player exposes an 'Output' (airplayaudio) button that calls it (disabled when no current track) with haptic feedback.","'Output' airplayaudio button in CompactPlayerActionRow.","/Users/melboonchan/Master/Projects/YTM/kaset/Sources/Kaset/Views/SingletonPlayerWebView+PlaybackControls.swift; /Users/melboonchan/Master/Projects/YTM/kaset/Sources/Kaset/Views/PlayerPresentationViews.swift; /Users/melboonchan/Master/Projects/YTM/kaset/Sources/Kaset/Services/Player/PlayerService.swift; /Users/melboonchan/Master/Projects/YTM/kaset/Sources/Kaset/Services/WebKit/WebKitManager.swift","P1","Tested — Pass","Static audit + unit/VM tests; live-app smoke; UI tests in CI","Pass","","","N/A","loadVideo comment notes AirPlay connections are lost on full navigation but the auto-reconnect picker reappears."
"WEB-15","WebKit web player & DRM playback bridge","AirPlay connection status reporting","As a listener, I want the app to know and reflect when audio is actually routed to a wireless device so that the Output control shows the correct active state.","The observer script listens for 'webkitcurrentplaybacktargetiswirelesschanged' and posts AIRPLAY_STATUS with isConnected/wasConnected/wasRequested. It also reports the initial wireless state when listeners attach, and reports a disconnect when a previously requested+connected target is no longer wireless. The coordinator routes AIRPLAY_STATUS to updateAirPlayStatus(isConnected:wasRequested:), updating isAirPlayConnected (which tints the Output button red) and latching airPlayWasRequested.","Automatic; reflected in the CompactPlayer Output button active state.","/Users/melboonchan/Master/Projects/YTM/kaset/Sources/Kaset/Views/SingletonPlayerWebView+ObserverScript.swift; /Users/melboonchan/Master/Projects/YTM/kaset/Sources/Kaset/Views/SingletonPlayerWebView.swift; /Users/melboonchan/Master/Projects/YTM/kaset/Sources/Kaset/Services/Player/PlayerService.swift","P2","Tested — Pass","Static audit + unit/VM tests; live-app smoke; UI tests in CI","Pass","","","N/A",""
"WEB-16","WebKit web player & DRM playback bridge","High-frequency synced-lyrics time polling","As a listener viewing synced lyrics, I want the highlighted line to track the song precisely so that lyrics stay in time with the audio.","When synced lyrics are displayed, LyricsView calls SingletonPlayerWebView.startLyricsPoll(), which sets isLyricsPollActive=true and runs window.startLyricsPoll() in the WebView: a 100ms (~10Hz) interval posting LYRICS_TIME with video.currentTime. The coordinator converts this to playerService.currentTimeMs (ms). stopLyricsPoll() clears the interval and the flag and is called when lyrics disappear or are non-synced. After any full-page navigation, didFinish restarts the poll if isLyricsPollActive is still true.","Showing the synced Lyrics panel (LyricsView appear / synced result).","/Users/melboonchan/Master/Projects/YTM/kaset/Sources/Kaset/Views/SingletonPlayerWebView.swift; /Users/melboonchan/Master/Projects/YTM/kaset/Sources/Kaset/Views/SingletonPlayerWebView+ObserverScript.swift; /Users/melboonchan/Master/Projects/YTM/kaset/Sources/Kaset/Views/LyricsView.swift","P1","Tested — Pass","Static audit + unit/VM tests; live-app smoke; UI tests in CI","Pass","","","N/A",""
"WEB-17","WebKit web player & DRM playback bridge","WebView content-process crash recovery","As a listener, I want playback to recover automatically if the player WebView crashes so that I don't have to restart the app.","webViewWebContentProcessDidTerminate logs an error, captures the currentVideoId, calls webView.reload(), and if a video was playing waits 1 second, resets currentVideoId to nil (to force a fresh load) and calls loadVideo(videoId:) to resume the same track.","Automatic on WebKit content process termination.","/Users/melboonchan/Master/Projects/YTM/kaset/Sources/Kaset/Views/SingletonPlayerWebView.swift","P1","Fixed & retested","Static audit + unit/VM tests; live-app smoke; UI tests in CI","Pass (post-fix; 926 unit tests green; UI tests in CI)","F005(medium): WebView content-process crash recovery leaves PlayerService state stale and double-navigates","medium","Fixed (merged)",""
"WEB-18","WebKit web player & DRM playback bridge","Deferred restored-session load","As a returning listener, I want my last session restored in a paused, ready-to-resume state so that hitting play continues exactly where I left off without unexpected auto-playback.","applyRestoredPlaybackSession sets queue/currentIndex/currentTrack/pendingPlayVideoId, marks state .paused, stores the saved seek as pendingRestoredSeek, and sets isPendingRestoredLoadDeferred=true so PersistentPlayerView does NOT auto-load (shouldAutoloadPendingVideo is false). On the first play/resume, beginRestoredPlaybackLoad loads the deferred video, and the observer reconciliation seeks to the saved position (within 1.5s tolerance) before resuming or staying paused per shouldAutoResumeAfterRestoredLoad. Seek calls during the deferred window only update pendingRestoredSeek/progress without touching the WebView.","App launch session restoration; user's first play/resume after launch.","/Users/melboonchan/Master/Projects/YTM/kaset/Sources/Kaset/Services/Player/PlayerService+PlaybackRestoration.swift; /Users/melboonchan/Master/Projects/YTM/kaset/Sources/Kaset/Views/MiniPlayerViews.swift; /Users/melboonchan/Master/Projects/YTM/kaset/Sources/Kaset/Services/Player/PlayerService.swift","P1","Tested — Pass","Static audit + unit/VM tests; live-app smoke; UI tests in CI","Pass","","","N/A",""
"WEB-19","WebKit web player & DRM playback bridge","Embedded YouTube Music sign-in","As a new user, I want to sign in to YouTube Music inside the app so that my account and library become available.","LoginSheet (520x700) presents LoginWebView, a WKWebView built from createLoginWebViewConfiguration() (shared data store but a fresh empty userContentController so no native script bridges) using the Safari user agent, loading https://music.youtube.com directly so Google controls any sign-in redirect. When navigation finishes on a music.youtube.com host, onNavigationToYouTubeMusic fires checkForSuccessfulLogin. The sheet also polls every 2 seconds and observes WebKitManager.cookiesDidChange. On detecting a SAPISID it forces a cookie backup, waits ~200ms, calls AuthService.completeLogin(sapisid:), cancels polling, and dismisses. A ProgressView shows while checking.","Login sheet 'Sign in to YouTube Music' (embedded mode) presented when authentication is required.","/Users/melboonchan/Master/Projects/YTM/kaset/Sources/Kaset/Views/LoginWebView.swift; /Users/melboonchan/Master/Projects/YTM/kaset/Sources/Kaset/Views/LoginSheet.swift; /Users/melboonchan/Master/Projects/YTM/kaset/Sources/Kaset/Services/WebKit/WebKitManager.swift; /Users/melboonchan/Master/Projects/YTM/kaset/Sources/Kaset/Services/Auth/AuthService.swift","P0","Tested — Pass","Static audit + unit/VM tests; live-app smoke; UI tests in CI","Pass","","","N/A",""
"WEB-20","WebKit web player & DRM playback bridge","Safari passkey fallback cookie import","As a user whose Google account uses passkeys, I want to sign in via Safari and paste my auth cookies so that I can authenticate even though embedded WebViews can't complete passkey flows.","SafariSignInFallbackView (reachable via 'Use Safari sign-in') has an 'Open YouTube Music in Safari' button (opens music.youtube.com in Safari, falling back to default browser) and a monospaced TextEditor for pasting cookie rows / a Cookie header. 'Import Cookies' is disabled when the field is empty or while importing (shows a ProgressView). importAuthCookies parses pasted text (Cookie: header pairs, Netscape tab-separated lines, or name=value pairs), validates each against an allowlist (SAPISID/__Secure-3PAPISID/etc.) and allowed domains (youtube.com/google.com and subdomains), deduplicates by domain|path|name, requires at least one primary auth cookie (SAPISID or __Secure-3PAPISID) else throws missingPrimaryAuthCookie. Valid cookies are set in WebKit and saved to Keychain; cookiesDidChange is stamped. On success it shows 'Imported N auth cookies locally. Checking login...', clears the paste box, and triggers a login check; errors show a red label. The paste box is also cleared on disappear.","'Use Safari sign-in' button in the embedded login view; then 'Import Cookies' / 'Open YouTube Music in Safari'.","/Users/melboonchan/Master/Projects/YTM/kaset/Sources/Kaset/Views/SafariSignInFallbackView.swift; /Users/melboonchan/Master/Projects/YTM/kaset/Sources/Kaset/Views/LoginSheet.swift; /Users/melboonchan/Master/Projects/YTM/kaset/Sources/Kaset/Services/WebKit/WebKitManager.swift; /Users/melboonchan/Master/Projects/YTM/kaset/Sources/Kaset/Services/WebKit/WebKitManager+Cookies.swift","P1","Tested — Pass","Static audit + unit/VM tests; live-app smoke; UI tests in CI","Pass","","","N/A","Manual name=value pairs default to .youtube.com domain, path '/', secure, 180-day expiry; expired/invalid cookies are dropped."
"WEB-21","WebKit web player & DRM playback bridge","Auth cookie persistence (Keychain backup/restore)","As a returning user, I want my login to survive app restarts so that I don't have to sign in every time.","On init WebKitManager restores cookies from the Keychain (source of truth) into WebKit: it waits 100ms, loads the archived auth cookies off the main actor, sets each into the httpCookieStore, and verifies an auth cookie (SAPISID/__Secure-3PAPISID) is present. It observes httpCookieStore changes and, debounced by 5 seconds (cancelling rapid successive fires) and skipped while restoring, backs up only allowlisted YouTube/Google auth cookies to the Keychain. Saves are deduplicated via CookieArchiveWriteCoordinator (skips identical/in-flight archives) and use kSecAttrAccessibleAfterFirstUnlockThisDeviceOnly with atomic update-or-add. forceBackupCookies() does an immediate save after login. checkLoginStatus waits for the initial restore before reading cookies.","Automatic at app launch and on any cookie change; forced after successful login.","/Users/melboonchan/Master/Projects/YTM/kaset/Sources/Kaset/Services/WebKit/WebKitManager.swift; /Users/melboonchan/Master/Projects/YTM/kaset/Sources/Kaset/Services/WebKit/WebKitManager+Cookies.swift; /Users/melboonchan/Master/Projects/YTM/kaset/Sources/Kaset/Services/Auth/AuthService.swift","P0","Tested — Pass","Static audit + unit/VM tests; live-app smoke; UI tests in CI","Pass","","","N/A","Initial restore is skipped under unit tests; decode uses an explicit NSSecureCoding class allowlist."
"WEB-22","WebKit web player & DRM playback bridge","Authenticated API request signing","As a signed-in user, I want my API requests to be authenticated using the WebView's session so that personalized data (library, likes, playlists) loads correctly.","buildAuthHeaders pulls the Cookie header for youtube.com from WebKitManager (throws notAuthenticated if no cookies) and the SAPISID value (throws authExpired if missing/expired). It computes SAPISIDHASH as '<timestamp>_<SHA1(timestamp + space + sapisid + space + origin)>' and returns Cookie, Authorization: 'SAPISIDHASH ...', Origin/Referer/X-Origin = https://music.youtube.com, Content-Type application/json, and X-Goog-AuthUser: 0. getSAPISID checks the secure cookie then the non-secure SAPISID fallback, returning nil (and logging) if the cookie has expired. Domain matching for cookies handles leading-dot and subdomain cases.","Internal: every authenticated YTMusicClient API call.","/Users/melboonchan/Master/Projects/YTM/kaset/Sources/Kaset/Services/API/YTMusicClient.swift; /Users/melboonchan/Master/Projects/YTM/kaset/Sources/Kaset/Services/WebKit/WebKitManager.swift","P0","Tested — Pass","Static audit + unit/VM tests; live-app smoke; UI tests in CI","Pass","","","N/A",""
"WEB-23","WebKit web player & DRM playback bridge","Session-expiry detection & re-auth prompt","As a signed-in user, I want to be prompted to re-authenticate when my session expires so that I can quickly restore access without confusion.","getSAPISID returns nil when the auth cookie's expiresDate is in the past (logging 'Auth cookie has expired!'), causing buildAuthHeaders to throw YTMusicError.authExpired (HTTP 401/403 mapping per project policy). AuthService.sessionExpired sets state .loggedOut and needsReauth=true so the login flow can be presented again. logAuthCookies (DEBUG) prints a diagnostic of all known auth cookies and their expiry to aid troubleshooting login persistence.","Internal: triggered by API auth failures; surfaces as re-auth prompt.","/Users/melboonchan/Master/Projects/YTM/kaset/Sources/Kaset/Services/WebKit/WebKitManager.swift; /Users/melboonchan/Master/Projects/YTM/kaset/Sources/Kaset/Services/Auth/AuthService.swift","P1","Tested — Pass","Static audit + unit/VM tests; live-app smoke; UI tests in CI","Pass","","","N/A",""
"WEB-24","WebKit web player & DRM playback bridge","Sign-out / clear all WebKit data","As a user, I want signing out to fully clear my session so that no residual login or cached data remains on the device.","AuthService.signOut() calls WebKitManager.clearAllData(), which removes all WKWebsiteDataStore data types since distantPast (cookies, cache, storage) and deletes the cookie item from the Keychain (KeychainCookieStorage.deleteCookies, which also reseeds the write coordinator). AuthService then sets state .loggedOut and needsReauth=false.","Sign-out action (account/settings UI) -> AuthService.signOut.","/Users/melboonchan/Master/Projects/YTM/kaset/Sources/Kaset/Services/WebKit/WebKitManager.swift; /Users/melboonchan/Master/Projects/YTM/kaset/Sources/Kaset/Services/WebKit/WebKitManager+Cookies.swift; /Users/melboonchan/Master/Projects/YTM/kaset/Sources/Kaset/Services/Auth/AuthService.swift","P1","Tested — Pass","Static audit + unit/VM tests; live-app smoke; UI tests in CI","Pass","","","N/A",""
"WEB-25","WebKit web player & DRM playback bridge","Like-status reflection from the player","As a listener, I want the like state in the native UI to reflect the actual like state of the playing track so that the thumbs-up icon is accurate.","The observer reads the like-status attribute from ytmusic-like-button-renderer and includes it in STATE_UPDATE (LIKE/DISLIKE/INDIFFERENT). The coordinator parses it to LikeStatus and calls updateLikeStatus only when trackChanged is true (treating it as the track's initial state); like changes the user makes are otherwise driven through the API. updateTrackMetadata additionally restores like status from the SongLikeStatusManager cache when the track changes, keeping the native like icons (PlayerBar, Compact/Focus action buttons, menu bar) consistent.","Automatic; reflected in Like buttons across player surfaces.","/Users/melboonchan/Master/Projects/YTM/kaset/Sources/Kaset/Views/SingletonPlayerWebView+ObserverScript.swift; /Users/melboonchan/Master/Projects/YTM/kaset/Sources/Kaset/Views/SingletonPlayerWebView.swift; /Users/melboonchan/Master/Projects/YTM/kaset/Sources/Kaset/Services/Player/PlayerService+WebQueueSync.swift","P2","Tested — Pass","Static audit + unit/VM tests; live-app smoke; UI tests in CI","Pass","","","N/A",""
"XCUT-01","Cross-cutting: localization, theming/accent, accessibility, image caching, share menus","App interface language override","As a user, I want to choose the app interface language so that the UI text displays in my preferred language regardless of my system locale.","GeneralSettingsView shows a 'Content Language' Picker bound to settings.contentLanguage with cases: System Default, English, 한국어 (ko), العربية (ar), Türkçe (tr), Bahasa Indonesia (id), Français (fr). Selecting a value persists the rawValue to UserDefaults (key 'settings.contentLanguage') in the property's didSet and immediately calls AppLocalization.setLanguage(contentLanguage.languageCode). For .system, languageCode is nil so AppLocalization.overrideBundle is cleared (reverts to baseBundle / Bundle.main). For an explicit code, setLanguage loads the matching '<code>.lproj' bundle via Bundle(path:); if no physical .lproj exists it falls back to locating Localizable.strings via path(forResource:ofType:inDirectory:forLocalization:) and builds a Bundle from that directory. At app launch, KasetApp.init() calls Bundle.enableAppLocalizationOverride() which swizzles Bundle.localizedString(forKey:value:table:) so all SwiftUI Text/Button/Label using the app bundle redirect to AppLocalization.overrideBundle when an override is active (lookupBundle only redirects bundles whose URL matches baseBundle or Bundle.main). SettingsManager.init restores the persisted ContentLanguage and re-applies setLanguage so the choice survives restarts.","Settings window > General > 'Content Language' picker","/Users/melboonchan/Master/Projects/YTM/kaset/Sources/Kaset/Utilities/AppLocalization.swift; /Users/melboonchan/Master/Projects/YTM/kaset/Sources/Kaset/Services/SettingsManager.swift; /Users/melboonchan/Master/Projects/YTM/kaset/Sources/Kaset/Views/GeneralSettingsView.swift; /Users/melboonchan/Master/Projects/YTM/kaset/Sources/Kaset/KasetApp.swift","P1","Tested — Pass","Static audit + unit/VM tests; live-app smoke; UI tests in CI","Pass","","","N/A","Picker help text says 'Choose the language for the app interface'. apiLanguageCode also feeds the YouTube Music API 'hl' parameter (content-language domain overlap)."
"XCUT-02","Cross-cutting: localization, theming/accent, accessibility, image caching, share menus","Live language switching without restart","As a user, I want the app to re-render in the newly selected language immediately so that I don't have to restart the app.","In KasetApp.body the MainWindow gets .id(settings.contentLanguage) and .environment(\.locale, settings.contentLanguage.locale). Changing contentLanguage changes the .id, forcing SwiftUI to rebuild the view tree so swizzled localized strings re-resolve from the new override bundle. Views using .localizedNavigationTitle(key) re-evaluate their navigation title whenever \.locale changes (the modifier reads \.locale to create a dependency, then resolves AppLocalization.localizedString(forKey:value:table:) directly from the resolved bundle, because AppLocalization.bundle may be a resolved .lproj sub-bundle). The locale environment is also applied to a second scene at line 175. ContentLanguage.locale returns Locale(identifier: code) for explicit languages or Locale.current for .system.","Automatic on changing the Content Language picker","/Users/melboonchan/Master/Projects/YTM/kaset/Sources/Kaset/KasetApp.swift; /Users/melboonchan/Master/Projects/YTM/kaset/Sources/Kaset/Utilities/AppLocalization.swift; /Users/melboonchan/Master/Projects/YTM/kaset/Sources/Kaset/Services/SettingsManager.swift","P1","Tested — Pass","Static audit + unit/VM tests; live-app smoke; UI tests in CI","Pass","","","N/A","localizedNavigationTitle is used by ExploreView, SearchView, TopSongsView, HomeView, LibraryView, AllAlbumsView, NewReleasesView, GeneralSettingsView, LikedMusicView, HistoryView, PodcastDetailViews."
"XCUT-03","Cross-cutting: localization, theming/accent, accessibility, image caching, share menus","Development-region localized string resolution","As a user choosing the development/base language, I want strings to resolve correctly even though SwiftPM may not emit a physical .lproj bundle so that the UI is never blank or key-named.","AppLocalization.localizedString(forKey:value:table:) special-cases the development localization: when overrideBundle is nil AND overrideLanguageCode equals baseBundle.developmentLocalization, it returns value ?? key directly (rather than asking the bundle, which may lack a resolvable table). Otherwise it delegates to bundle.localizedString(forKey:value:table:). String(localized:) is overloaded to resolve against AppLocalization.bundle. AppLocalization.bundle returns overrideBundle ?? baseBundle, and baseBundle is PackageResourceLookup.localizationBundle ?? Bundle.main.","Automatic during string resolution app-wide","/Users/melboonchan/Master/Projects/YTM/kaset/Sources/Kaset/Utilities/AppLocalization.swift","P2","Tested — Pass","Static audit + unit/VM tests; live-app smoke; UI tests in CI","Pass","","","N/A","Edge case handling for SwiftPM xcstrings emission."
"XCUT-04","Cross-cutting: localization, theming/accent, accessibility, image caching, share menus","Album-art accent gradient background","As a user, I want detail and full-screen player backgrounds to take on colors extracted from the current artwork so the UI feels immersive like Apple Music / YouTube Music.","AccentBackground(imageURL:) (and the .accentBackground(from:) modifier) renders behind content ignoring safe area. In dark mode it draws a LinearGradient from palette.primary -> palette.secondary -> windowBackgroundColor.opacity(0.95) plus a topLeading RadialGradient (primary.opacity(0.3) -> clear, radius 0..500). In light mode it draws windowBackgroundColor with a subtle top LinearGradient of lightTint (0.4 -> 0.15 -> clear, top..center). On .task(id: imageURL) it loads the palette; if imageURL is nil it resets to ColorPalette.default and sets isLoaded. Otherwise it fetches image data via URLSession.shared, extracts a palette off the main actor, and assigns it. The Group animates with easeInOut 0.5 on isLoaded and 0.3 on colorScheme changes, so the background crossfades when artwork or appearance changes.","Automatic on Artist detail, Playlist detail, Podcast detail, and Focus/Compact full-screen player","/Users/melboonchan/Master/Projects/YTM/kaset/Sources/Kaset/Views/AccentBackground.swift; /Users/melboonchan/Master/Projects/YTM/kaset/Sources/Kaset/Utilities/ColorExtractor.swift; /Users/melboonchan/Master/Projects/YTM/kaset/Sources/Kaset/Views/ArtistDetailView.swift; /Users/melboonchan/Master/Projects/YTM/kaset/Sources/Kaset/Views/PlaylistDetailView.swift; /Users/melboonchan/Master/Projects/YTM/kaset/Sources/Kaset/Views/PodcastDetailViews.swift; /Users/melboonchan/Master/Projects/YTM/kaset/Sources/Kaset/Views/PlayerPresentationViews.swift","P1","Fixed & retested","Static audit + unit/VM tests; live-app smoke; UI tests in CI","Pass (post-fix; 926 unit tests green; UI tests in CI)","F034(low): AccentBackground downloads album art directly (bypassing ImageCache) and re-extracts palette on every URL change with no caching","low","Fixed (merged)","Detail views pass the high-quality thumbnail URL; podcast detail passes the raw thumbnailURL."
"XCUT-05","Cross-cutting: localization, theming/accent, accessibility, image caching, share menus","Dominant color extraction with graceful fallback","As a user, I want the accent color to look sensible even for unusual artwork (very dark/light or solid color images) so backgrounds are never garish or invisible.","ColorExtractor.extractPalette downsamples the image to 8x8 via a CGBitmapContext (medium interpolation), then for each pixel computes saturation and brightness, skipping pixels with brightness <= 0.1 or >= 0.95. Remaining pixels are weighted (saturation*0.7 + 0.3) and averaged. If no qualifying pixels or total weight is 0, it returns ColorPalette.default (primary white 0.15, secondary white 0.08, lightTint controlAccentColor at 0.3 opacity). Primary is the averaged color shifted to HSB with saturation*1.2 (capped 1.0) and brightness darkened by 0.4 (floored at 0.05); secondary uses darken 0.7; lightTint uses saturation*0.4 and brightness*1.3+0.4 (capped 1.0). The Data-based async variant runs extraction on a .userInitiated Task and returns .default when NSImage(data:) fails. If the CGImage cannot be created or context allocation fails, it returns .default.","Automatic during accent background palette loading","/Users/melboonchan/Master/Projects/YTM/kaset/Sources/Kaset/Utilities/ColorExtractor.swift","P2","Tested — Pass","Static audit + unit/VM tests; live-app smoke; UI tests in CI","Pass","","","N/A","ColorPalette is Equatable; default palette is adaptive."
"XCUT-06","Cross-cutting: localization, theming/accent, accessibility, image caching, share menus","Accent background load error / cancellation handling","As a user, I want the accent background to degrade gracefully (default gradient) and not log noise when artwork fails to download or the artwork changes mid-fetch.","In AccentBackground.loadPalette, a CancellationError (e.g. imageURL changed and .task re-ran) returns silently without changing the palette or logging. Any other error logs at debug level via DiagnosticsLogger.ui ('Failed to extract accent colors: ...') and resets palette to .default with isLoaded = true, so the view shows the neutral window-derived gradient.","Automatic when artwork download fails or is superseded","/Users/melboonchan/Master/Projects/YTM/kaset/Sources/Kaset/Views/AccentBackground.swift","P2","Tested — Pass","Static audit + unit/VM tests; live-app smoke; UI tests in CI","Pass","","","N/A","Offline / image-404 path."
"XCUT-07","Cross-cutting: localization, theming/accent, accessibility, image caching, share menus","Cached async image with crossfade and downsampling","As a user, I want artwork to load quickly, fade in smoothly, and stay sharp without wasting memory so browsing feels responsive.","CachedAsyncImage fetches via ImageCache.shared.image(for:targetSize:) (default targetSize 320x320) in a .task(id: url). On success it sets the NSImage and isLoaded=true; the content image is shown with .opacity(isLoaded ? 1 : 0) and an easeIn 0.25 animation, but only when NSWorkspace accessibilityDisplayShouldReduceMotion is false (no animation under Reduce Motion). While loading or on nil url it shows the provided placeholder (the convenience init defaults to SizedProgressView, a 20x20 ProgressView). On URL change (.onChange) it resets image=nil and isLoaded=false so a new placeholder shows. If load returns nil (failure), it clears image/isLoaded and invokes the optional onFailure callback on the main actor. Task cancellation guards prevent applying stale results.","Automatic wherever artwork is displayed (home, search, library, queue, detail, player, accounts)","/Users/melboonchan/Master/Projects/YTM/kaset/Sources/Kaset/Views/CachedAsyncImage.swift; /Users/melboonchan/Master/Projects/YTM/kaset/Sources/Kaset/Utilities/ImageCache.swift","P0","Tested — Pass","Static audit + unit/VM tests; live-app smoke; UI tests in CI","Pass","","","N/A","Used by ~17 views per grep."
"XCUT-08","Cross-cutting: localization, theming/accent, accessibility, image caching, share menus","Two-tier (memory + disk) image cache","As a user, I want images I have already seen to appear instantly and persist between launches so I don't re-download artwork repeatedly.","ImageCache is an actor singleton. image(for:targetSize:) checks NSCache memory first (countLimit 200, totalCostLimit 50MB), then disk (SHA256-of-URL filename under Caches/com.melboonchan.boombox.imagecache), promoting disk hits into memory. On a miss it fetches via URLSession.shared.data, creates the image (downsampled via ImageIO CGImageSourceCreateThumbnailAtIndex to maxDimension = max(target dims)*2 for Retina when targetSize is set, else NSImage(data:)), stores it in memory with a cost (downsampled pixel bytes, or data.count when full-size), and writes the original data to disk atomically. Failed network fetches return nil and cache nothing. Disk writes trigger an async LRU eviction (by file modification date) when total disk size exceeds 200MB; eviction also runs once at init on a utility-priority task.","Automatic on any image request","/Users/melboonchan/Master/Projects/YTM/kaset/Sources/Kaset/Utilities/ImageCache.swift","P0","Fixed & retested","Static audit + unit/VM tests; live-app smoke; UI tests in CI","Pass (post-fix; 926 unit tests green; UI tests in CI)","F031(low): ImageCache memory cache is keyed by URL only, ignoring targetSize → wrong-resolution image served","low","Fixed (merged)","diskCacheSize() enumerates files summing fileSizeKey."
"XCUT-09","Cross-cutting: localization, theming/accent, accessibility, image caching, share menus","In-flight request de-duplication","As a user, I want the same image requested by multiple views at once to only download once so bandwidth and CPU aren't wasted.","ImageCache.image(for:) tracks inFlight tasks keyed by URL. If a fetch for the same URL is already running, subsequent callers await the existing Task's value instead of starting a new request. After completion the URL is removed from inFlight. clearMemoryCache() also clears inFlight.","Automatic when duplicate URLs are requested concurrently","/Users/melboonchan/Master/Projects/YTM/kaset/Sources/Kaset/Utilities/ImageCache.swift","P1","Tested — Pass","Static audit + unit/VM tests; live-app smoke; UI tests in CI","Pass","","","N/A","Important for grids that show the same artwork in multiple sections."
"XCUT-10","Cross-cutting: localization, theming/accent, accessibility, image caching, share menus","Bounded artwork prefetching","As a user scrolling Home, I want upcoming artwork to be fetched ahead of time without saturating the network so scrolling stays smooth.","HomeView prefetches up to the first 10 items' high-quality thumbnail URLs per section via ImageCache.shared.prefetch(urls:targetSize:). prefetch runs a withTaskGroup limited to maxConcurrent (default 4) fetches, skipping URLs already in the memory cache, and supports cooperative cancellation — when the SwiftUI .task is cancelled (view disappears or id changes) the group stops launching new work (guard !Task.isCancelled) and in-progress fetches are cancelled.","Automatic on Home view section appearance","/Users/melboonchan/Master/Projects/YTM/kaset/Sources/Kaset/Utilities/ImageCache.swift; /Users/melboonchan/Master/Projects/YTM/kaset/Sources/Kaset/Views/HomeView.swift","P2","Tested — Pass","Static audit + unit/VM tests; live-app smoke; UI tests in CI","Pass","","","N/A","maxConcurrentPrefetch = 4."
"XCUT-11","Cross-cutting: localization, theming/accent, accessibility, image caching, share menus","Memory-pressure cache eviction","As a user, I want the app to free image memory automatically when the system is under pressure so it stays responsive and avoids being killed.","On ImageCache init a DispatchSource memory-pressure source (warning + critical, main queue) is created and resumed; on each event it dispatches an async Task to clearMemoryCache(), which removes all NSCache objects and clears inFlight. The source is retained in a static property to prevent deallocation. The disk cache is untouched by memory pressure (only the 200MB LRU limit governs disk).","Automatic on system memory pressure notifications","/Users/melboonchan/Master/Projects/YTM/kaset/Sources/Kaset/Utilities/ImageCache.swift","P2","Tested — Pass","Static audit + unit/VM tests; live-app smoke; UI tests in CI","Pass","","","N/A","Side effect only; not directly user-triggered."
"XCUT-12","Cross-cutting: localization, theming/accent, accessibility, image caching, share menus","View and clear image disk cache","As a user, I want to see how much disk space cached images use and clear them so I can reclaim space.","GeneralSettingsView shows an 'Image Cache' row whose caption displays the current size; on .task it calls ImageCache.shared.diskCacheSize() and formats it via ByteCountFormatter (.file). The caption initially reads 'Calculating...'. A trailing button reads 'Clear Cache' (or 'Clearing...' and is .disabled while clearing). Tapping it sets isClearing=true, awaits ImageCache.shared.clearAllCaches() (removes the disk cache directory and recreates it, and clears memory + inFlight), refreshes the displayed size, then re-enables the button.","Settings window > General > Image Cache > 'Clear Cache' button","/Users/melboonchan/Master/Projects/YTM/kaset/Sources/Kaset/Views/GeneralSettingsView.swift; /Users/melboonchan/Master/Projects/YTM/kaset/Sources/Kaset/Utilities/ImageCache.swift","P1","Tested — Pass","Static audit + unit/VM tests; live-app smoke; UI tests in CI","Pass","","","N/A","clearAllCaches is destructive of both tiers."
"XCUT-13","Cross-cutting: localization, theming/accent, accessibility, image caching, share menus","Song thumbnail with YouTube fallback","As a user, I want a song's artwork to still appear via YouTube's public thumbnail when the API-provided image is missing or fails so rows are never blank.","SongThumbnailView displays the song's high-quality thumbnail (primaryURL = thumbnailURL.highQualityThumbnailURL) sized to `size` (default 48) with cornerRadius (default 6), filled aspectFit. If the primary URL load fails (and a distinct fallbackURL exists), the onFailure handler records the failed primary key (videoId+url) so the view switches to the YouTube fallback (https://i.ytimg.com/vi/<videoId>/hqdefault.jpg) on the next render. activeURL logic: show fallback only when the exact failed primary key matches; otherwise primary ?? fallback. While loading or with no URL it shows a quaternary-filled Rectangle with a centered 'music.note' SF Symbol placeholder. The failure handler is only armed when the currently-shown URL is the primary and a primaryFailureKey exists (primary != fallback and both non-nil).","Automatic in song rows / lists across the app","/Users/melboonchan/Master/Projects/YTM/kaset/Sources/Kaset/Views/SharedViews/SongThumbnailView.swift; /Users/melboonchan/Master/Projects/YTM/kaset/Sources/Kaset/Models/Song.swift; /Users/melboonchan/Master/Projects/YTM/kaset/Sources/Kaset/Utilities/Extensions.swift","P1","Tested — Pass","Static audit + unit/VM tests; live-app smoke; UI tests in CI","Pass","","","N/A","highQualityThumbnailURL upgrades w60-h60/w120-h120 to w226-h226 only for ytimg.com/googleusercontent.com hosts; other hosts returned unchanged."
"XCUT-14","Cross-cutting: localization, theming/accent, accessibility, image caching, share menus","Share content via native macOS share sheet (SwiftUI context menus)","As a user, I want to share songs, albums, playlists, artists, and podcasts from their context menus so I can send links via Messages, Mail, AirDrop, etc.","ShareContextMenu.menuItem(for:) renders a 'Share' Button with the 'square.and.arrow.up' SF Symbol, but only when the item has a non-nil shareURL. Tapping it calls showSharePicker(for:url), which creates an NSSharingServicePicker over the item URL and presents it anchored at the current mouse location: it finds the visible window under the mouse, converts to view coordinates via hitTest, and shows the picker preferredEdge .minY; if no window is under the mouse it falls back to the key window's contentView. There are typed overloads for Song, Playlist, Album, Artist, PodcastShow, plus dispatchers for HomeSectionItem, SearchResultItem, and FavoriteItem that route to the right overload. Items with no shareURL render nothing (no Share entry).","Right-click / context menu on items in Home, Search, Library, Liked Music, History, Playlist detail, Artist detail, Top Songs, Queue, Favorites","/Users/melboonchan/Master/Projects/YTM/kaset/Sources/Kaset/Views/SharedViews/ShareContextMenu.swift; /Users/melboonchan/Master/Projects/YTM/kaset/Sources/Kaset/Services/ShareService.swift","P0","Tested — Pass","Static audit + unit/VM tests; live-app smoke; UI tests in CI","Pass","","","N/A","Used in 16 call sites per grep."
"XCUT-15","Cross-cutting: localization, theming/accent, accessibility, image caching, share menus","Share from AppKit queue side panel","As a user, I want to share the current/queued song from the queue side panel's right-click menu so sharing works even in the AppKit-backed queue.","QueueSidePanelView builds an NSMenu for each queue row; it adds a 'Share' NSMenuItem (square.and.arrow.up image) only when song.shareURL != nil. Selecting it routes through Coordinator.contextMenuShare, which reads the song's shareURL and calls ShareContextMenu.showSharePicker(for:) under MainActor.assumeIsolated, presenting the native picker at the mouse location. The static showSharePicker is explicitly exposed for AppKit menus that cannot use the SwiftUI menuItem.","Right-click a song in the queue side panel > Share","/Users/melboonchan/Master/Projects/YTM/kaset/Sources/Kaset/Views/QueueSidePanelView.swift; /Users/melboonchan/Master/Projects/YTM/kaset/Sources/Kaset/Views/SharedViews/ShareContextMenu.swift","P1","Tested — Pass","Static audit + unit/VM tests; live-app smoke; UI tests in CI","Pass","","","N/A","Same picker-positioning logic as SwiftUI path."
"XCUT-16","Cross-cutting: localization, theming/accent, accessibility, image caching, share menus","Per-type shareable URL construction","As a user, I want shared links to point to the correct YouTube Music page for each item type, and items that aren't linkable to simply not offer sharing.","Shareable defines shareTitle, shareSubtitle, shareURL and a derived shareText ('Title by Subtitle' or just 'Title'). Song.shareURL = music.youtube.com/watch?v=<percent-encoded videoId>; Playlist.shareURL = .../playlist?list=<id>; Album.shareURL = .../browse/<id> but only when album.hasNavigableId (MPRE/OLAK), else nil; Artist.shareURL = .../channel/<publicChannelId> only when a publicChannelId exists, else nil; PodcastShow.shareURL = .../browse/<id> only when hasNavigableId (MPSPP). All ids are percent-encoded (urlQueryAllowed for song/playlist; urlPathAllowed for album/artist/podcast) and return nil if encoding fails. Artist shareSubtitle is nil; song/album use artistsDisplay; playlist/podcast use author.","Backing logic for all Share menu items","/Users/melboonchan/Master/Projects/YTM/kaset/Sources/Kaset/Services/ShareService.swift","P1","Tested — Pass","Static audit + unit/VM tests; live-app smoke; UI tests in CI","Pass","","","N/A","Determines which items show a Share entry at all."
"XCUT-17","Cross-cutting: localization, theming/accent, accessibility, image caching, share menus","Reusable error state with retry","As a user, I want a clear, consistent error screen with a retry button when content fails to load so I can recover without leaving the page.","ErrorView renders a native ContentUnavailableView: a Label titled with `title` (default 'Unable to load content') and 'exclamationmark.triangle' icon, the `message` as description, and — only when isRetryable AND a retryAction is provided — a 'Try Again' Button with .glassProminent style that invokes the action. It can be built from explicit title/message/isRetryable or from a LoadingError (which maps YTMusicError to userFriendlyTitle/Message/isRetryable, NSURLErrorDomain to 'Connection Error' / 'Unable to connect. Please check your internet connection.' (retryable), and other errors to 'Error' + localizedDescription (retryable)). Non-retryable errors hide the button.","Automatic when a screen's ViewModel enters .error state (Home, Search, Library, Explore, etc.)","/Users/melboonchan/Master/Projects/YTM/kaset/Sources/Kaset/Views/SharedViews/ErrorView.swift; /Users/melboonchan/Master/Projects/YTM/kaset/Sources/Kaset/Models/LoadingState.swift","P0","Tested — Pass","Static audit + unit/VM tests; live-app smoke; UI tests in CI","Pass","","","N/A","Drives the offline/auth/error UX consistently across many screens."
"XCUT-18","Cross-cutting: localization, theming/accent, accessibility, image caching, share menus","Reusable loading view (spinner or skeleton)","As a user, I want a consistent loading indicator — either a labeled spinner or skeleton placeholders — so I know content is on the way.","LoadingView shows either a centered spinnerContent (FixedProgressView regular size + secondary-styled message text, default 'Loading...') or, when showSkeleton is true, a ScrollView of `skeletonSectionCount` (default 3) SkeletonSectionView placeholders with padding. FixedProgressView wraps ProgressView with an explicit frame sized per ControlSize (mini 12 … extraLarge 32, scaled) to avoid AppKit Auto Layout constraint warnings. HomeLoadingView is a specialized variant showing 4 SkeletonSectionView with staggered .fadeIn(delay: index*0.1).","Automatic when a screen's ViewModel is in .loading state","/Users/melboonchan/Master/Projects/YTM/kaset/Sources/Kaset/Views/SharedViews/LoadingView.swift; /Users/melboonchan/Master/Projects/YTM/kaset/Sources/Kaset/Views/SharedViews/SkeletonView.swift","P0","Tested — Pass","Static audit + unit/VM tests; live-app smoke; UI tests in CI","Pass","","","N/A","FixedProgressView/SizedProgressView exist specifically to suppress layout warnings."
"XCUT-19","Cross-cutting: localization, theming/accent, accessibility, image caching, share menus","Skeleton shimmer placeholders with reduced-motion support","As a user, I want skeleton placeholders that animate a subtle shimmer (or stay static if I've enabled Reduce Motion) so loading feels alive without being distracting or inaccessible.","SkeletonView fills a Rectangle/Circle/Capsule with .quaternary and overlays a shimmer. When NSWorkspace accessibilityDisplayShouldReduceMotion is false it uses a TimelineView(.animation) computing progress from elapsed time mod 1.5s to slide a 3-stop primary-opacity LinearGradient horizontally; when Reduce Motion is on it uses a static primary.opacity(0.1) fill. Convenience builders: rectangle(cornerRadius:), circle, capsule. Composite placeholders: SkeletonCardView (thumbnail + 2 text bars), SkeletonRowView (optional thumbnail + 2 text bars + trailing duration bar), SkeletonSectionView (title bar + horizontal scroll of cards, default 5 cards 160x160).","Automatic inside skeleton loading states","/Users/melboonchan/Master/Projects/YTM/kaset/Sources/Kaset/Views/SharedViews/SkeletonView.swift","P1","Tested — Pass","Static audit + unit/VM tests; live-app smoke; UI tests in CI","Pass","","","N/A","Reduce-motion respected here and in CachedAsyncImage."
"XCUT-20","Cross-cutting: localization, theming/accent, accessibility, image caching, share menus","Transient toast notifications","As a user, I want brief toast messages for transient info or errors so I get feedback without modal interruptions.","ToastView (Liquid Glass: GlassEffectContainer + .glassEffect with .materialize transition) shows an icon ('exclamationmark.triangle.fill' red for errors, 'info.circle.fill' blue for info), a message (max 2 lines), and, if onDismiss is provided, a plain xmark Button labeled 'Dismiss' for accessibility. It has a min/max width (250–400) and a soft shadow, and exposes AccessibilityID.Toast.container.","Overlay anchored at top of MainWindow / call sites that present a toast","/Users/melboonchan/Master/Projects/YTM/kaset/Sources/Kaset/Views/ToastView.swift","P1","Tested — Pass","Static audit + unit/VM tests; live-app smoke; UI tests in CI","Pass","","","N/A","Generic component; AccountErrorToast is the concrete consumer (next story)."
"XCUT-21","Cross-cutting: localization, theming/accent, accessibility, image caching, share menus","Account error toast with auto-dismiss","As a user switching or loading accounts, I want an automatic error toast when something fails so I know an account action didn't succeed.","AccountErrorToast observes AccountService.errorSequence; when it changes and lastError != nil it shows a top-edge slide+opacity ToastView (spring 0.3 animation). The message is the YTMusicError.localizedDescription if applicable, else 'Failed to load accounts. Please try again.' when lastErrorWasFetch, else 'Failed to switch account. Please try again.' On show it schedules a 4-second auto-dismiss Task (cancelling any prior one). Dismiss (auto, or via the toast's X) hides the toast, calls accountService.clearError(), and cancels the dismiss task.","Automatic when an AccountService error is published","/Users/melboonchan/Master/Projects/YTM/kaset/Sources/Kaset/Views/ToastView.swift","P1","Tested — Pass","Static audit + unit/VM tests; live-app smoke; UI tests in CI","Pass","","","N/A","Auto-dismiss 4s; uses errorSequence to retrigger even for repeated identical errors."
"XCUT-22","Cross-cutting: localization, theming/accent, accessibility, image caching, share menus","Haptic feedback (Force Touch) with preference and accessibility gating","As a user on a Force Touch trackpad, I want tactile feedback for playback, toggles, navigation, and success/error actions, and I want to disable it if I prefer.","HapticService.perform(type) maps FeedbackType (playbackAction/success/error -> .generic, toggle/navigation -> .alignment, sliderBoundary -> .levelChange) to NSHapticFeedbackManager.defaultPerformer at .now. It only fires when SettingsManager.shared.hapticFeedbackEnabled is true AND NSWorkspace accessibilityDisplayShouldReduceMotion is false; otherwise it logs a debug skip and does nothing. Convenience methods: playback(), toggle(), sliderBoundary(), navigation(), success(), error(). The 'Haptic Feedback' Toggle in GeneralSettingsView controls hapticFeedbackEnabled (persisted to UserDefaults) with help 'Provide tactile feedback for actions on Force Touch trackpads'.","Settings toggle plus automatic feedback in player/sidebar/sliders/card interactions","/Users/melboonchan/Master/Projects/YTM/kaset/Sources/Kaset/Services/HapticService.swift; /Users/melboonchan/Master/Projects/YTM/kaset/Sources/Kaset/Views/GeneralSettingsView.swift; /Users/melboonchan/Master/Projects/YTM/kaset/Sources/Kaset/Services/SettingsManager.swift","P1","Tested — Pass","Static audit + unit/VM tests; live-app smoke; UI tests in CI","Pass","","","N/A","Consumers include PlayerBar, Sidebar, sliders, InteractiveCardStyle, MenuBarPlayerView, NowPlayingSidebarPanel, side-panel swipe modifier."
"XCUT-23","Cross-cutting: localization, theming/accent, accessibility, image caching, share menus","Centralized accessibility identifiers for UI testing","As a QA engineer / VoiceOver-adjacent test author, I want stable accessibility identifiers across the app so UI automation can reliably target controls.","AccessibilityID is an enum namespace grouping identifiers per surface (Sidebar, PlayerBar, Queue, Home, Search, Library, PlaylistDetail, Onboarding, MainWindow, Explore, LikedMusic, History, Toast). It provides static string constants and parameterized helpers (e.g. Queue.row(index:), Home.item(sectionIndex:itemIndex:), Search.suggestion(index:), Search.filterChip(_:), PlaylistDetail.trackRow(index:)). Views apply these via .accessibilityIdentifier so controls (buttons, sliders, lists, empty/loading/error states) are addressable in tests; ToastView extends AccessibilityID with Toast.container.","Applied throughout views; consumed by KasetUITests","/Users/melboonchan/Master/Projects/YTM/kaset/Sources/Kaset/Utilities/AccessibilityIdentifiers.swift; /Users/melboonchan/Master/Projects/YTM/kaset/Sources/Kaset/Views/ToastView.swift","P2","Tested — Pass","Static audit + unit/VM tests; live-app smoke; UI tests in CI","Pass","","","N/A","Infrastructure for testability; not a runtime user feature but cross-cutting."
"XCUT-24","Cross-cutting: localization, theming/accent, accessibility, image caching, share menus","Like/Dislike context menu actions","As a user, I want to like, unlike, dislike, or remove a dislike on a song from its context menu so I can rate music quickly anywhere it appears.","LikeDislikeContextMenu shows context-aware entries: if the song is already liked it shows only 'Unlike' (hand.thumbsup.fill) which calls SongActionsHelper.unlikeSong; otherwise it shows 'Like' (hand.thumbsup) and either 'Remove Dislike' (hand.thumbsdown.fill) when currently disliked or 'Dislike' (hand.thumbsdown) when not. Each helper reads likeStatusManager.activeAccountID and performs the rating change asynchronously via SongLikeStatusManager (like/unlike/dislike/undislike), scoped to the active account. These do not start playback.","Right-click / context menu on songs across the app","/Users/melboonchan/Master/Projects/YTM/kaset/Sources/Kaset/Views/SharedViews/SongActionsHelper.swift","P1","Tested — Pass","Static audit + unit/VM tests; live-app smoke; UI tests in CI","Pass","","","N/A","State-dependent menu construction; per-account rating."
"XCUT-25","Cross-cutting: localization, theming/accent, accessibility, image caching, share menus","Add-to-queue context menu actions","As a user, I want 'Play Next' and 'Add to Queue' from a song's context menu so I can build my queue without interrupting the current track.","AddToQueueContextMenu shows 'Play Next' (text.insert) -> SongActionsHelper.addToQueueNext (playerService.insertNextInQueue([song])) and 'Add to Queue' (text.append) -> addToQueueLast (playerService.appendToQueue([song])); both log via DiagnosticsLogger. Bulk helpers addSongsToQueueNext/Last clean artist names (drop literal 'Album'/'Album, ' prefixes, map empty 'Album' fallback to 'Unknown Artist', extract artist after 'Album,'), apply fallbackArtist/fallbackAlbum and fallback thumbnails, and skip empty arrays. Album helpers (addAlbumToQueueNext/Last, playAlbum) fetch tracks via client.getPlaylist(id:), clean artists/album metadata, fill missing thumbnails from the album cover, and insert/append or playQueue(startingAt:0); failures are logged and no-op.","Right-click / context menu on songs (and album action helpers)","/Users/melboonchan/Master/Projects/YTM/kaset/Sources/Kaset/Views/SharedViews/SongActionsHelper.swift","P1","Tested — Pass","Static audit + unit/VM tests; live-app smoke; UI tests in CI","Pass","","","N/A","playAlbum replaces the queue; addAlbum* preserve it."
"XCUT-26","Cross-cutting: localization, theming/accent, accessibility, image caching, share menus","Library add/remove with optimistic UI and backend reconciliation","As a user, I want adding or removing playlists, podcasts, and artists from my library to feel instant and self-correct if the backend lags so my library stays accurate.","SongActionsHelper performs optimistic local updates then verifies against the backend. addPlaylistToLibrary/removePlaylistFromLibrary subscribe/unsubscribe via the client, invalidate caches (APICache 'browse:' + URLCache.removeAllCachedResponses), mark the library for reload, update LibraryViewModel optimistically, wait ~500ms, refresh, and re-apply if the state didn't stick; failures are logged. Podcast subscribe/unsubscribe mirror this and rethrow on failure. Artist subscribe/unsubscribe apply optimistic add/remove immediately, call the client, then on success schedule scheduleArtistLibraryReconciliation (retry delays [2s,3s]) that refreshes, checks needsArtistLibraryReconciliation across artist id aliases (channelId, artist.id, publicChannelId), and re-applies optimistic state until convergence; on client failure they revert the optimistic change and rethrow. addToLibrary(song:) plays the song, waits 100ms, then toggles library status (because the toggle operates on the current track).","Add/Remove library context menu and buttons across detail/library views","/Users/melboonchan/Master/Projects/YTM/kaset/Sources/Kaset/Views/SharedViews/SongActionsHelper.swift","P1","Fixed & retested","Static audit + unit/VM tests; live-app smoke; UI tests in CI","Pass (post-fix; 926 unit tests green; UI tests in CI)","F022(medium): ""Add to Library"" on a song force-plays that song, hijacking current playback","medium","Fixed (merged)","Reconciliation tasks are keyed/cancellable; cache invalidation is the cross-cutting side effect."
